arm,burden_stratum,n_scenarios,mean_regret_gain_vs_M0,CI_low,CI_high
BG,low,45,-0.6391989218633077,-3.1827067300549357,1.4321545856807982
BG,mid,91,0.16471788691034395,-2.844208223545946,3.647568082874375
BG,high,44,-11.991957707033128,-22.080241070223842,-3.8289733934915615
BR,low,45,0.5826942404783618,-0.27666620973866907,1.45535017818722
BR,mid,91,1.4896426636928952,0.4892767051729036,2.5670643896013554
BR,high,44,1.2619286231969753,-0.2145417559088898,2.878518908070327
BT,low,45,1.7468317009036798,-0.9368231601701051,5.047827629831406
BT,mid,91,3.3897121199161555,0.4645041764707834,7.612769885425271
BT,high,44,5.89604029234467,2.4506159313128992,9.895600918782698
BS,low,45,0.7104839037908701,-1.1629331847542141,3.119158536579332
BS,mid,91,0.6094288039404211,-0.20045005696278537,1.5595717190989629
BS,high,44,0.17227313855055157,-1.079366650986853,1.3473859884088681
BFULL,low,45,1.42965990186112,-0.6665537691677393,3.6354690018692386
BFULL,mid,91,1.1401073042084677,-0.8786757650156137,3.3484427311747913
BFULL,high,44,-2.494575443890454,-8.45633923473106,3.688049565283326
