scenario_uid,burden,stratum,gain_BG,gain_BR,gain_BT,gain_BS,gain_BFULL
nw_dual_val_001,0.02666666666666667,low,1.361218145474712,-0.17202856953092827,0.4750956751711739,-0.1638483021549355,0.44852727997234343
nw_dual_val_002,0.13513513513513514,mid,0.596174184767293,-0.8413106848508287,1.0310433248470212,-3.009949823154801,0.6956741247544134
nw_dual_val_003,0.21333333333333335,high,-0.02673795498905296,-0.48892655651185746,0.3860668523073655,0.2688606860772048,0.585113888189309
nw_dual_val_004,0.075,low,1.4197482320432042,-0.984207484284767,1.7208157981490644,1.1180082333725998,1.7263574611944517
nw_dual_val_005,0.2597402597402597,high,-0.8403561939698561,0.42927125922850884,1.6577386886939343,-0.23197045062720223,0.8644669795834907
nw_dual_val_006,0.05194805194805195,low,0.40068344940052714,0.287802223405516,1.1977364263002017,1.239365072832094,1.2137810716439337
nw_dual_val_007,0.1282051282051282,mid,-0.5463910365434201,0.05588889521583462,-0.673849573659947,0.058412113329397775,-1.1038465135850073
nw_dual_val_008,0.10666666666666667,mid,0.8566336523266241,-0.19176096439870993,1.2039640628183452,0.4924334033554243,1.1390700458016305
nw_dual_val_009,0.13513513513513514,mid,-0.3297177856844309,-1.6212028863311776,1.370593150682109,-0.43715232714765273,2.4699298065686106
nw_dual_val_010,0.15789473684210525,mid,0.031107764455130416,-2.0558773027478154,-0.13815255086791434,-0.10359645858814692,-0.1461637476923875
nw_dual_val_011,0.06666666666666667,low,-0.6394502622046505,0.15077800268884217,-0.29708233752025703,0.16833045111111622,-0.0327996295508729
nw_dual_val_012,0.21621621621621623,high,1.6329463474771169,2.2483574564627,2.263034119982849,2.85532217794935,0.5064816217813628
nw_dual_val_013,0.22666666666666666,high,0.21477797088764783,1.750481231794783,3.578912790673692,-0.9091311871962491,3.5378285022245137
nw_dual_val_014,0.1038961038961039,mid,0.449819519185356,0.16810501114206144,0.37214877388416,0.398777069626329,-0.47798879545230344
nw_dual_val_015,0.09210526315789473,low,-0.19906514098471462,0.8509092935955129,1.3950619387257899,-0.05418417032141365,0.6251672177770875
nw_dual_val_016,0.25,high,-0.8810975946939487,-0.09148455845556691,-0.4394347140944118,0.18031206419294055,0.22659739116390204
nw_dual_val_017,0.06756756756756757,low,-0.32687847384602,0.17513397940245223,0.22932465334448537,0.09254622374755672,0.21042807118240114
nw_dual_val_018,0.039473684210526314,low,0.29928888786093566,0.9095946823008152,5.596921040826348,-0.5115416549859884,5.768615191187622
nw_dual_val_019,0.05333333333333334,low,-0.5939331045063091,0.1261424141675617,-0.28950400610413074,0.04194022343927922,-0.09627775143057121
nw_dual_val_020,0.06578947368421052,low,1.1122873473356216,1.1578551818145368,1.2974875981326623,0.9348942111395147,1.2088172096310796
nw_dual_val_021,0.14666666666666667,mid,1.3330301713145558,-0.2823885893717266,0.32466151728197534,-0.22005942035635773,1.49708773947221
nw_dual_val_022,0.10666666666666667,mid,-1.0447019522548135,-1.347582966438545,0.12284657525606923,-0.33326425609758625,-0.16697301163309564
nw_dual_val_023,0.1232876712328767,mid,-0.31160863288759655,0.12276823510438994,0.21033184517690157,0.29779401920415444,-0.004811389109173558
nw_dual_val_024,0.06756756756756757,low,0.19756516852321115,0.23448173770223074,0.13461171932305271,0.15634818623775015,0.1494669818993034
nw_dual_val_025,0.11538461538461539,mid,-1.0121870480239596,0.09248611916243499,-0.8173635089939868,-0.5981232056472305,-0.2875152661109489
nw_dual_val_026,0.19736842105263158,high,3.950137563713602,-0.5594890989006522,4.3111112090710435,1.765672917555336,3.3472163091043963
nw_dual_val_027,0.16883116883116883,mid,0.675220520824996,0.4751897381839445,0.9135845880393384,0.9057407539951974,0.3640537572907674
nw_dual_val_028,0.12987012987012986,mid,0.15572988183247816,-0.43775716844300716,0.11359978834773732,-0.8900832217276254,0.277517647822146
nw_dual_val_029,0.15584415584415584,mid,2.0069854338585253,1.2332378653633291,2.359079536755745,1.0221366825753222,2.233568441390858
nw_dual_val_030,0.13333333333333333,mid,-0.021875584372584633,-0.09207839005305091,-0.4888753385521573,0.04942139886462371,0.05666435740536119
nw_dual_val_031,0.17333333333333334,mid,0.5832134925302574,0.050734351847180115,0.7229649257954718,0.41838537479403226,1.639154193771052
nw_dual_val_032,0.06493506493506493,low,4.892434421675585,-2.2587194789591667,4.824448281883507,0.1300377569368969,5.943682432266174
nw_dual_val_033,0.2077922077922078,high,-2.2307387243163044,-0.2893164581799459,-3.143409223877045,-1.355809702114594,-2.6356769613654674
nw_dual_val_034,0.1038961038961039,mid,-1.3103168611979168,-1.6351022250653295,-0.30181521712529813,-0.8893845439442656,-0.30116032564474515
nw_dual_val_035,0.09090909090909091,low,-1.0502762767943206,0.2343272175644903,-0.1978679876933898,-0.2668881246516179,0.1710180510885922
nw_dual_val_036,0.14473684210526316,mid,2.884110735890671,1.0207716387144847,3.1979232310662806,2.234504340432074,3.0600175292734266
nw_dual_val_037,0.12987012987012986,mid,-1.267083585798129,0.8101685590156285,1.9496206868323425,1.718875976421263,1.2096239591711986
nw_dual_val_038,0.12,mid,0.9013386843730804,0.04919673714117989,1.2738779659179547,1.2570106634400258,1.1547228659822197
nw_dual_val_039,0.09333333333333334,low,-2.6618181306496513,-2.0822008767140616,0.6878967972428915,-1.8904227306654222,1.0991042679406189
nw_dual_val_040,0.12658227848101267,mid,0.5914075348778265,-0.9170633537167954,-0.5491372482036188,-0.5380599689111898,0.366300151079642
nw_dual_val_041,0.07692307692307693,low,-0.16584436611916029,-0.8856834758433323,-0.6863907686724691,-0.891144950603419,-0.17342410405062
nw_dual_val_042,0.11688311688311688,mid,-2.339530870314972,-1.6428567400916738,-0.7481600957736658,0.250959864143016,-1.0473643761748574
nw_dual_val_043,0.03896103896103896,low,-0.4135013421391325,0.632709729246434,0.08291105902482898,0.021903738018226315,0.10544702697974606
nw_dual_val_044,0.06329113924050633,low,-0.4207524974521326,-3.530962624670511,0.16687980587729934,-0.26563936239787767,0.1924461975439944
nw_dual_val_045,0.12,mid,-0.2988780382782976,-0.0704731477053406,-0.592346572481325,-0.8741660165206943,-0.37702951367578996
nw_dual_val_046,0.06493506493506493,low,-1.3209174292926498,0.02897255827865519,0.07430073711568941,-1.1750656861572855,-0.3262573887184341
nw_dual_val_047,0.11688311688311688,mid,-0.5199980510508504,-0.3197428337390416,-0.2589504729861937,-0.36633397840024345,-0.23243900776288956
nw_dual_val_048,0.02631578947368421,low,-1.8695361732997962,0.025219988084411726,0.5958049796958843,-0.20157292250441317,-0.12987217018085828
nw_dual_val_049,0.13513513513513514,mid,0.06247750482576864,-0.2911799642380877,1.5670682352688627,-0.42695020505308845,1.624125802759354
nw_dual_val_050,0.012987012987012988,low,0.7211902991748735,0.6379669265152554,0.8076657778965988,0.5005883969036623,0.8853190380239913
nw_dual_val_051,0.11688311688311688,mid,-0.26293385388342716,-2.158135280019015,-0.3498430493861596,-2.1105538427438937,-0.758122691571103
nw_dual_val_052,0.02702702702702703,low,0.4282415225125098,-0.08841200387998571,0.149133256344831,-0.001832457016897937,-0.15052011322509673
nw_dual_val_053,0.09090909090909091,low,0.31974218640629204,-0.4995098130872979,0.49296587223887717,-0.09965509537314365,0.5512949469457233
nw_dual_val_054,0.18181818181818182,mid,0.12717459735989978,-0.1340895446160213,0.20323580671441188,0.48321251229706685,-1.9094790754252056
nw_dual_val_055,0.0,low,-0.08442358849099318,-0.11443334603441113,-0.019540504419517046,0.11007082174351634,0.09968229463385736
nw_dual_val_056,0.23076923076923078,high,2.062270109825001,0.5146205055329922,0.33985384711001565,-0.14199006159301408,0.13050260738022157
nw_dual_val_057,0.07692307692307693,low,-0.03979379896563073,-0.4503139223336363,0.4742261491979449,-0.9289120478943897,0.4873213864810293
nw_dual_val_058,0.07792207792207792,low,-3.5151130460386613,-0.08926649010570575,0.34390773407375536,-0.45567555851526775,0.5069592964867338
nw_dual_val_059,0.0684931506849315,low,-0.7953198943901405,0.25814760435867823,0.23814771864223694,0.34048680527932346,0.5376969002705541
nw_dual_val_060,0.039473684210526314,low,-0.7527475362577185,-0.5829630976061151,-0.26605970628090625,-0.16094768401551263,0.3672109153095825
nw_retrain_0006_none_easy_seed20251432,0.2236842105263158,high,-14.046304348071775,-11.992048575662604,-1.1652824416622378,0.15641687811326577,-1.7123330580720486
nw_retrain_0010_crossing_moderate_seed20251824,0.2236842105263158,high,-16.633235334913106,1.7754291319024311,14.13660483039306,1.1342864462944426,-11.316585106292063
nw_retrain_0014_vertically_overlapping_hard_seed20252216,0.15789473684210525,mid,1.4686182573948008,-0.5318139970051874,-0.2150989746027685,-0.3145843399576487,0.44885778398224474
nw_retrain_0016_vertically_overlapping_easy_seed20252543,0.0958904109589041,mid,-1.0222007908326614,4.405909343522966,1.1334927895053752,-1.4372027201829383,-1.1570308748714293
nw_retrain_0017_approximately_parallel_moderate_seed20252641,0.22666666666666666,high,-10.884056888788635,10.187046260571297,9.134772158715409,4.096745106297099,6.563035628291216
nw_retrain_0023_crossing_easy_seed20253098,0.039473684210526314,low,2.763796912813426,-0.46826195604184484,3.237481732412344,0.31181892097223773,1.588990666909428
nw_retrain_0024_converging_hard_seed20253196,0.2727272727272727,high,-13.0183049405547,1.7076171681330266,39.470455241711484,0.3951329494153626,34.109408537603834
nw_retrain_0061_vertically_overlapping_moderate_seed20257346,0.11842105263157894,mid,-0.8310525218351481,0.16214075694671592,-2.146385296785722,0.23836060600457865,-5.548159705645299
nw_retrain_0068_crossing_easy_seed20257639,0.14864864864864866,mid,5.442912182706649,0.9125533175464451,2.3103837423609335,-1.1937790398851398,1.181551118552795
nw_retrain_0077_none_easy_seed20258521,0.22666666666666666,high,-0.16755185130818884,1.992811105701096,-0.5557700728521349,-0.8596226869628341,-29.745838019209323
nw_retrain_0078_converging_easy_seed20258488,0.013333333333333334,low,19.455095787107552,12.907619840525456,61.74121625556028,47.70673567551917,36.65577503024333
nw_retrain_0086_vertically_overlapping_hard_seed20259272,0.08,low,4.840040492054735,0.40755780349826676,-2.3823152897661783,-1.211674754546526,1.6136116929788047
nw_retrain_0089_none_easy_seed20259828,0.19230769230769232,high,-27.04728979336551,-1.7981797861346056,4.264170667432112,3.5568739615248663,2.3131977189781487
nw_retrain_0091_approximately_parallel_moderate_seed20259762,0.14666666666666667,mid,-13.613955977043446,14.043364071726744,12.426769350840887,-0.7830446987265987,-3.586230138190846
nw_retrain_0095_crossing_easy_seed20260285,0.11842105263157894,mid,8.653848992115662,1.7973527634541924,12.724745071199461,5.921219888295761,0.17535451770003618
nw_retrain_0099_vertically_overlapping_easy_seed20260677,0.10666666666666667,mid,5.472323480845803,4.734280682052404,1.9639373770084259,1.8274913973608964,6.420921347959812
nw_retrain_0103_approximately_parallel_easy_seed20260938,0.13333333333333333,mid,-0.522221441512535,-1.2776585789403963,-0.16802345722990308,-0.6615660927495701,-1.06785569231901
nw_retrain_0109_vertically_overlapping_easy_seed20261526,0.18421052631578946,mid,2.9420715553297345,0.8133386696486404,11.900303807043397,1.0655130703069435,14.000092578991598
nw_retrain_0110_none_easy_seed20261624,0.2602739726027397,high,2.476294857753134,2.898381239648381,2.360750590265725,3.2460577010353875,5.3512451095015265
nw_retrain_0119_converging_moderate_seed20262637,0.21333333333333335,high,-3.85015152884597,0.2200289742683168,29.392941770448743,2.749782032811055,38.0961393791059
nw_retrain_0121_vertically_overlapping_moderate_seed20262702,0.14666666666666667,mid,-0.12251778583472106,0.10754302088261669,0.29482833688608867,0.7504606342743207,0.26825387245018106
nw_retrain_0122_vertically_overlapping_easy_seed20262800,0.17105263157894737,mid,-29.349109360078664,-1.5086207215681426,29.928644205382,-2.5305226432256376,-3.01504040348982
nw_retrain_0133_vertically_overlapping_moderate_seed20264009,0.22666666666666666,high,-0.5245128326915065,1.238569877547672,9.048256777294563,-13.15291507419019,-1.3986804096809706
nw_retrain_0134_crossing_moderate_seed20264107,0.11842105263157894,mid,1.0719529657726392,1.5325341067514158,1.8737945434008898,0.13093122400234147,-0.26722302416185517
nw_retrain_0141_crossing_easy_seed20264924,0.13333333333333333,mid,1.878777605492207,-10.94080736547474,12.087023532040803,2.5399323997832823,11.843798311457263
nw_retrain_0143_none_easy_seed20264858,0.07894736842105263,low,-4.470109797890636,2.6133404247425966,4.2808527508082115,2.892509634894888,6.897085860783083
nw_retrain_0150_crossing_easy_seed20265675,0.11842105263157894,mid,-25.159557345169052,1.0284344993477261,-1.5047128054921046,0.28816078997374106,-0.8877419885383864
nw_retrain_0151_approximately_parallel_moderate_seed20265773,0.17567567567567569,mid,0.353306381896469,0.44187730932099,0.453845150809002,-1.034111167148783,-0.4885721563619754
nw_retrain_0156_crossing_easy_seed20266132,0.2236842105263158,high,12.762957897738271,1.4845162064371777,7.881216939570052,-0.012418462554570908,7.34338461189996
nw_retrain_0158_vertically_overlapping_easy_seed20266328,0.2236842105263158,high,-8.771482213294373,8.358350129196065,1.0823205317119395,2.317940442452187,-21.04511256695797
nw_retrain_0161_none_easy_seed20266753,0.09090909090909091,low,-9.58965842607733,3.8495704641127713,-3.539432600729251,-6.22673305120791,3.875933928687804
nw_retrain_0167_approximately_parallel_easy_seed20267472,0.21333333333333335,high,-4.259126505401696,-7.780904241100984,36.39403925659789,-0.24468913344777832,66.1001430527225
nw_retrain_0171_crossing_easy_seed20267864,0.18666666666666668,high,-22.375704254709593,0.24350866949080352,-22.197577085076848,0.2308064803245906,-20.33824879920949
nw_retrain_0175_vertically_overlapping_easy_seed20267994,0.2054794520547945,high,-58.26574930798006,1.2594750144264957,5.535737201379344,1.6609857493416378,-43.58856959762582
nw_retrain_0179_none_easy_seed20268517,0.15789473684210525,mid,3.9753922162182214,5.305442540305382,16.17320671607166,9.477382517198638,22.813708179896082
nw_retrain_0181_converging_easy_seed20268582,0.24324324324324326,high,-20.411761127777307,0.5990690423257021,2.3334537953664736,2.5185061727274736,-21.10042159141096
nw_retrain_0182_crossing_moderate_seed20268680,0.0,low,0.967125464276043,0.6529074410773164,1.0407948605912465,0.36850520383294194,1.353281020621949
nw_retrain_0185_none_easy_seed20268974,0.10666666666666667,mid,-8.044582128441856,-2.2225813993877814,-6.101451326425165,-0.07097811164413059,-5.677688673504223
nw_retrain_0187_vertically_overlapping_easy_seed20269170,0.16216216216216217,mid,5.843162670594905,5.445691709117021,3.943912274314137,4.767079467843814,4.588634084027413
nw_retrain_0190_none_easy_seed20269464,0.18181818181818182,mid,0.7624624856555267,-1.0597754332005938,-45.65678791502849,0.12847063868347863,-45.91493918361559
nw_retrain_0191_approximately_parallel_easy_seed20269562,0.12,mid,-0.06031798429755075,-0.35506936349621365,0.706352878381382,-0.5185926379040053,0.07296973874054924
nw_retrain_0192_crossing_moderate_seed20269660,0.13333333333333333,mid,-9.122471790959487,0.09620729622171442,1.5582038190941678,0.13558705803542637,-1.6299685696070716
nw_retrain_0203_converging_moderate_seed20270869,0.12162162162162163,mid,-0.160114488659989,7.837026952831417,2.0526587343991967,-1.9401541451368018,5.252721532739214
nw_retrain_0204_converging_hard_seed20270836,0.18421052631578946,mid,-26.879356214285615,-0.7827478950148627,-2.1703973404496786,-6.547580126530798,0.312447861511723
nw_retrain_0214_vertically_overlapping_easy_seed20271816,0.10810810810810811,mid,-0.13588501696168387,-2.110046387286583,-2.079561955927117,-2.1036667123706017,-2.0924891595276125
nw_retrain_0221_converging_moderate_seed20272633,0.16,mid,-3.2345927844356037,2.993638933392554,4.127847993158051,-11.594203628509035,-13.08357829142475
nw_retrain_0224_crossing_easy_seed20273058,0.13513513513513514,mid,-22.51904549517425,0.1966309372104198,-0.42018241719409133,-10.866421949306929,-1.1714235392937593
nw_retrain_0233_converging_hard_seed20273809,0.1891891891891892,high,-26.031397853989453,2.896644964090683,29.985154722647824,3.223567913787214,-14.343194888668656
nw_retrain_0243_converging_hard_seed20274789,0.23376623376623376,high,-1.8002323362181656,4.278325932477479,-14.821104320330104,4.254511008263211,-13.022866523381968
nw_retrain_0248_vertically_overlapping_easy_seed20275410,0.11842105263157894,mid,-19.069566941714868,6.736366754905745,1.1954079775856528,-2.3705844883330194,1.0069552701336946
nw_retrain_0250_vertically_overlapping_hard_seed20275475,0.24358974358974358,high,0.20516664997415646,3.1315039040698087,4.400885566039548,-1.6968219581753017,2.0294829225271833
nw_retrain_0254_none_easy_seed20275736,0.19736842105263158,high,-125.24813526446606,0.96041962437033,-7.402579684246487,0.6481082356399139,-41.87978788578318
nw_retrain_0258_approximately_parallel_easy_seed20276128,0.22535211267605634,high,-3.254964424941667,-1.947478101753707,-1.9134894152586526,-1.837083195018777,-0.2519380133302809
nw_retrain_0266_none_easy_seed20276912,0.23684210526315788,high,6.200551859217107,-8.8878645634246,-8.119700537906546,-13.263632784566653,-16.01574004758939
nw_retrain_0270_approximately_parallel_easy_seed20277435,0.22666666666666666,high,2.7936419487970396,-0.6311720265498413,0.3577705540902185,-0.0294896244577032,1.5607025267980883
nw_retrain_0292_approximately_parallel_easy_seed20279460,0.16666666666666666,mid,0.21415510736160392,-1.7867554065064881,0.2277053486307561,-0.3669397051788701,-0.8177912224390556
nw_retrain_0296_converging_moderate_seed20279983,0.09333333333333334,low,-1.9937506541358725,-0.9046763099672934,-2.0457643481752434,-1.4427253996079958,-2.385039855050943
nw_retrain_0309_none_easy_seed20281257,0.20512820512820512,high,2.861215717986955,11.10646663723184,13.891544036208913,-0.18248009541675003,6.985795582833138
nw_retrain_0310_approximately_parallel_moderate_seed20281224,0.28378378378378377,high,-20.811423649232417,15.8310288919957,20.350016314034775,3.0934240452441806,-20.411149080915628
nw_retrain_0314_vertically_overlapping_moderate_seed20281747,0.14102564102564102,mid,104.90013910905779,4.721056781246517,127.40318996436471,6.308063011560591,51.79048343346955
nw_retrain_0321_crossing_easy_seed20282302,0.10666666666666667,mid,-0.29332329198715534,0.22696137993651,-8.720617657221181,-0.05062858456184571,-7.728889962171992
nw_retrain_0322_converging_moderate_seed20282662,0.14102564102564102,mid,53.54807631083873,7.802357270960059,54.28909863831458,-0.41991579259477874,10.22484486694826
nw_retrain_0323_converging_moderate_seed20282498,0.10526315789473684,mid,5.807535679806216,6.374749741354373,-30.53317839168976,4.3090365912146975,2.830571005163007
nw_retrain_0326_converging_hard_seed20282923,0.1095890410958904,mid,-1.080580077194297,0.6011914404603456,-1.1499487270009205,0.48684031530572214,-1.3546284718629882
nw_retrain_0332_crossing_moderate_seed20283380,0.21333333333333335,high,3.1134752422293683,2.560135941020805,2.4999698923019675,1.2056350026015057,0.2613470812973997
nw_retrain_0341_converging_moderate_seed20284393,0.10526315789473684,mid,15.877004403483785,11.521139718203106,13.330188906118565,7.954389664069819,9.69396872043308
nw_retrain_0344_converging_easy_seed20284556,0.19444444444444445,high,-1.5924877162364082,-0.4658331403477467,-0.8569327197886443,-1.563893101639592,-0.7508589106480121
nw_retrain_0346_vertically_overlapping_moderate_seed20285014,0.06666666666666667,low,-5.172988323461441,1.1400981631225644,1.5779566796915487,0.0032168220740720344,-4.25036166175178
nw_retrain_0359_vertically_overlapping_moderate_seed20286026,0.18666666666666668,high,3.224986025298687,7.9892250549004125,9.0746564624268,1.9616908707673986,9.002839666117612
nw_retrain_0363_vertically_overlapping_hard_seed20286418,0.17333333333333334,mid,13.044106610349727,16.019780459596348,14.462433168797002,4.235109363061291,14.59944709030966
nw_retrain_0365_none_easy_seed20286614,0.08,low,4.387975403600731,-1.5904603286266745,-1.3294997910176587,-0.9992883579859093,1.168933578689133
nw_retrain_0369_crossing_easy_seed20287006,0.14473684210526316,mid,0.6652488635837233,0.3100781721591752,1.362356831698976,-0.9193965061206879,1.334816389938231
nw_retrain_0380_none_easy_seed20288346,0.14666666666666667,mid,-7.589797785995518,2.996819717294585,-0.8820143776447829,-1.7821424823098901,3.5248858495444573
nw_retrain_0384_approximately_parallel_moderate_seed20288738,0.1891891891891892,high,26.639717513898248,1.1453528207894124,33.678619867575854,-1.292372186755415,22.67673632141117
nw_retrain_0385_crossing_hard_seed20288574,0.2,high,23.43684488011802,-1.875640600521379,12.518703541788433,-5.473081436401209,9.627663244779981
nw_retrain_0386_none_easy_seed20288803,0.17567567567567569,mid,-6.835115945223804,-10.134988802380473,-11.075671214514749,-7.281154545696691,-11.52934171903668
nw_retrain_0389_vertically_overlapping_easy_seed20289228,0.06666666666666667,low,-10.301328985836864,-1.1388864523717839,-10.008306675326086,-1.902295823256793,-7.421726983466833
nw_retrain_0392_approximately_parallel_moderate_seed20289260,0.08974358974358974,low,-41.6334643711638,-5.335352513713538,-9.42069678138006,-4.85564167875166,-13.920488923607607
nw_retrain_0404_none_easy_seed20290436,0.1038961038961039,mid,2.65084623061355,-0.08792273466211764,3.452835551075747,-0.8657317894312069,2.6858397893446733
nw_retrain_0405_vertically_overlapping_hard_seed20290534,0.1038961038961039,mid,16.772868779100577,0.06684316787185196,15.954985344098285,2.5218821126202684,17.32326155267885
nw_retrain_0408_crossing_easy_seed20291090,0.06493506493506493,low,-1.1196322053964796,-0.18158672855568936,-21.081952004115813,-15.430009803744738,-20.113840470049784
nw_retrain_0409_vertically_overlapping_easy_seed20291319,0.0958904109589041,mid,1.039028515325498,0.7556495854302065,-0.4884701157300908,-3.31265281386381,-0.394498106384753
nw_retrain_0413_vertically_overlapping_easy_seed20291842,0.17567567567567569,mid,10.649481157908841,12.03553843258038,5.858455334298224,9.698307513731194,1.3067712506124742
nw_retrain_0415_approximately_parallel_easy_seed20291645,0.0958904109589041,mid,2.869202792874506,0.8688006501233385,2.432290109514677,0.625369930904558,2.440824687149531
nw_retrain_0416_approximately_parallel_easy_seed20291743,0.23376623376623376,high,-28.48536778038898,0.12782524551901986,-2.9274381478720777,6.22770940708218,-28.855184253431705
nw_retrain_0420_converging_moderate_seed20292004,0.07894736842105263,low,4.018513285308192,3.0805824303704057,3.137245378542419,7.17625525649631,3.653766828060826
nw_retrain_0426_vertically_overlapping_hard_seed20292592,0.136986301369863,mid,-2.3891988017984875,0.9306694388938097,-1.1503567242795958,-4.446186266063252,-2.4668125953909907
nw_retrain_0431_none_easy_seed20293082,0.21333333333333335,high,17.933208181532784,15.421701104278728,23.439520515836,11.735681090927251,24.657061417979683
nw_retrain_0432_converging_moderate_seed20293311,0.2328767123287671,high,-10.6925217065705,-2.7490411126766077,-3.203466205887323,-0.8655042458996793,-10.712625788605546
nw_retrain_0436_none_easy_seed20293834,0.11688311688311688,mid,-19.19297219403767,-2.1344418756151837,-0.23747653049711026,0.8871511998400257,-16.34726502043065
nw_retrain_0437_none_easy_seed20293670,0.15789473684210525,mid,-2.680511997873804,0.8374454727200771,6.664862620712942,1.6463248860367763,-16.16441164009478
nw_retrain_0445_none_easy_seed20294454,0.11688311688311688,mid,1.5895425861524615,0.48060789846357643,0.6100450092106371,0.3401553532982158,0.10317311003393836
nw_retrain_0446_none_easy_seed20294552,0.07692307692307693,low,-0.6017255774722683,-0.9640653124660865,0.18284969668710271,-0.2095332312615037,-0.4720280901073757
nw_retrain_0453_converging_hard_seed20295238,0.18666666666666668,high,-4.111215122928549,6.160254800725186,2.793679601534272,-6.779527607567967,6.404835391061417
nw_retrain_0455_converging_easy_seed20295434,0.18181818181818182,mid,-6.353805844984958,2.9840618192026973,4.3572253273818475,2.6442307815663604,4.387037635655336
nw_retrain_0459_vertically_overlapping_moderate_seed20296088,0.11842105263157894,mid,-14.412932219014229,-3.8970233331831725,-20.155242009963892,-0.5725990058592174,5.79855802993307
nw_retrain_0465_vertically_overlapping_hard_seed20296545,0.14102564102564102,mid,-7.132764910002443,6.979512677759249,-0.6803607747702927,8.954265670686397,2.286771365856211
nw_retrain_0468_converging_moderate_seed20296839,0.13157894736842105,mid,-10.905775396755187,0.2272453998984607,0.5817214650242466,-0.9913700581196971,-0.033517227617167356
nw_retrain_0471_none_easy_seed20297002,0.14285714285714285,mid,-6.112834043312525,1.9005177219971685,1.6135900913525116,1.3755607402045262,0.9529549403859776
nw_retrain_0472_vertically_overlapping_moderate_seed20297231,0.06578947368421052,low,-7.380172155322236,3.657962094514488,-7.141269352716404,1.158859679920731,-1.6620663083771854
nw_retrain_0473_converging_moderate_seed20297198,0.2,high,-29.115058476953692,-8.128185574446746,0.830865023981906,-0.33820420310264865,-26.474214832064344
nw_retrain_0479_converging_easy_seed20297786,0.06578947368421052,low,10.83966563813825,10.386893792569916,20.963810696572004,8.493325274198064,17.22648183163595
nw_retrain_0486_none_easy_seed20298603,0.18421052631578946,mid,-51.794797089463685,-5.126283190430808,-10.910464951758016,-4.04457840798824,-10.070273153669895
nw_retrain_0487_converging_easy_seed20298701,0.1282051282051282,mid,-0.8447602019643619,0.11103689486662605,-1.3648413487896918,-0.6200376961700471,-1.235405687266861
nw_retrain_0493_approximately_parallel_easy_seed20299158,0.17105263157894737,mid,5.271509767817324,-0.7766160965447853,14.46076527153055,4.101016558111379,6.411371131241349
nw_retrain_0495_vertically_overlapping_moderate_seed20299354,0.18666666666666668,high,-163.7960962135275,-1.8153875711197238,1.392441871186406,-0.46625259583843803,-34.17903530440355
nw_retrain_0500_crossing_easy_seed20299975,0.11688311688311688,mid,13.672408576094792,0.7244877079976249,0.11955113894972413,1.0764622538932347,-0.7476115651172108
nw_retrain_0505_crossing_easy_seed22078110,0.16,mid,14.636004315402772,20.87969381926615,39.02031490499854,19.494634742487438,18.088336113329678
nw_retrain_0516_none_easy_seed22079712,0.13157894736842105,mid,12.548935979495283,15.08827108124921,15.823281460642395,16.867899160305456,23.708050328763683
nw_retrain_0523_converging_easy_seed22079874,0.09090909090909091,low,7.373351947549235,0.27976147100082294,9.321951641840265,-0.4845469312486319,8.171960841588739
nw_retrain_0541_crossing_hard_seed22081769,0.11842105263157894,mid,-0.3268427164880974,0.0699235678678014,-1.4464956904955448,1.2848396894470078,-0.2288022735281432
nw_retrain_0546_none_easy_seed22082128,0.273972602739726,high,-17.981269934779775,-3.4906068076833883,-2.613307806360651,-1.2071214506742214,-2.2644833848695534
nw_retrain_0547_approximately_parallel_moderate_seed22082619,0.09722222222222222,mid,-2.3630058876164504,1.1788780434660522,0.27957859146582553,0.2998181723572233,0.304234503496597
nw_retrain_0553_none_easy_seed22082814,0.08,low,4.776979119089329,4.16531335272952,10.133857336560466,0.4125874912006715,10.689020106445042
nw_retrain_0562_crossing_moderate_seed22083696,0.09859154929577464,mid,-8.830179937449635,-0.01548677998312975,-1.2019089962576794,2.0855214572658225,-10.188507616664097
nw_retrain_0566_vertically_overlapping_moderate_seed22084088,0.07894736842105263,low,-2.2266936360052076,-0.3084172110704104,0.7097486461099369,-1.576778630412221,0.27621440821543475
nw_retrain_0570_crossing_easy_seed22084742,0.1780821917808219,mid,5.919088979500813,3.479070185293631,4.780445153752041,-1.3368605121109631,6.13394917138999
nw_retrain_0581_converging_hard_seed22085689,0.18055555555555555,mid,3.035076332643389,3.6346102192059817,-1.1455293691121966,-0.5204414412670868,3.7930034858474784
nw_retrain_0596_approximately_parallel_hard_seed22087028,0.12162162162162163,mid,-3.6559125262870005,5.017307411256333,0.8154669845041695,4.689058190507763,-4.219385417954211
nw_retrain_0600_converging_easy_seed22087551,0.17105263157894737,mid,3.066697373961656,2.851537105863472,3.29518537865786,-0.9908646868978996,3.7808104047786175
