arm,member,n_iter,max_iter,converged,loss_first,loss_last,best_loss,loss_reduction_x
m0,0,200,200,False,4837113.641453362,12082.590991800738,12082.590991800738,400.3374478814878
m0,1,200,200,False,5414090.601719673,15763.19015651041,15763.19015651041,343.4641432326806
m0,2,200,200,False,5723369.85263065,11074.260735440555,11074.260735440555,516.8173288817696
m0,3,200,200,False,4651344.628376765,16264.31648420849,16264.31648420849,285.98463592939146
m0,4,200,200,False,5001455.350281112,12102.579230282725,12102.579230282725,413.25532806813726
m1,0,200,200,False,4837353.110390646,13619.947575971655,13483.90103933696,355.16679366113834
m1,1,200,200,False,5409791.193370831,18107.19183671938,18107.19183671938,298.764780433837
m1,2,200,200,False,5723953.39432239,13402.884503333062,13402.884503333062,427.06876962932444
m1,3,200,200,False,4649083.8116013855,14587.969639450714,14587.969639450714,318.69300022593404
m1,4,200,200,False,5003910.302479354,13557.38536949472,13517.281341826882,369.0911017207331
