scenario_uid,model,pairwise_acc,top1_regret
nw_dual_val_001,HGBR_M0,0.7735507246376812,2.1375982930653565
nw_dual_val_002,HGBR_M0,0.710820895522388,1.756482076389369
nw_dual_val_003,HGBR_M0,0.7239915074309978,1.168721807790829
nw_dual_val_004,HGBR_M0,0.6026315789473684,2.063565563116929
nw_dual_val_005,HGBR_M0,0.8166666666666667,2.381536588429917
nw_dual_val_006,HGBR_M0,0.7404661016949152,1.5520186910421105
nw_dual_val_007,HGBR_M0,0.8192307692307692,0.9006274204647458
nw_dual_val_008,HGBR_M0,0.7054409005628518,1.629663528508851
nw_dual_val_009,HGBR_M0,0.7302631578947368,3.5027272978102295
nw_dual_val_010,HGBR_M0,0.8486842105263158,0.9351576555391136
nw_dual_val_011,HGBR_M0,0.7709090909090909,0.5482014678193643
nw_dual_val_012,HGBR_M0,0.7717391304347826,3.4198764915851343
nw_dual_val_013,HGBR_M0,0.8115671641791045,3.944250520928196
nw_dual_val_014,HGBR_M0,0.6904761904761905,1.384366276793763
nw_dual_val_015,HGBR_M0,0.7846153846153846,1.9587083943162937
nw_dual_val_016,HGBR_M0,0.788961038961039,0.5706865238257682
nw_dual_val_017,HGBR_M0,0.7630597014925373,0.9903817681868936
nw_dual_val_018,HGBR_M0,0.7341269841269841,9.519574255885374
nw_dual_val_019,HGBR_M0,0.6831683168316832,0.35053451275894215
nw_dual_val_020,HGBR_M0,0.7127192982456141,2.4100677942893656
nw_dual_val_021,HGBR_M0,0.7201492537313433,2.3510102134306115
nw_dual_val_022,HGBR_M0,0.743421052631579,0.912124007225178
nw_dual_val_023,HGBR_M0,0.845,0.6045039210541346
nw_dual_val_024,HGBR_M0,0.6830985915492958,0.6824793204053095
nw_dual_val_025,HGBR_M0,0.6991525423728814,0.5048466225002819
nw_dual_val_026,HGBR_M0,0.8405797101449275,6.158101157772294
nw_dual_val_027,HGBR_M0,0.8401639344262295,1.6968193685106059
nw_dual_val_028,HGBR_M0,0.8095238095238095,0.6944207592551429
nw_dual_val_029,HGBR_M0,0.7609649122807017,2.9689158066175034
nw_dual_val_030,HGBR_M0,0.6885245901639344,0.4022390323103114
nw_dual_val_031,HGBR_M0,0.7182539682539683,2.1732694206697403
nw_dual_val_032,HGBR_M0,0.8243670886075949,7.134112761350247
nw_dual_val_033,HGBR_M0,0.8641304347826086,1.1912922585101087
nw_dual_val_034,HGBR_M0,0.7909090909090909,0.5561089778870307
nw_dual_val_035,HGBR_M0,0.7390350877192983,0.44129239177492774
nw_dual_val_036,HGBR_M0,0.8037190082644629,3.6403137891090784
nw_dual_val_037,HGBR_M0,0.7990506329113924,2.3275080505457955
nw_dual_val_038,HGBR_M0,0.5914179104477612,2.3304618282108107
nw_dual_val_039,HGBR_M0,0.7574626865671642,1.9403522454318538
nw_dual_val_040,HGBR_M0,0.7142857142857143,1.4694101241380115
nw_dual_val_041,HGBR_M0,0.7605421686746988,0.14866775440928698
nw_dual_val_042,HGBR_M0,0.7439759036144579,0.6707988974831438
nw_dual_val_043,HGBR_M0,0.7044491525423728,1.573629427916708
nw_dual_val_044,HGBR_M0,0.7095070422535211,2.8908102805777456
nw_dual_val_045,HGBR_M0,0.7686567164179104,0.21944807405953098
nw_dual_val_046,HGBR_M0,0.8354430379746836,0.7049652290776682
nw_dual_val_047,HGBR_M0,0.8005502063273727,0.33664293454273586
nw_dual_val_048,HGBR_M0,0.8003246753246753,1.0312588564611347
nw_dual_val_049,HGBR_M0,0.7737341772151899,2.3830415748562217
nw_dual_val_050,HGBR_M0,0.75,1.099957148740206
nw_dual_val_051,HGBR_M0,0.8409542743538767,0.5712067788798152
nw_dual_val_052,HGBR_M0,0.7166666666666667,0.7185920677857556
nw_dual_val_053,HGBR_M0,0.7402597402597403,0.9605638547288218
nw_dual_val_054,HGBR_M0,0.8432539682539683,0.8888117356793515
nw_dual_val_055,HGBR_M0,0.7876984126984127,0.7401459977610638
nw_dual_val_056,HGBR_M0,0.8661971830985915,3.7217880435234876
nw_dual_val_057,HGBR_M0,0.7996575342465754,1.0988452982653292
nw_dual_val_058,HGBR_M0,0.7543859649122807,0.7504461462124102
nw_dual_val_059,HGBR_M0,0.7033333333333334,0.8026139888256896
nw_dual_val_060,HGBR_M0,0.8038461538461539,1.0298162433576674
nw_retrain_0006_none_easy_seed20251432,HGBR_M0,0.8469101123595506,3.586490207540618
nw_retrain_0010_crossing_moderate_seed20251824,HGBR_M0,0.9160447761194029,20.716694250099295
nw_retrain_0014_vertically_overlapping_hard_seed20252216,HGBR_M0,0.8161764705882353,6.766642280460134
nw_retrain_0016_vertically_overlapping_easy_seed20252543,HGBR_M0,0.8441780821917808,9.643325165248914
nw_retrain_0017_approximately_parallel_moderate_seed20252641,HGBR_M0,0.8861940298507462,21.87267757681942
nw_retrain_0023_crossing_easy_seed20253098,HGBR_M0,0.7944915254237288,9.602226955618585
nw_retrain_0024_converging_hard_seed20253196,HGBR_M0,0.8837719298245614,41.3974512572611
nw_retrain_0061_vertically_overlapping_moderate_seed20257346,HGBR_M0,0.8165584415584416,2.4522040975848527
nw_retrain_0068_crossing_easy_seed20257639,HGBR_M0,0.8692307692307693,10.881433855618091
nw_retrain_0077_none_easy_seed20258521,HGBR_M0,0.8861940298507462,4.950049692573111
nw_retrain_0078_converging_easy_seed20258488,HGBR_M0,0.8961267605633803,124.66585594767825
nw_retrain_0086_vertically_overlapping_hard_seed20259272,HGBR_M0,0.7383333333333333,7.231263998407267
nw_retrain_0089_none_easy_seed20259828,HGBR_M0,0.8104838709677419,8.89196346088374
nw_retrain_0091_approximately_parallel_moderate_seed20259762,HGBR_M0,0.8401898734177216,26.929051098778736
nw_retrain_0095_crossing_easy_seed20260285,HGBR_M0,0.8214285714285714,20.560189674390955
nw_retrain_0099_vertically_overlapping_easy_seed20260677,HGBR_M0,0.8136363636363636,10.104524060171293
nw_retrain_0103_approximately_parallel_easy_seed20260938,HGBR_M0,0.55,1.064041572792545
nw_retrain_0109_vertically_overlapping_easy_seed20261526,HGBR_M0,0.847457627118644,14.650363324550744
nw_retrain_0110_none_easy_seed20261624,HGBR_M0,0.5886194029850746,6.147253381701354
nw_retrain_0119_converging_moderate_seed20262637,HGBR_M0,0.8992537313432836,78.44011610067955
nw_retrain_0121_vertically_overlapping_moderate_seed20262702,HGBR_M0,0.7230769230769231,2.739309722464642
nw_retrain_0122_vertically_overlapping_easy_seed20262800,HGBR_M0,0.8495762711864406,35.196181864193115
nw_retrain_0133_vertically_overlapping_moderate_seed20264009,HGBR_M0,0.8619402985074627,24.344841149061242
nw_retrain_0134_crossing_moderate_seed20264107,HGBR_M0,0.85,7.292217413675452
nw_retrain_0141_crossing_easy_seed20264924,HGBR_M0,0.8531746031746031,32.530701723941156
nw_retrain_0143_none_easy_seed20264858,HGBR_M0,0.7807377049180327,8.785342209732947
nw_retrain_0150_crossing_easy_seed20265675,HGBR_M0,0.8463855421686747,3.529043775134088
nw_retrain_0151_approximately_parallel_moderate_seed20265773,HGBR_M0,0.819672131147541,4.566103136155908
nw_retrain_0156_crossing_easy_seed20266132,HGBR_M0,0.8496376811594203,32.22810766194166
nw_retrain_0158_vertically_overlapping_easy_seed20266328,HGBR_M0,0.76,28.86161960998759
nw_retrain_0161_none_easy_seed20266753,HGBR_M0,0.845360824742268,14.081932759819981
nw_retrain_0167_approximately_parallel_easy_seed20267472,HGBR_M0,0.8135593220338984,66.92701399402229
nw_retrain_0171_crossing_easy_seed20267864,HGBR_M0,0.8098591549295775,3.2256930528404384
nw_retrain_0175_vertically_overlapping_easy_seed20267994,HGBR_M0,0.7120253164556962,28.659856238564696
nw_retrain_0179_none_easy_seed20268517,HGBR_M0,0.7772988505747126,29.342441062446294
nw_retrain_0181_converging_easy_seed20268582,HGBR_M0,0.805327868852459,15.703319452647282
nw_retrain_0182_crossing_moderate_seed20268680,HGBR_M0,0.6100746268656716,2.6890831523849346
nw_retrain_0185_none_easy_seed20268974,HGBR_M0,0.8453389830508474,7.696309573960924
nw_retrain_0187_vertically_overlapping_easy_seed20269170,HGBR_M0,0.7559523809523809,18.374279774662412
nw_retrain_0190_none_easy_seed20269464,HGBR_M0,0.9048507462686567,6.0403291469610165
nw_retrain_0191_approximately_parallel_easy_seed20269562,HGBR_M0,0.6519230769230769,1.3681135329913527
nw_retrain_0192_crossing_moderate_seed20269660,HGBR_M0,0.9313186813186813,5.092954476258823
nw_retrain_0203_converging_moderate_seed20270869,HGBR_M0,0.8764367816091954,15.868874424347286
nw_retrain_0204_converging_hard_seed20270836,HGBR_M0,0.8924731182795699,11.500293241159131
nw_retrain_0214_vertically_overlapping_easy_seed20271816,HGBR_M0,0.6493506493506493,0.7918522117815532
nw_retrain_0221_converging_moderate_seed20272633,HGBR_M0,0.9263698630136986,9.840215932098923
nw_retrain_0224_crossing_easy_seed20273058,HGBR_M0,0.8571428571428571,3.51673881510404
nw_retrain_0233_converging_hard_seed20273809,HGBR_M0,0.8829365079365079,38.402010049947734
nw_retrain_0243_converging_hard_seed20274789,HGBR_M0,0.8766233766233766,25.10499828619084
nw_retrain_0248_vertically_overlapping_easy_seed20275410,HGBR_M0,0.8041044776119403,17.60415783667667
nw_retrain_0250_vertically_overlapping_hard_seed20275475,HGBR_M0,0.6867977528089888,5.933101385749029
nw_retrain_0254_none_easy_seed20275736,HGBR_M0,0.9016666666666666,2.388828760035902
nw_retrain_0258_approximately_parallel_easy_seed20276128,HGBR_M0,0.6791044776119403,2.564265731875099
nw_retrain_0266_none_easy_seed20276912,HGBR_M0,0.8716666666666667,55.049892614285056
nw_retrain_0270_approximately_parallel_easy_seed20277435,HGBR_M0,0.5193661971830986,3.615867140789534
nw_retrain_0292_approximately_parallel_easy_seed20279460,HGBR_M0,0.574438202247191,1.836018667931415
nw_retrain_0296_converging_moderate_seed20279983,HGBR_M0,0.8084016393442623,1.1038650530700034
nw_retrain_0309_none_easy_seed20281257,HGBR_M0,0.8241525423728814,24.456371068415347
nw_retrain_0310_approximately_parallel_moderate_seed20281224,HGBR_M0,0.8531746031746031,34.793089911400116
nw_retrain_0314_vertically_overlapping_moderate_seed20281747,HGBR_M0,0.7850877192982456,150.54457009660453
nw_retrain_0321_crossing_easy_seed20282302,HGBR_M0,0.85,13.95668463632783
nw_retrain_0322_converging_moderate_seed20282662,HGBR_M0,0.8733333333333333,57.26813266553722
nw_retrain_0323_converging_moderate_seed20282498,HGBR_M0,0.8293650793650794,13.910569703818899
nw_retrain_0326_converging_hard_seed20282923,HGBR_M0,0.6711538461538461,1.3489400551490722
nw_retrain_0332_crossing_moderate_seed20283380,HGBR_M0,0.7623239436619719,11.938245130276696
nw_retrain_0341_converging_moderate_seed20284393,HGBR_M0,0.7459016393442623,30.303601570122566
nw_retrain_0344_converging_easy_seed20284556,HGBR_M0,0.7563559322033898,6.7383887543205745
nw_retrain_0346_vertically_overlapping_moderate_seed20285014,HGBR_M0,0.8072033898305084,5.427081659100185
nw_retrain_0359_vertically_overlapping_moderate_seed20286026,HGBR_M0,0.8305084745762712,18.39405910031467
nw_retrain_0363_vertically_overlapping_hard_seed20286418,HGBR_M0,0.8890845070422535,23.62375596364147
nw_retrain_0365_none_easy_seed20286614,HGBR_M0,0.8095238095238095,12.752809619592366
nw_retrain_0369_crossing_easy_seed20287006,HGBR_M0,0.8865384615384615,3.763989262531234
nw_retrain_0380_none_easy_seed20288346,HGBR_M0,0.8691176470588236,17.05904200983071
nw_retrain_0384_approximately_parallel_moderate_seed20288738,HGBR_M0,0.8611111111111112,71.9023233726492
nw_retrain_0385_crossing_hard_seed20288574,HGBR_M0,0.8934426229508197,41.66303665068726
nw_retrain_0386_none_easy_seed20288803,HGBR_M0,0.8234126984126984,3.4917748114031917
nw_retrain_0389_vertically_overlapping_easy_seed20289228,HGBR_M0,0.8822463768115942,11.558665656262487
nw_retrain_0392_approximately_parallel_moderate_seed20289260,HGBR_M0,0.8665254237288136,5.522322465340903
nw_retrain_0404_none_easy_seed20290436,HGBR_M0,0.8351449275362319,5.146003282893416
nw_retrain_0405_vertically_overlapping_hard_seed20290534,HGBR_M0,0.8467741935483871,19.520652448864062
nw_retrain_0408_crossing_easy_seed20291090,HGBR_M0,0.7960526315789473,2.2839564970954163
nw_retrain_0409_vertically_overlapping_easy_seed20291319,HGBR_M0,0.7676056338028169,7.10354824265705
nw_retrain_0413_vertically_overlapping_easy_seed20291842,HGBR_M0,0.9145569620253164,18.923078522120232
nw_retrain_0415_approximately_parallel_easy_seed20291645,HGBR_M0,0.7692307692307693,4.2199679803066585
nw_retrain_0416_approximately_parallel_easy_seed20291743,HGBR_M0,0.8728813559322034,16.407997837146052
nw_retrain_0420_converging_moderate_seed20292004,HGBR_M0,0.6931818181818182,13.210737006521162
nw_retrain_0426_vertically_overlapping_hard_seed20292592,HGBR_M0,0.7717391304347826,4.032189726098542
nw_retrain_0431_none_easy_seed20293082,HGBR_M0,0.8552631578947368,35.948842612772296
nw_retrain_0432_converging_moderate_seed20293311,HGBR_M0,0.8955696202531646,2.4588917529383805
nw_retrain_0436_none_easy_seed20293834,HGBR_M0,0.8,4.8705155157853985
nw_retrain_0437_none_easy_seed20293670,HGBR_M0,0.8409090909090909,18.083471600905618
nw_retrain_0445_none_easy_seed20294454,HGBR_M0,0.822463768115942,6.759566782982075
nw_retrain_0446_none_easy_seed20294552,HGBR_M0,0.7848101265822784,7.131176496708571
nw_retrain_0453_converging_hard_seed20295238,HGBR_M0,0.7161016949152542,14.276380422596592
nw_retrain_0455_converging_easy_seed20295434,HGBR_M0,0.7341269841269841,21.30427120707685
nw_retrain_0459_vertically_overlapping_moderate_seed20296088,HGBR_M0,0.8253424657534246,13.073973123832891
nw_retrain_0465_vertically_overlapping_hard_seed20296545,HGBR_M0,0.7365591397849462,32.00192468727361
nw_retrain_0468_converging_moderate_seed20296839,HGBR_M0,0.7946428571428571,1.6273075572928437
nw_retrain_0471_none_easy_seed20297002,HGBR_M0,0.751984126984127,4.293086439780847
nw_retrain_0472_vertically_overlapping_moderate_seed20297231,HGBR_M0,0.8029661016949152,7.187086925002492
nw_retrain_0473_converging_moderate_seed20297198,HGBR_M0,0.8432539682539683,4.499054262096407
nw_retrain_0479_converging_easy_seed20297786,HGBR_M0,0.8545081967213115,24.481326501959906
nw_retrain_0486_none_easy_seed20298603,HGBR_M0,0.9241573033707865,19.473450976823386
nw_retrain_0487_converging_easy_seed20298701,HGBR_M0,0.8411764705882353,1.6461078508386007
nw_retrain_0493_approximately_parallel_easy_seed20299158,HGBR_M0,0.7980769230769231,28.191921046324204
nw_retrain_0495_vertically_overlapping_moderate_seed20299354,HGBR_M0,0.9126506024096386,2.732994153826874
nw_retrain_0500_crossing_easy_seed20299975,HGBR_M0,0.8208955223880597,15.817240100525868
nw_retrain_0505_crossing_easy_seed22078110,HGBR_M0,0.8820422535211268,39.93437551168494
nw_retrain_0516_none_easy_seed22079712,HGBR_M0,0.9507042253521126,25.65560238646255
nw_retrain_0523_converging_easy_seed22079874,HGBR_M0,0.855,10.303177263667205
nw_retrain_0541_crossing_hard_seed22081769,HGBR_M0,0.7705882352941177,3.71933417309729
nw_retrain_0546_none_easy_seed22082128,HGBR_M0,0.7779850746268657,3.798323314765809
nw_retrain_0547_approximately_parallel_moderate_seed22082619,HGBR_M0,0.664179104477612,1.769739708372763
nw_retrain_0553_none_easy_seed22082814,HGBR_M0,0.9102112676056338,22.02549774305312
nw_retrain_0562_crossing_moderate_seed22083696,HGBR_M0,0.8013698630136986,4.572380952575304
nw_retrain_0566_vertically_overlapping_moderate_seed22084088,HGBR_M0,0.7192622950819673,2.6066765806233025
nw_retrain_0570_crossing_easy_seed22084742,HGBR_M0,0.8944805194805194,18.123026723714986
nw_retrain_0581_converging_hard_seed22085689,HGBR_M0,0.5905797101449275,5.358767620056971
nw_retrain_0596_approximately_parallel_hard_seed22087028,HGBR_M0,0.8181818181818182,11.062411632251866
nw_retrain_0600_converging_easy_seed22087551,HGBR_M0,0.5915492957746479,6.112374064315149
nw_dual_val_001,HGBR_M1,0.8170289855072463,1.6625026178941826
nw_dual_val_002,HGBR_M1,0.8003731343283582,0.7254387515423476
nw_dual_val_003,HGBR_M1,0.7940552016985138,0.7826549554834635
nw_dual_val_004,HGBR_M1,0.7677631578947368,0.3427497649678648
nw_dual_val_005,HGBR_M1,0.8616666666666667,0.7237978997359826
nw_dual_val_006,HGBR_M1,0.7139830508474576,0.3542822647419087
nw_dual_val_007,HGBR_M1,0.8538461538461538,1.5744769941246928
nw_dual_val_008,HGBR_M1,0.8292682926829268,0.4256994656905059
nw_dual_val_009,HGBR_M1,0.8135964912280702,2.13213414712812
nw_dual_val_010,HGBR_M1,0.8508771929824561,1.0733102064070281
nw_dual_val_011,HGBR_M1,0.8145454545454546,0.8452838053396213
nw_dual_val_012,HGBR_M1,0.8387681159420289,1.1568423716022853
nw_dual_val_013,HGBR_M1,0.8507462686567164,0.3653377302545039
nw_dual_val_014,HGBR_M1,0.8551587301587301,1.012217502909603
nw_dual_val_015,HGBR_M1,0.8192307692307692,0.5636464555905036
nw_dual_val_016,HGBR_M1,0.7857142857142857,1.01012123792018
nw_dual_val_017,HGBR_M1,0.8302238805970149,0.7610571148424082
nw_dual_val_018,HGBR_M1,0.8412698412698413,3.922653215059026
nw_dual_val_019,HGBR_M1,0.7933168316831684,0.6400385188630728
nw_dual_val_020,HGBR_M1,0.7850877192982456,1.1125801961567032
nw_dual_val_021,HGBR_M1,0.7817164179104478,2.026348696148636
nw_dual_val_022,HGBR_M1,0.7412280701754386,0.7892774319691087
nw_dual_val_023,HGBR_M1,0.8683333333333333,0.39417207587723313
nw_dual_val_024,HGBR_M1,0.6661971830985915,0.5478676010822567
nw_dual_val_025,HGBR_M1,0.711864406779661,1.3222101314942687
nw_dual_val_026,HGBR_M1,0.9094202898550725,1.8469899487012502
nw_dual_val_027,HGBR_M1,0.8565573770491803,0.7832347804712677
nw_dual_val_028,HGBR_M1,0.8432539682539683,0.5808209709074056
nw_dual_val_029,HGBR_M1,0.8026315789473685,0.6098362698617581
nw_dual_val_030,HGBR_M1,0.7028688524590164,0.8911143708624687
nw_dual_val_031,HGBR_M1,0.753968253968254,1.4503044948742683
nw_dual_val_032,HGBR_M1,0.865506329113924,2.3096644794667394
nw_dual_val_033,HGBR_M1,0.855072463768116,4.334701482387154
nw_dual_val_034,HGBR_M1,0.8227272727272728,0.8579241950123289
nw_dual_val_035,HGBR_M1,0.793859649122807,0.6391603794683175
nw_dual_val_036,HGBR_M1,0.8429752066115702,0.4423905580427977
nw_dual_val_037,HGBR_M1,0.7990506329113924,0.37788736371345294
nw_dual_val_038,HGBR_M1,0.6343283582089553,1.056583862292856
nw_dual_val_039,HGBR_M1,0.8507462686567164,1.252455448188962
nw_dual_val_040,HGBR_M1,0.810064935064935,2.0185473723416303
nw_dual_val_041,HGBR_M1,0.7816265060240963,0.835058523081756
nw_dual_val_042,HGBR_M1,0.8117469879518072,1.4189589932568096
nw_dual_val_043,HGBR_M1,0.7838983050847458,1.490718368891879
nw_dual_val_044,HGBR_M1,0.7852112676056338,2.7239304747004462
nw_dual_val_045,HGBR_M1,0.7910447761194029,0.811794646540856
nw_dual_val_046,HGBR_M1,0.8544303797468354,0.6306644919619788
nw_dual_val_047,HGBR_M1,0.828060522696011,0.5955934075289295
nw_dual_val_048,HGBR_M1,0.827922077922078,0.43545387676525066
nw_dual_val_049,HGBR_M1,0.8607594936708861,0.815973339587359
nw_dual_val_050,HGBR_M1,0.8181818181818182,0.2922913708436073
nw_dual_val_051,HGBR_M1,0.8588469184890656,0.9210498282659749
nw_dual_val_052,HGBR_M1,0.6916666666666667,0.5694588114409246
nw_dual_val_053,HGBR_M1,0.8003246753246753,0.46759798248994466
nw_dual_val_054,HGBR_M1,0.8630952380952381,0.6855759289649396
nw_dual_val_055,HGBR_M1,0.8313492063492064,0.7596865021805809
nw_dual_val_056,HGBR_M1,0.8908450704225352,3.3819341964134724
nw_dual_val_057,HGBR_M1,0.8373287671232876,0.6246191490673842
nw_dual_val_058,HGBR_M1,0.868421052631579,0.40653841213865494
nw_dual_val_059,HGBR_M1,0.7183333333333334,0.5644662701834526
nw_dual_val_060,HGBR_M1,0.8269230769230769,1.2958759496385737
nw_retrain_0006_none_easy_seed20251432,HGBR_M1,0.851123595505618,4.751772649202856
nw_retrain_0010_crossing_moderate_seed20251824,HGBR_M1,0.9365671641791045,6.580089419706232
nw_retrain_0014_vertically_overlapping_hard_seed20252216,HGBR_M1,0.8294117647058824,6.981741255062903
nw_retrain_0016_vertically_overlapping_easy_seed20252543,HGBR_M1,0.8458904109589042,8.509832375743539
nw_retrain_0017_approximately_parallel_moderate_seed20252641,HGBR_M1,0.9347014925373134,12.737905418104011
nw_retrain_0023_crossing_easy_seed20253098,HGBR_M1,0.8559322033898306,6.364745223206239
nw_retrain_0024_converging_hard_seed20253196,HGBR_M1,0.9078947368421053,1.9269960155496164
nw_retrain_0061_vertically_overlapping_moderate_seed20257346,HGBR_M1,0.7840909090909091,4.598589394370575
nw_retrain_0068_crossing_easy_seed20257639,HGBR_M1,0.85,8.571050113257158
nw_retrain_0077_none_easy_seed20258521,HGBR_M1,0.8638059701492538,5.505819765425246
nw_retrain_0078_converging_easy_seed20258488,HGBR_M1,0.9084507042253521,62.92463969211796
nw_retrain_0086_vertically_overlapping_hard_seed20259272,HGBR_M1,0.6983333333333334,9.613579288173446
nw_retrain_0089_none_easy_seed20259828,HGBR_M1,0.8346774193548387,4.627792793451628
nw_retrain_0091_approximately_parallel_moderate_seed20259762,HGBR_M1,0.8544303797468354,14.502281747937847
nw_retrain_0095_crossing_easy_seed20260285,HGBR_M1,0.8591269841269841,7.835444603191493
nw_retrain_0099_vertically_overlapping_easy_seed20260677,HGBR_M1,0.8090909090909091,8.140586683162866
nw_retrain_0103_approximately_parallel_easy_seed20260938,HGBR_M1,0.6029411764705882,1.232065030022448
nw_retrain_0109_vertically_overlapping_easy_seed20261526,HGBR_M1,0.8728813559322034,2.7500595175073466
nw_retrain_0110_none_easy_seed20261624,HGBR_M1,0.6791044776119403,3.786502791435629
nw_retrain_0119_converging_moderate_seed20262637,HGBR_M1,0.9029850746268657,49.0471743302308
nw_retrain_0121_vertically_overlapping_moderate_seed20262702,HGBR_M1,0.8038461538461539,2.444481385578553
nw_retrain_0122_vertically_overlapping_easy_seed20262800,HGBR_M1,0.8771186440677966,5.267537658811114
nw_retrain_0133_vertically_overlapping_moderate_seed20264009,HGBR_M1,0.8955223880597015,15.296584371766675
nw_retrain_0134_crossing_moderate_seed20264107,HGBR_M1,0.8566666666666667,5.418422870274562
nw_retrain_0141_crossing_easy_seed20264924,HGBR_M1,0.8412698412698413,20.44367819190036
nw_retrain_0143_none_easy_seed20264858,HGBR_M1,0.7950819672131147,4.504489458924736
nw_retrain_0150_crossing_easy_seed20265675,HGBR_M1,0.8358433734939759,5.033756580626193
nw_retrain_0151_approximately_parallel_moderate_seed20265773,HGBR_M1,0.8647540983606558,4.112257985346906
nw_retrain_0156_crossing_easy_seed20266132,HGBR_M1,0.8496376811594203,24.346890722371604
nw_retrain_0158_vertically_overlapping_easy_seed20266328,HGBR_M1,0.74,27.77929907827565
nw_retrain_0161_none_easy_seed20266753,HGBR_M1,0.8788659793814433,17.62136536054923
nw_retrain_0167_approximately_parallel_easy_seed20267472,HGBR_M1,0.8305084745762712,30.5329747374244
nw_retrain_0171_crossing_easy_seed20267864,HGBR_M1,0.8116197183098591,25.423270137917285
nw_retrain_0175_vertically_overlapping_easy_seed20267994,HGBR_M1,0.7484177215189873,23.124119037185352
nw_retrain_0179_none_easy_seed20268517,HGBR_M1,0.7916666666666666,13.169234346374632
nw_retrain_0181_converging_easy_seed20268582,HGBR_M1,0.8401639344262295,13.369865657280807
nw_retrain_0182_crossing_moderate_seed20268680,HGBR_M1,0.7164179104477612,1.648288291793688
nw_retrain_0185_none_easy_seed20268974,HGBR_M1,0.8601694915254238,13.79776090038609
nw_retrain_0187_vertically_overlapping_easy_seed20269170,HGBR_M1,0.7876984126984127,14.430367500348273
nw_retrain_0190_none_easy_seed20269464,HGBR_M1,0.9085820895522388,51.6971170619895
nw_retrain_0191_approximately_parallel_easy_seed20269562,HGBR_M1,0.7192307692307692,0.6617606546099707
nw_retrain_0192_crossing_moderate_seed20269660,HGBR_M1,0.9478021978021978,3.5347506571646554
nw_retrain_0203_converging_moderate_seed20270869,HGBR_M1,0.882183908045977,13.81621568994809
nw_retrain_0204_converging_hard_seed20270836,HGBR_M1,0.8951612903225806,13.670690581608813
nw_retrain_0214_vertically_overlapping_easy_seed20271816,HGBR_M1,0.6444805194805194,2.8714141677086706
nw_retrain_0221_converging_moderate_seed20272633,HGBR_M1,0.9486301369863014,5.712367938940874
nw_retrain_0224_crossing_easy_seed20273058,HGBR_M1,0.8948412698412699,3.9369212322981313
nw_retrain_0233_converging_hard_seed20273809,HGBR_M1,0.9047619047619048,8.416855327299903
nw_retrain_0243_converging_hard_seed20274789,HGBR_M1,0.8685064935064936,39.92610260652094
nw_retrain_0248_vertically_overlapping_easy_seed20275410,HGBR_M1,0.769589552238806,16.408749859091017
nw_retrain_0250_vertically_overlapping_hard_seed20275475,HGBR_M1,0.7134831460674157,1.5322158197094806
nw_retrain_0254_none_easy_seed20275736,HGBR_M1,0.8416666666666667,9.79140844428239
nw_retrain_0258_approximately_parallel_easy_seed20276128,HGBR_M1,0.648320895522388,4.4777551471337524
nw_retrain_0266_none_easy_seed20276912,HGBR_M1,0.8733333333333333,63.1695931521916
nw_retrain_0270_approximately_parallel_easy_seed20277435,HGBR_M1,0.6619718309859155,3.2580965866993155
nw_retrain_0292_approximately_parallel_easy_seed20279460,HGBR_M1,0.648876404494382,1.608313319300659
nw_retrain_0296_converging_moderate_seed20279983,HGBR_M1,0.8032786885245902,3.149629401245247
nw_retrain_0309_none_easy_seed20281257,HGBR_M1,0.8601694915254238,10.564827032206434
nw_retrain_0310_approximately_parallel_moderate_seed20281224,HGBR_M1,0.8888888888888888,14.44307359736535
nw_retrain_0314_vertically_overlapping_moderate_seed20281747,HGBR_M1,0.8574561403508771,23.141380132239814
nw_retrain_0321_crossing_easy_seed20282302,HGBR_M1,0.8955882352941177,22.677302293549015
nw_retrain_0322_converging_moderate_seed20282662,HGBR_M1,0.91,2.979034027222645
nw_retrain_0323_converging_moderate_seed20282498,HGBR_M1,0.7837301587301587,44.44374809550866
nw_retrain_0326_converging_hard_seed20282923,HGBR_M1,0.6384615384615384,2.4988887821499928
nw_retrain_0332_crossing_moderate_seed20283380,HGBR_M1,0.778169014084507,9.438275237974729
nw_retrain_0341_converging_moderate_seed20284393,HGBR_M1,0.7397540983606558,16.973412664004
nw_retrain_0344_converging_easy_seed20284556,HGBR_M1,0.8029661016949152,7.59532147410922
nw_retrain_0346_vertically_overlapping_moderate_seed20285014,HGBR_M1,0.8114406779661016,3.8491249794086366
nw_retrain_0359_vertically_overlapping_moderate_seed20286026,HGBR_M1,0.8665254237288136,9.31940263788787
nw_retrain_0363_vertically_overlapping_hard_seed20286418,HGBR_M1,0.897887323943662,9.16132279484447
nw_retrain_0365_none_easy_seed20286614,HGBR_M1,0.8234126984126984,14.082309410610023
nw_retrain_0369_crossing_easy_seed20287006,HGBR_M1,0.9096153846153846,2.401632430832258
nw_retrain_0380_none_easy_seed20288346,HGBR_M1,0.8911764705882353,17.94105638747549
nw_retrain_0384_approximately_parallel_moderate_seed20288738,HGBR_M1,0.8968253968253969,38.22370350507335
nw_retrain_0385_crossing_hard_seed20288574,HGBR_M1,0.9364754098360656,29.144333108898827
nw_retrain_0386_none_easy_seed20288803,HGBR_M1,0.8333333333333334,14.56744602591794
nw_retrain_0389_vertically_overlapping_easy_seed20289228,HGBR_M1,0.8768115942028986,21.566972331588573
nw_retrain_0392_approximately_parallel_moderate_seed20289260,HGBR_M1,0.8559322033898306,14.943019246720965
nw_retrain_0404_none_easy_seed20290436,HGBR_M1,0.8804347826086957,1.6931677318176686
nw_retrain_0405_vertically_overlapping_hard_seed20290534,HGBR_M1,0.8413978494623656,3.5656671047657773
nw_retrain_0408_crossing_easy_seed20291090,HGBR_M1,0.7807017543859649,23.36590850121123
nw_retrain_0409_vertically_overlapping_easy_seed20291319,HGBR_M1,0.7235915492957746,7.592018358387141
nw_retrain_0413_vertically_overlapping_easy_seed20291842,HGBR_M1,0.9414556962025317,13.064623187822008
nw_retrain_0415_approximately_parallel_easy_seed20291645,HGBR_M1,0.7903846153846154,1.7876778707919816
nw_retrain_0416_approximately_parallel_easy_seed20291743,HGBR_M1,0.885593220338983,19.33543598501813
nw_retrain_0420_converging_moderate_seed20292004,HGBR_M1,0.7227272727272728,10.073491627978743
nw_retrain_0426_vertically_overlapping_hard_seed20292592,HGBR_M1,0.8043478260869565,5.182546450378138
nw_retrain_0431_none_easy_seed20293082,HGBR_M1,0.8903508771929824,12.509322096936293
nw_retrain_0432_converging_moderate_seed20293311,HGBR_M1,0.8860759493670886,5.662357958825703
nw_retrain_0436_none_easy_seed20293834,HGBR_M1,0.8115384615384615,5.10799204628251
nw_retrain_0437_none_easy_seed20293670,HGBR_M1,0.8474025974025974,11.418608980192671
nw_retrain_0445_none_easy_seed20294454,HGBR_M1,0.8043478260869565,6.149521773771438
nw_retrain_0446_none_easy_seed20294552,HGBR_M1,0.7974683544303798,6.9483268000214675
nw_retrain_0453_converging_hard_seed20295238,HGBR_M1,0.711864406779661,11.48270082106232
nw_retrain_0455_converging_easy_seed20295434,HGBR_M1,0.6984126984126984,16.947045879695004
nw_retrain_0459_vertically_overlapping_moderate_seed20296088,HGBR_M1,0.839041095890411,33.229215133796785
nw_retrain_0465_vertically_overlapping_hard_seed20296545,HGBR_M1,0.7123655913978495,32.6822854620439
nw_retrain_0468_converging_moderate_seed20296839,HGBR_M1,0.8181818181818182,1.0455860922685971
nw_retrain_0471_none_easy_seed20297002,HGBR_M1,0.8214285714285714,2.6794963484283354
nw_retrain_0472_vertically_overlapping_moderate_seed20297231,HGBR_M1,0.8453389830508474,14.328356277718896
nw_retrain_0473_converging_moderate_seed20297198,HGBR_M1,0.8015873015873016,3.6681892381145014
nw_retrain_0479_converging_easy_seed20297786,HGBR_M1,0.8627049180327869,3.517515805387897
nw_retrain_0486_none_easy_seed20298603,HGBR_M1,0.9452247191011236,30.3839159285814
nw_retrain_0487_converging_easy_seed20298701,HGBR_M1,0.825,3.0109491996282927
nw_retrain_0493_approximately_parallel_easy_seed20299158,HGBR_M1,0.8480769230769231,13.731155774793654
nw_retrain_0495_vertically_overlapping_moderate_seed20299354,HGBR_M1,0.9081325301204819,1.340552282640468
nw_retrain_0500_crossing_easy_seed20299975,HGBR_M1,0.8227611940298507,15.697688961576143
nw_retrain_0505_crossing_easy_seed22078110,HGBR_M1,0.9172535211267606,0.9140606066864002
nw_retrain_0516_none_easy_seed22079712,HGBR_M1,0.954225352112676,9.832320925820156
nw_retrain_0523_converging_easy_seed22079874,HGBR_M1,0.8666666666666667,0.9812256218269386
nw_retrain_0541_crossing_hard_seed22081769,HGBR_M1,0.6764705882352942,5.165829863592835
nw_retrain_0546_none_easy_seed22082128,HGBR_M1,0.8227611940298507,6.41163112112646
nw_retrain_0547_approximately_parallel_moderate_seed22082619,HGBR_M1,0.7014925373134329,1.4901611169069375
nw_retrain_0553_none_easy_seed22082814,HGBR_M1,0.926056338028169,11.891640406492654
nw_retrain_0562_crossing_moderate_seed22083696,HGBR_M1,0.821917808219178,5.774289948832983
nw_retrain_0566_vertically_overlapping_moderate_seed22084088,HGBR_M1,0.7315573770491803,1.8969279345133656
nw_retrain_0570_crossing_easy_seed22084742,HGBR_M1,0.8961038961038961,13.342581569962942
nw_retrain_0581_converging_hard_seed22085689,HGBR_M1,0.6123188405797102,6.504296989169168
nw_retrain_0596_approximately_parallel_hard_seed22087028,HGBR_M1,0.7909090909090909,10.246944647747696
nw_retrain_0600_converging_easy_seed22087551,HGBR_M1,0.7183098591549296,2.8171886856572885
nw_dual_val_001,ExtraTrees_M0,0.8478260869565217,0.7779372050819453
nw_dual_val_002,ExtraTrees_M0,0.835820895522388,0.3720132365824895
nw_dual_val_003,ExtraTrees_M0,0.8768577494692145,0.427993182975826
nw_dual_val_004,ExtraTrees_M0,0.8381578947368421,0.11913871374316173
nw_dual_val_005,ExtraTrees_M0,0.8583333333333333,0.9965158344317014
nw_dual_val_006,ExtraTrees_M0,0.8241525423728814,0.6753038923849638
nw_dual_val_007,ExtraTrees_M0,0.9211538461538461,1.0782543273172513
nw_dual_val_008,ExtraTrees_M0,0.8686679174484052,0.4431814374831654
nw_dual_val_009,ExtraTrees_M0,0.8179824561403509,1.6845378308106695
nw_dual_val_010,ExtraTrees_M0,0.8771929824561403,0.5858294806716442
nw_dual_val_011,ExtraTrees_M0,0.86,0.3457923016450035
nw_dual_val_012,ExtraTrees_M0,0.8442028985507246,0.4161698874532762
nw_dual_val_013,ExtraTrees_M0,0.875,0.8381446413308866
nw_dual_val_014,ExtraTrees_M0,0.876984126984127,1.5616429785164505
nw_dual_val_015,ExtraTrees_M0,0.8211538461538461,0.5201003343507236
nw_dual_val_016,ExtraTrees_M0,0.8636363636363636,0.17839612729861726
nw_dual_val_017,ExtraTrees_M0,0.8955223880597015,0.3122169028636958
nw_dual_val_018,ExtraTrees_M0,0.8690476190476191,4.32040978028545
nw_dual_val_019,ExtraTrees_M0,0.8564356435643564,0.20211425199284064
nw_dual_val_020,ExtraTrees_M0,0.8442982456140351,0.4491014759284986
nw_dual_val_021,ExtraTrees_M0,0.8507462686567164,1.3984708560337056
nw_dual_val_022,ExtraTrees_M0,0.8399122807017544,0.7797682328317548
nw_dual_val_023,ExtraTrees_M0,0.9083333333333333,0.28409220581206096
nw_dual_val_024,ExtraTrees_M0,0.8154929577464789,0.45840702884928886
nw_dual_val_025,ExtraTrees_M0,0.8199152542372882,0.31891318410954794
nw_dual_val_026,ExtraTrees_M0,0.9130434782608695,1.4922050170005003
nw_dual_val_027,ExtraTrees_M0,0.8872950819672131,0.44734294820474413
nw_dual_val_028,ExtraTrees_M0,0.8869047619047619,0.13841972097086178
nw_dual_val_029,ExtraTrees_M0,0.8135964912280702,0.42296092670051805
nw_dual_val_030,ExtraTrees_M0,0.7950819672131147,0.29822074756926253
nw_dual_val_031,ExtraTrees_M0,0.8234126984126984,1.0668163706691614
nw_dual_val_032,ExtraTrees_M0,0.879746835443038,1.607281718944476
nw_dual_val_033,ExtraTrees_M0,0.907608695652174,3.429457770061199
nw_dual_val_034,ExtraTrees_M0,0.8954545454545455,0.16230705409148805
nw_dual_val_035,ExtraTrees_M0,0.868421052631579,0.19999887909173167
nw_dual_val_036,ExtraTrees_M0,0.890495867768595,0.4976457100263521
nw_dual_val_037,ExtraTrees_M0,0.8417721518987342,1.573920135091044
nw_dual_val_038,ExtraTrees_M0,0.7388059701492538,2.076926113672303
nw_dual_val_039,ExtraTrees_M0,0.8507462686567164,3.157376721696883
nw_dual_val_040,ExtraTrees_M0,0.8603896103896104,2.1086112604189045
nw_dual_val_041,ExtraTrees_M0,0.8524096385542169,0.07955289893257
nw_dual_val_042,ExtraTrees_M0,0.8493975903614458,2.1401156744804477
nw_dual_val_043,ExtraTrees_M0,0.7923728813559322,1.4446764438846067
nw_dual_val_044,ExtraTrees_M0,0.8556338028169014,1.2393864309581932
nw_dual_val_045,ExtraTrees_M0,0.8526119402985075,0.3697306103992624
nw_dual_val_046,ExtraTrees_M0,0.9082278481012658,0.6380141403142703
nw_dual_val_047,ExtraTrees_M0,0.8170563961485557,0.22128669930352834
nw_dual_val_048,ExtraTrees_M0,0.8993506493506493,0.9563396695391372
nw_dual_val_049,ExtraTrees_M0,0.8892405063291139,0.3446261578464311
nw_dual_val_050,ExtraTrees_M0,0.8766233766233766,0.1274002080461803
nw_dual_val_051,ExtraTrees_M0,0.9085487077534792,1.4250117204247252
nw_dual_val_052,ExtraTrees_M0,0.8133333333333334,0.10961678233038967
nw_dual_val_053,ExtraTrees_M0,0.8538961038961039,0.9632137496248753
nw_dual_val_054,ExtraTrees_M0,0.8869047619047619,0.1627070712136207
nw_dual_val_055,ExtraTrees_M0,0.8591269841269841,0.46441821769508207
nw_dual_val_056,ExtraTrees_M0,0.903169014084507,3.6560860322970954
nw_dual_val_057,ExtraTrees_M0,0.8852739726027398,0.42968988297543137
nw_dual_val_058,ExtraTrees_M0,0.9122807017543859,0.6249258144374646
nw_dual_val_059,ExtraTrees_M0,0.7916666666666666,0.24785875746324876
nw_dual_val_060,ExtraTrees_M0,0.8846153846153846,0.8582698251434863
nw_retrain_0006_none_easy_seed20251432,ExtraTrees_M0,0.9087078651685393,4.443518294874236
nw_retrain_0010_crossing_moderate_seed20251824,ExtraTrees_M0,0.9477611940298507,7.187464728049259
nw_retrain_0014_vertically_overlapping_hard_seed20252216,ExtraTrees_M0,0.8485294117647059,7.99620974502659
nw_retrain_0016_vertically_overlapping_easy_seed20252543,ExtraTrees_M0,0.8493150684931506,9.678478830591274
nw_retrain_0017_approximately_parallel_moderate_seed20252641,ExtraTrees_M0,0.9347014925373134,15.493637594957505
nw_retrain_0023_crossing_easy_seed20253098,ExtraTrees_M0,0.8771186440677966,3.0244878886594337
nw_retrain_0024_converging_hard_seed20253196,ExtraTrees_M0,0.918859649122807,44.20624211822534
nw_retrain_0061_vertically_overlapping_moderate_seed20257346,ExtraTrees_M0,0.8425324675324676,4.999462182985799
nw_retrain_0068_crossing_easy_seed20257639,ExtraTrees_M0,0.8730769230769231,1.8415225641940296
nw_retrain_0077_none_easy_seed20258521,ExtraTrees_M0,0.9160447761194029,5.25708497876151
nw_retrain_0078_converging_easy_seed20258488,ExtraTrees_M0,0.9049295774647887,67.64558362966618
nw_retrain_0086_vertically_overlapping_hard_seed20259272,ExtraTrees_M0,0.7966666666666666,1.5207809800907108
nw_retrain_0089_none_easy_seed20259828,ExtraTrees_M0,0.8494623655913979,12.350624218408353
nw_retrain_0091_approximately_parallel_moderate_seed20259762,ExtraTrees_M0,0.8528481012658228,30.567617898940643
nw_retrain_0095_crossing_easy_seed20260285,ExtraTrees_M0,0.8432539682539683,7.665443863927839
nw_retrain_0099_vertically_overlapping_easy_seed20260677,ExtraTrees_M0,0.8727272727272727,2.6018002596690373
nw_retrain_0103_approximately_parallel_easy_seed20260938,ExtraTrees_M0,0.5794117647058824,2.1658129923220955
nw_retrain_0109_vertically_overlapping_easy_seed20261526,ExtraTrees_M0,0.8919491525423728,11.668862352461996
nw_retrain_0110_none_easy_seed20261624,ExtraTrees_M0,0.753731343283582,1.1367463129170978
nw_retrain_0119_converging_moderate_seed20262637,ExtraTrees_M0,0.9402985074626866,73.37392963675973
nw_retrain_0121_vertically_overlapping_moderate_seed20262702,ExtraTrees_M0,0.8653846153846154,1.9251021103914543
nw_retrain_0122_vertically_overlapping_easy_seed20262800,ExtraTrees_M0,0.9004237288135594,4.545998137499077
nw_retrain_0133_vertically_overlapping_moderate_seed20264009,ExtraTrees_M0,0.878731343283582,22.120320765612107
nw_retrain_0134_crossing_moderate_seed20264107,ExtraTrees_M0,0.8983333333333333,1.4585956424316795
nw_retrain_0141_crossing_easy_seed20264924,ExtraTrees_M0,0.8452380952380952,35.808604826523116
nw_retrain_0143_none_easy_seed20264858,ExtraTrees_M0,0.8114754098360656,4.688211341321579
nw_retrain_0150_crossing_easy_seed20265675,ExtraTrees_M0,0.8524096385542169,1.4674392726690093
nw_retrain_0151_approximately_parallel_moderate_seed20265773,ExtraTrees_M0,0.8094262295081968,8.680810135640534
nw_retrain_0156_crossing_easy_seed20266132,ExtraTrees_M0,0.8442028985507246,24.69637148579494
nw_retrain_0158_vertically_overlapping_easy_seed20266328,ExtraTrees_M0,0.7716666666666666,33.92450629111087
nw_retrain_0161_none_easy_seed20266753,ExtraTrees_M0,0.836340206185567,17.331175081687654
nw_retrain_0167_approximately_parallel_easy_seed20267472,ExtraTrees_M0,0.8792372881355932,27.706844216165603
nw_retrain_0171_crossing_easy_seed20267864,ExtraTrees_M0,0.8714788732394366,23.8966565691002
nw_retrain_0175_vertically_overlapping_easy_seed20267994,ExtraTrees_M0,0.8212025316455697,76.66347654058868
nw_retrain_0179_none_easy_seed20268517,ExtraTrees_M0,0.8204022988505747,18.2440259414287
nw_retrain_0181_converging_easy_seed20268582,ExtraTrees_M0,0.8627049180327869,13.181992664794532
nw_retrain_0182_crossing_moderate_seed20268680,ExtraTrees_M0,0.7742537313432836,1.3323036673726687
nw_retrain_0185_none_easy_seed20268974,ExtraTrees_M0,0.8283898305084746,7.668289053698042
nw_retrain_0187_vertically_overlapping_easy_seed20269170,ExtraTrees_M0,0.8095238095238095,13.359842933036907
nw_retrain_0190_none_easy_seed20269464,ExtraTrees_M0,0.9104477611940298,5.501264169550266
nw_retrain_0191_approximately_parallel_easy_seed20269562,ExtraTrees_M0,0.8192307692307692,0.37119361834514236
nw_retrain_0192_crossing_moderate_seed20269660,ExtraTrees_M0,0.9423076923076923,4.78709887229996
nw_retrain_0203_converging_moderate_seed20270869,ExtraTrees_M0,0.9109195402298851,15.394273702679678
nw_retrain_0204_converging_hard_seed20270836,ExtraTrees_M0,0.896505376344086,17.33133186590478
nw_retrain_0214_vertically_overlapping_easy_seed20271816,ExtraTrees_M0,0.7808441558441559,0.6051167359521886
nw_retrain_0221_converging_moderate_seed20272633,ExtraTrees_M0,0.9126712328767124,10.210676501988939
nw_retrain_0224_crossing_easy_seed20273058,ExtraTrees_M0,0.9067460317460317,3.8877656551871596
nw_retrain_0233_converging_hard_seed20273809,ExtraTrees_M0,0.8908730158730159,34.2549357091767
nw_retrain_0243_converging_hard_seed20274789,ExtraTrees_M0,0.8814935064935064,38.832407399573476
nw_retrain_0248_vertically_overlapping_easy_seed20275410,ExtraTrees_M0,0.8003731343283582,13.48255745478643
nw_retrain_0250_vertically_overlapping_hard_seed20275475,ExtraTrees_M0,0.7345505617977528,2.276171753522061
nw_retrain_0254_none_easy_seed20275736,ExtraTrees_M0,0.9066666666666666,52.4075058264924
nw_retrain_0258_approximately_parallel_easy_seed20276128,ExtraTrees_M0,0.7686567164179104,1.739317481622951
nw_retrain_0266_none_easy_seed20276912,ExtraTrees_M0,0.8916666666666667,60.98676669397317
nw_retrain_0270_approximately_parallel_easy_seed20277435,ExtraTrees_M0,0.6073943661971831,2.1379628653519673
nw_retrain_0292_approximately_parallel_easy_seed20279460,ExtraTrees_M0,0.6376404494382022,1.7659922828029206
nw_retrain_0296_converging_moderate_seed20279983,ExtraTrees_M0,0.8729508196721312,1.2312148724365737
nw_retrain_0309_none_easy_seed20281257,ExtraTrees_M0,0.8559322033898306,16.700780710701487
nw_retrain_0310_approximately_parallel_moderate_seed20281224,ExtraTrees_M0,0.9067460317460317,24.80388932561558
nw_retrain_0314_vertically_overlapping_moderate_seed20281747,ExtraTrees_M0,0.8399122807017544,48.421906068395685
nw_retrain_0321_crossing_easy_seed20282302,ExtraTrees_M0,0.888235294117647,13.183684209551942
nw_retrain_0322_converging_moderate_seed20282662,ExtraTrees_M0,0.9283333333333333,3.1688774936473703
nw_retrain_0323_converging_moderate_seed20282498,ExtraTrees_M0,0.8432539682539683,38.21149359094582
nw_retrain_0326_converging_hard_seed20282923,ExtraTrees_M0,0.7346153846153847,0.7723023808335374
nw_retrain_0332_crossing_moderate_seed20283380,ExtraTrees_M0,0.8116197183098591,3.5018974772866196
nw_retrain_0341_converging_moderate_seed20284393,ExtraTrees_M0,0.7807377049180327,19.083701820857005
nw_retrain_0344_converging_easy_seed20284556,ExtraTrees_M0,0.7478813559322034,17.4584745263247
nw_retrain_0346_vertically_overlapping_moderate_seed20285014,ExtraTrees_M0,0.8114406779661016,7.914704506172515
nw_retrain_0359_vertically_overlapping_moderate_seed20286026,ExtraTrees_M0,0.8516949152542372,10.46418107338307
nw_retrain_0363_vertically_overlapping_hard_seed20286418,ExtraTrees_M0,0.9084507042253521,10.424372985162734
nw_retrain_0365_none_easy_seed20286614,ExtraTrees_M0,0.8273809523809523,5.753452984688263
nw_retrain_0369_crossing_easy_seed20287006,ExtraTrees_M0,0.9211538461538461,1.5964234031727536
nw_retrain_0380_none_easy_seed20288346,ExtraTrees_M0,0.888235294117647,23.65930992627644
nw_retrain_0384_approximately_parallel_moderate_seed20288738,ExtraTrees_M0,0.8888888888888888,32.76415553501618
nw_retrain_0385_crossing_hard_seed20288574,ExtraTrees_M0,0.9200819672131147,49.702591688639004
nw_retrain_0386_none_easy_seed20288803,ExtraTrees_M0,0.8531746031746031,1.5161145927729887
nw_retrain_0389_vertically_overlapping_easy_seed20289228,ExtraTrees_M0,0.8768115942028986,28.50953109729703
nw_retrain_0392_approximately_parallel_moderate_seed20289260,ExtraTrees_M0,0.8792372881355932,19.21617571045879
nw_retrain_0404_none_easy_seed20290436,ExtraTrees_M0,0.8876811594202898,2.5112791347694348
nw_retrain_0405_vertically_overlapping_hard_seed20290534,ExtraTrees_M0,0.8252688172043011,17.26430015149182
nw_retrain_0408_crossing_easy_seed20291090,ExtraTrees_M0,0.7960526315789473,1.7559466656037812
nw_retrain_0409_vertically_overlapping_easy_seed20291319,ExtraTrees_M0,0.8450704225352113,4.414357880167609
nw_retrain_0413_vertically_overlapping_easy_seed20291842,ExtraTrees_M0,0.944620253164557,14.53169950178388
nw_retrain_0415_approximately_parallel_easy_seed20291645,ExtraTrees_M0,0.9038461538461539,0.474755056583969
nw_retrain_0416_approximately_parallel_easy_seed20291743,ExtraTrees_M0,0.8665254237288136,25.582710839503555
nw_retrain_0420_converging_moderate_seed20292004,ExtraTrees_M0,0.7613636363636364,14.73577827387783
nw_retrain_0426_vertically_overlapping_hard_seed20292592,ExtraTrees_M0,0.8387681159420289,3.931499398273199
nw_retrain_0431_none_easy_seed20293082,ExtraTrees_M0,0.8859649122807017,14.059831794357166
nw_retrain_0432_converging_moderate_seed20293311,ExtraTrees_M0,0.9145569620253164,32.3809436223171
nw_retrain_0436_none_easy_seed20293834,ExtraTrees_M0,0.8653846153846154,2.770470008298156
nw_retrain_0437_none_easy_seed20293670,ExtraTrees_M0,0.8798701298701299,8.908564046969031
nw_retrain_0445_none_easy_seed20294454,ExtraTrees_M0,0.8586956521739131,1.9217829309209047
nw_retrain_0446_none_easy_seed20294552,ExtraTrees_M0,0.8132911392405063,1.4578320541886796
nw_retrain_0453_converging_hard_seed20295238,ExtraTrees_M0,0.7182203389830508,16.01286711980447
nw_retrain_0455_converging_easy_seed20295434,ExtraTrees_M0,0.8253968253968254,15.981665625272658
nw_retrain_0459_vertically_overlapping_moderate_seed20296088,ExtraTrees_M0,0.9058219178082192,6.819379168721547
nw_retrain_0465_vertically_overlapping_hard_seed20296545,ExtraTrees_M0,0.7741935483870968,28.51871650217536
nw_retrain_0468_converging_moderate_seed20296839,ExtraTrees_M0,0.8327922077922078,1.0751307418112
nw_retrain_0471_none_easy_seed20297002,ExtraTrees_M0,0.878968253968254,0.4766596530634491
nw_retrain_0472_vertically_overlapping_moderate_seed20297231,ExtraTrees_M0,0.8622881355932204,1.8731915587446821
nw_retrain_0473_converging_moderate_seed20297198,ExtraTrees_M0,0.8888888888888888,2.8608119723433942
nw_retrain_0479_converging_easy_seed20297786,ExtraTrees_M0,0.8913934426229508,2.864962231347202
nw_retrain_0486_none_easy_seed20298603,ExtraTrees_M0,0.9452247191011236,33.773585053469645
nw_retrain_0487_converging_easy_seed20298701,ExtraTrees_M0,0.8705882352941177,1.7295929416563591
nw_retrain_0493_approximately_parallel_easy_seed20299158,ExtraTrees_M0,0.8942307692307693,13.709157382110302
nw_retrain_0495_vertically_overlapping_moderate_seed20299354,ExtraTrees_M0,0.9262048192771084,1.0907226045675678
nw_retrain_0500_crossing_easy_seed20299975,ExtraTrees_M0,0.8619402985074627,11.311149733531439
nw_retrain_0505_crossing_easy_seed22078110,ExtraTrees_M0,0.9084507042253521,21.767509692494727
nw_retrain_0516_none_easy_seed22079712,ExtraTrees_M0,0.9313380281690141,36.08857816683606
nw_retrain_0523_converging_easy_seed22079874,ExtraTrees_M0,0.9283333333333333,0.7486441520059562
nw_retrain_0541_crossing_hard_seed22081769,ExtraTrees_M0,0.7544117647058823,3.959619523686894
nw_retrain_0546_none_easy_seed22082128,ExtraTrees_M0,0.8097014925373134,3.410664775004107
nw_retrain_0547_approximately_parallel_moderate_seed22082619,ExtraTrees_M0,0.7350746268656716,1.2089155350525866
nw_retrain_0553_none_easy_seed22082814,ExtraTrees_M0,0.920774647887324,18.525062201884065
nw_retrain_0562_crossing_moderate_seed22083696,ExtraTrees_M0,0.833904109589041,3.3530594060396637
nw_retrain_0566_vertically_overlapping_moderate_seed22084088,ExtraTrees_M0,0.7930327868852459,1.2609856361875396
nw_retrain_0570_crossing_easy_seed22084742,ExtraTrees_M0,0.9204545454545454,10.224779225409533
nw_retrain_0581_converging_hard_seed22085689,ExtraTrees_M0,0.6739130434782609,4.568505420115484
nw_retrain_0596_approximately_parallel_hard_seed22087028,ExtraTrees_M0,0.8295454545454546,7.598646229384665
nw_retrain_0600_converging_easy_seed22087551,ExtraTrees_M0,0.7517605633802817,1.1605627198817916
nw_dual_val_001,ExtraTrees_M1,0.8786231884057971,0.385547416502628
nw_dual_val_002,ExtraTrees_M1,0.8582089552238806,0.3534756115146376
nw_dual_val_003,ExtraTrees_M1,0.9278131634819533,0.03690216964127441
nw_dual_val_004,ExtraTrees_M1,0.8171052631578948,0.14351362484604752
nw_dual_val_005,ExtraTrees_M1,0.87,0.33322674423918686
nw_dual_val_006,ExtraTrees_M1,0.8220338983050848,0.35701943321460405
nw_dual_val_007,ExtraTrees_M1,0.9326923076923077,1.0263157718442966
nw_dual_val_008,ExtraTrees_M1,0.8893058161350844,0.4445676018313943
nw_dual_val_009,ExtraTrees_M1,0.8421052631578947,1.6116454748163591
nw_dual_val_010,ExtraTrees_M1,0.9144736842105263,0.22615960856610565
nw_dual_val_011,ExtraTrees_M1,0.8727272727272727,0.4125348866652777
nw_dual_val_012,ExtraTrees_M1,0.8913043478260869,0.16565260031059945
nw_dual_val_013,ExtraTrees_M1,0.8880597014925373,0.8714959960876476
nw_dual_val_014,ExtraTrees_M1,0.8611111111111112,0.33661909789154365
nw_dual_val_015,ExtraTrees_M1,0.875,0.5054692659532778
nw_dual_val_016,ExtraTrees_M1,0.8847402597402597,0.11498917679924778
nw_dual_val_017,ExtraTrees_M1,0.8880597014925373,0.1759861005007878
nw_dual_val_018,ExtraTrees_M1,0.876984126984127,0.38386217263173256
nw_dual_val_019,ExtraTrees_M1,0.8824257425742574,0.21867555303652528
nw_dual_val_020,ExtraTrees_M1,0.875,0.8443129257572373
nw_dual_val_021,ExtraTrees_M1,0.8638059701492538,0.8768437524848288
nw_dual_val_022,ExtraTrees_M1,0.8925438596491229,0.5471412711182768
nw_dual_val_023,ExtraTrees_M1,0.9233333333333333,0.1914343668928861
nw_dual_val_024,ExtraTrees_M1,0.8338028169014085,0.1645521637928246
nw_dual_val_025,ExtraTrees_M1,0.8559322033898306,0.1026555709433635
nw_dual_val_026,ExtraTrees_M1,0.9039855072463768,1.251230557860707
nw_dual_val_027,ExtraTrees_M1,0.9118852459016393,0.39478141912987796
nw_dual_val_028,ExtraTrees_M1,0.9285714285714286,0.052718733039301593
nw_dual_val_029,ExtraTrees_M1,0.8333333333333334,0.37559614960465293
nw_dual_val_030,ExtraTrees_M1,0.805327868852459,0.27135450655125354
nw_dual_val_031,ExtraTrees_M1,0.8353174603174603,0.595996833026986
nw_dual_val_032,ExtraTrees_M1,0.9098101265822784,0.6674792735611472
nw_dual_val_033,ExtraTrees_M1,0.9130434782608695,3.4236592041572025
nw_dual_val_034,ExtraTrees_M1,0.8909090909090909,0.16263359808432717
nw_dual_val_035,ExtraTrees_M1,0.8837719298245614,0.15861823667497937
nw_dual_val_036,ExtraTrees_M1,0.9173553719008265,0.175528420432697
nw_dual_val_037,ExtraTrees_M1,0.8734177215189873,0.3644586353995591
nw_dual_val_038,ExtraTrees_M1,0.7686567164179104,0.7921311301671543
nw_dual_val_039,ExtraTrees_M1,0.871268656716418,2.6417088225832943
nw_dual_val_040,ExtraTrees_M1,0.8782467532467533,1.9782277294671098
nw_dual_val_041,ExtraTrees_M1,0.8795180722891566,0.08657731685973383
nw_dual_val_042,ExtraTrees_M1,0.8870481927710844,0.43797580764767197
nw_dual_val_043,ExtraTrees_M1,0.8347457627118644,0.616436120391954
nw_dual_val_044,ExtraTrees_M1,0.8591549295774648,1.1104627703600392
nw_dual_val_045,ExtraTrees_M1,0.8376865671641791,0.4571073800689106
nw_dual_val_046,ExtraTrees_M1,0.9034810126582279,0.4545933932091447
nw_dual_val_047,ExtraTrees_M1,0.8253094910591472,0.09531237971408144
nw_dual_val_048,ExtraTrees_M1,0.8993506493506493,0.35602801399985357
nw_dual_val_049,ExtraTrees_M1,0.9003164556962026,0.4483472240273397
nw_dual_val_050,ExtraTrees_M1,0.8425324675324676,0.6911383334290383
nw_dual_val_051,ExtraTrees_M1,0.9145129224652088,1.3289076469251282
nw_dual_val_052,ExtraTrees_M1,0.805,0.35539310170995264
nw_dual_val_053,ExtraTrees_M1,0.8441558441558441,1.1116128393334015
nw_dual_val_054,ExtraTrees_M1,0.875,0.10803058530769385
nw_dual_val_055,ExtraTrees_M1,0.8591269841269841,0.4703915197122761
nw_dual_val_056,ExtraTrees_M1,0.9366197183098591,0.3378895801433618
nw_dual_val_057,ExtraTrees_M1,0.9023972602739726,0.32925158822327216
nw_dual_val_058,ExtraTrees_M1,0.9166666666666666,0.05485869795818103
nw_dual_val_059,ExtraTrees_M1,0.84,0.21448637551826807
nw_dual_val_060,ExtraTrees_M1,0.8980769230769231,0.31034601125840683
nw_retrain_0006_none_easy_seed20251432,ExtraTrees_M1,0.9129213483146067,4.572331219912941
nw_retrain_0010_crossing_moderate_seed20251824,ExtraTrees_M1,0.9291044776119403,7.227193296523325
nw_retrain_0014_vertically_overlapping_hard_seed20252216,ExtraTrees_M1,0.875,6.5891883698215326
nw_retrain_0016_vertically_overlapping_easy_seed20252543,ExtraTrees_M1,0.8595890410958904,9.711237969547799
nw_retrain_0017_approximately_parallel_moderate_seed20252641,ExtraTrees_M1,0.9253731343283582,19.434429872688497
nw_retrain_0023_crossing_easy_seed20253098,ExtraTrees_M1,0.8622881355932204,3.8095003056827133
nw_retrain_0024_converging_hard_seed20253196,ExtraTrees_M1,0.9232456140350878,10.404699193385323
nw_retrain_0061_vertically_overlapping_moderate_seed20257346,ExtraTrees_M1,0.8441558441558441,4.394688489436746
nw_retrain_0068_crossing_easy_seed20257639,ExtraTrees_M1,0.8596153846153847,9.596172569508905
nw_retrain_0077_none_easy_seed20258521,ExtraTrees_M1,0.917910447761194,1.841242169978618
nw_retrain_0078_converging_easy_seed20258488,ExtraTrees_M1,0.9084507042253521,92.61075275166259
nw_retrain_0086_vertically_overlapping_hard_seed20259272,ExtraTrees_M1,0.7933333333333333,2.556867876021117
nw_retrain_0089_none_easy_seed20259828,ExtraTrees_M1,0.8494623655913979,8.127702033882365
nw_retrain_0091_approximately_parallel_moderate_seed20259762,ExtraTrees_M1,0.8591772151898734,15.495312100488125
nw_retrain_0095_crossing_easy_seed20260285,ExtraTrees_M1,0.8472222222222222,8.46378182832393
nw_retrain_0099_vertically_overlapping_easy_seed20260677,ExtraTrees_M1,0.8931818181818182,2.5845988191768208
nw_retrain_0103_approximately_parallel_easy_seed20260938,ExtraTrees_M1,0.6544117647058824,1.2605926565141357
nw_retrain_0109_vertically_overlapping_easy_seed20261526,ExtraTrees_M1,0.9067796610169492,11.684944998584909
nw_retrain_0110_none_easy_seed20261624,ExtraTrees_M1,0.8022388059701493,0.9667860353884578
nw_retrain_0119_converging_moderate_seed20262637,ExtraTrees_M1,0.917910447761194,40.55938865180199
nw_retrain_0121_vertically_overlapping_moderate_seed20262702,ExtraTrees_M1,0.8730769230769231,1.1829100132554953
nw_retrain_0122_vertically_overlapping_easy_seed20262800,ExtraTrees_M1,0.9152542372881356,4.541233903785784
nw_retrain_0133_vertically_overlapping_moderate_seed20264009,ExtraTrees_M1,0.8899253731343284,16.602025033941764
nw_retrain_0134_crossing_moderate_seed20264107,ExtraTrees_M1,0.8916666666666667,5.4589966018363425
nw_retrain_0141_crossing_easy_seed20264924,ExtraTrees_M1,0.8412698412698413,95.02871658647514
nw_retrain_0143_none_easy_seed20264858,ExtraTrees_M1,0.8360655737704918,4.260510007885383
nw_retrain_0150_crossing_easy_seed20265675,ExtraTrees_M1,0.8448795180722891,1.44588816923627
nw_retrain_0151_approximately_parallel_moderate_seed20265773,ExtraTrees_M1,0.8483606557377049,3.5629143332613458
nw_retrain_0156_crossing_easy_seed20266132,ExtraTrees_M1,0.842391304347826,32.48912778977552
nw_retrain_0158_vertically_overlapping_easy_seed20266328,ExtraTrees_M1,0.765,23.73567349845183
nw_retrain_0161_none_easy_seed20266753,ExtraTrees_M1,0.8634020618556701,4.733880066089762
nw_retrain_0167_approximately_parallel_easy_seed20267472,ExtraTrees_M1,0.8919491525423728,24.79395542573502
nw_retrain_0171_crossing_easy_seed20267864,ExtraTrees_M1,0.8873239436619719,23.449089264543133
nw_retrain_0175_vertically_overlapping_easy_seed20267994,ExtraTrees_M1,0.7958860759493671,6.710341226631575
nw_retrain_0179_none_easy_seed20268517,ExtraTrees_M1,0.8462643678160919,7.423750064392006
nw_retrain_0181_converging_easy_seed20268582,ExtraTrees_M1,0.8831967213114754,14.620488814660916
nw_retrain_0182_crossing_moderate_seed20268680,ExtraTrees_M1,0.792910447761194,0.7235745325889495
nw_retrain_0185_none_easy_seed20268974,ExtraTrees_M1,0.8665254237288136,4.037803689080587
nw_retrain_0187_vertically_overlapping_easy_seed20269170,ExtraTrees_M1,0.7956349206349206,14.073778001498036
nw_retrain_0190_none_easy_seed20269464,ExtraTrees_M1,0.914179104477612,4.42430530498776
nw_retrain_0191_approximately_parallel_easy_seed20269562,ExtraTrees_M1,0.7846153846153846,0.47649508206245794
nw_retrain_0192_crossing_moderate_seed20269660,ExtraTrees_M1,0.9340659340659341,5.935410764968205
nw_retrain_0203_converging_moderate_seed20270869,ExtraTrees_M1,0.9123563218390804,5.674980883992263
nw_retrain_0204_converging_hard_seed20270836,ExtraTrees_M1,0.9139784946236559,9.580736729455614
nw_retrain_0214_vertically_overlapping_easy_seed20271816,ExtraTrees_M1,0.8474025974025974,0.22039179299502143
nw_retrain_0221_converging_moderate_seed20272633,ExtraTrees_M1,0.9297945205479452,7.074204861099846
nw_retrain_0224_crossing_easy_seed20273058,ExtraTrees_M1,0.9067460317460317,6.826963228522311
nw_retrain_0233_converging_hard_seed20273809,ExtraTrees_M1,0.9067460317460317,2.631943204021374
nw_retrain_0243_converging_hard_seed20274789,ExtraTrees_M1,0.8636363636363636,40.57259819361783
nw_retrain_0248_vertically_overlapping_easy_seed20275410,ExtraTrees_M1,0.8078358208955224,9.935030051153905
nw_retrain_0250_vertically_overlapping_hard_seed20275475,ExtraTrees_M1,0.7935393258426966,1.6953866393194539
nw_retrain_0254_none_easy_seed20275736,ExtraTrees_M1,0.9083333333333333,52.78799130875643
nw_retrain_0258_approximately_parallel_easy_seed20276128,ExtraTrees_M1,0.7873134328358209,1.3032059900574662
nw_retrain_0266_none_easy_seed20276912,ExtraTrees_M1,0.8866666666666667,63.26755565311701
nw_retrain_0270_approximately_parallel_easy_seed20277435,ExtraTrees_M1,0.7095070422535211,1.3045297990287037
nw_retrain_0292_approximately_parallel_easy_seed20279460,ExtraTrees_M1,0.7879213483146067,1.1786574644753975
nw_retrain_0296_converging_moderate_seed20279983,ExtraTrees_M1,0.8565573770491803,1.1941382838384078
nw_retrain_0309_none_easy_seed20281257,ExtraTrees_M1,0.8495762711864406,14.05549468473472
nw_retrain_0310_approximately_parallel_moderate_seed20281224,ExtraTrees_M1,0.8849206349206349,28.417643244902614
nw_retrain_0314_vertically_overlapping_moderate_seed20281747,ExtraTrees_M1,0.8442982456140351,32.70333382131397
nw_retrain_0321_crossing_easy_seed20282302,ExtraTrees_M1,0.8926470588235295,13.914698777398073
nw_retrain_0322_converging_moderate_seed20282662,ExtraTrees_M1,0.945,46.11061242968694
nw_retrain_0323_converging_moderate_seed20282498,ExtraTrees_M1,0.8412698412698413,37.68538416332835
nw_retrain_0326_converging_hard_seed20282923,ExtraTrees_M1,0.7230769230769231,1.1666958566396266
nw_retrain_0332_crossing_moderate_seed20283380,ExtraTrees_M1,0.8133802816901409,9.224424497869098
nw_retrain_0341_converging_moderate_seed20284393,ExtraTrees_M1,0.7766393442622951,17.027686469238873
nw_retrain_0344_converging_easy_seed20284556,ExtraTrees_M1,0.7690677966101694,8.769514432336939
nw_retrain_0346_vertically_overlapping_moderate_seed20285014,ExtraTrees_M1,0.8432203389830508,8.358654027955888
nw_retrain_0359_vertically_overlapping_moderate_seed20286026,ExtraTrees_M1,0.8707627118644068,9.751556149455539
nw_retrain_0363_vertically_overlapping_hard_seed20286418,ExtraTrees_M1,0.9066901408450704,9.379426604720772
nw_retrain_0365_none_easy_seed20286614,ExtraTrees_M1,0.8392857142857143,7.149797848028349
nw_retrain_0369_crossing_easy_seed20287006,ExtraTrees_M1,0.9173076923076923,1.397343287379329
nw_retrain_0380_none_easy_seed20288346,ExtraTrees_M1,0.8852941176470588,21.87125203504184
nw_retrain_0384_approximately_parallel_moderate_seed20288738,ExtraTrees_M1,0.9047619047619048,36.62629797638151
nw_retrain_0385_crossing_hard_seed20288574,ExtraTrees_M1,0.8995901639344263,8.258222601422723
nw_retrain_0386_none_easy_seed20288803,ExtraTrees_M1,0.8670634920634921,12.418114338588286
nw_retrain_0389_vertically_overlapping_easy_seed20289228,ExtraTrees_M1,0.8985507246376812,25.60322556656042
nw_retrain_0392_approximately_parallel_moderate_seed20289260,ExtraTrees_M1,0.8622881355932204,26.286626618693923
nw_retrain_0404_none_easy_seed20290436,ExtraTrees_M1,0.9003623188405797,0.8958862364232474
nw_retrain_0405_vertically_overlapping_hard_seed20290534,ExtraTrees_M1,0.8400537634408602,17.649366091581857
nw_retrain_0408_crossing_easy_seed20291090,ExtraTrees_M1,0.8179824561403509,1.9203371693404265
nw_retrain_0409_vertically_overlapping_easy_seed20291319,ExtraTrees_M1,0.8503521126760564,4.149489682018652
nw_retrain_0413_vertically_overlapping_easy_seed20291842,ExtraTrees_M1,0.935126582278481,18.968780973566144
nw_retrain_0415_approximately_parallel_easy_seed20291645,ExtraTrees_M1,0.9096153846153846,0.4625422288670665
nw_retrain_0416_approximately_parallel_easy_seed20291743,ExtraTrees_M1,0.8919491525423728,35.105966459036395
nw_retrain_0420_converging_moderate_seed20292004,ExtraTrees_M1,0.7931818181818182,7.50229829223165
nw_retrain_0426_vertically_overlapping_hard_seed20292592,ExtraTrees_M1,0.8496376811594203,2.120884418119832
nw_retrain_0431_none_easy_seed20293082,ExtraTrees_M1,0.8903508771929824,9.339397369601343
nw_retrain_0432_converging_moderate_seed20293311,ExtraTrees_M1,0.9050632911392406,29.56898631135088
nw_retrain_0436_none_easy_seed20293834,ExtraTrees_M1,0.8538461538461538,3.758643773956318
nw_retrain_0437_none_easy_seed20293670,ExtraTrees_M1,0.900974025974026,9.260641811375084
nw_retrain_0445_none_easy_seed20294454,ExtraTrees_M1,0.8713768115942029,5.823170583742008
nw_retrain_0446_none_easy_seed20294552,ExtraTrees_M1,0.814873417721519,1.365708051362952
nw_retrain_0453_converging_hard_seed20295238,ExtraTrees_M1,0.75,6.471180809588603
nw_retrain_0455_converging_easy_seed20295434,ExtraTrees_M1,0.7936507936507936,16.152390595043467
nw_retrain_0459_vertically_overlapping_moderate_seed20296088,ExtraTrees_M1,0.8938356164383562,7.017712480832193
nw_retrain_0465_vertically_overlapping_hard_seed20296545,ExtraTrees_M1,0.7728494623655914,33.893753103917945
nw_retrain_0468_converging_moderate_seed20296839,ExtraTrees_M1,0.8376623376623377,1.145192407483903
nw_retrain_0471_none_easy_seed20297002,ExtraTrees_M1,0.8829365079365079,0.6879311788498897
nw_retrain_0472_vertically_overlapping_moderate_seed20297231,ExtraTrees_M1,0.8728813559322034,1.7628289196534765
nw_retrain_0473_converging_moderate_seed20297198,ExtraTrees_M1,0.8650793650793651,26.98775576887163
nw_retrain_0479_converging_easy_seed20297786,ExtraTrees_M1,0.8975409836065574,2.672776429466137
nw_retrain_0486_none_easy_seed20298603,ExtraTrees_M1,0.9578651685393258,34.54142662728539
nw_retrain_0487_converging_easy_seed20298701,ExtraTrees_M1,0.8632352941176471,1.4936327009227355
nw_retrain_0493_approximately_parallel_easy_seed20299158,ExtraTrees_M1,0.9019230769230769,13.4151957268819
nw_retrain_0495_vertically_overlapping_moderate_seed20299354,ExtraTrees_M1,0.9201807228915663,2.5498472044017557
nw_retrain_0500_crossing_easy_seed20299975,ExtraTrees_M1,0.8507462686567164,13.930860358235496
nw_retrain_0505_crossing_easy_seed22078110,ExtraTrees_M1,0.9084507042253521,21.514127833877
nw_retrain_0516_none_easy_seed22079712,ExtraTrees_M1,0.9419014084507042,8.630553875862395
nw_retrain_0523_converging_easy_seed22079874,ExtraTrees_M1,0.935,0.673340759356821
nw_retrain_0541_crossing_hard_seed22081769,ExtraTrees_M1,0.7544117647058823,2.5042326321448414
nw_retrain_0546_none_easy_seed22082128,ExtraTrees_M1,0.8339552238805971,2.7909181979337765
nw_retrain_0547_approximately_parallel_moderate_seed22082619,ExtraTrees_M1,0.7313432835820896,0.3315485586622812
nw_retrain_0553_none_easy_seed22082814,ExtraTrees_M1,0.9454225352112676,13.442762421701229
nw_retrain_0562_crossing_moderate_seed22083696,ExtraTrees_M1,0.8544520547945206,6.611517179313296
nw_retrain_0566_vertically_overlapping_moderate_seed22084088,ExtraTrees_M1,0.819672131147541,1.222738614986718
nw_retrain_0570_crossing_easy_seed22084742,ExtraTrees_M1,0.9204545454545454,9.064888768585735
nw_retrain_0581_converging_hard_seed22085689,ExtraTrees_M1,0.75,1.0735198242668242
nw_retrain_0596_approximately_parallel_hard_seed22087028,ExtraTrees_M1,0.8386363636363636,5.343133008466697
nw_retrain_0600_converging_easy_seed22087551,ExtraTrees_M1,0.7816901408450704,1.6915102748133921
nw_dual_val_001,MLP_M0,0.7291666666666666,0.8874356038789312
nw_dual_val_002,MLP_M0,0.7481343283582089,0.27152531760250087
nw_dual_val_003,MLP_M0,0.5817409766454352,3.111352594974179
nw_dual_val_004,MLP_M0,0.7263157894736842,1.0505982140044325
nw_dual_val_005,MLP_M0,0.61,2.8404942348625135
nw_dual_val_006,MLP_M0,0.6705508474576272,0.928292863772316
nw_dual_val_007,MLP_M0,0.7875,1.4129279710446008
nw_dual_val_008,MLP_M0,0.7636022514071295,1.2526990127481423
nw_dual_val_009,MLP_M0,0.7127192982456141,4.997962597631469
nw_dual_val_010,MLP_M0,0.6107456140350878,5.984966976849696
nw_dual_val_011,MLP_M0,0.6372727272727273,3.8947874836896426
nw_dual_val_012,MLP_M0,0.7056159420289855,2.8620812735190846
nw_dual_val_013,MLP_M0,0.539179104477612,5.425743226729749
nw_dual_val_014,MLP_M0,0.7261904761904762,0.868573798888945
nw_dual_val_015,MLP_M0,0.8625,1.1379418631433968
nw_dual_val_016,MLP_M0,0.2784090909090909,4.331123028245022
nw_dual_val_017,MLP_M0,0.8125,0.6996479661951868
nw_dual_val_018,MLP_M0,0.7400793650793651,6.421152877598658
nw_dual_val_019,MLP_M0,0.6336633663366337,4.35397547906648
nw_dual_val_020,MLP_M0,0.6118421052631579,3.344703492402212
nw_dual_val_021,MLP_M0,0.7873134328358209,1.4003202492802693
nw_dual_val_022,MLP_M0,0.7182017543859649,1.257012291611041
nw_dual_val_023,MLP_M0,0.7216666666666667,0.7954245542592682
nw_dual_val_024,MLP_M0,0.671830985915493,0.6145525377491097
nw_dual_val_025,MLP_M0,0.7055084745762712,1.2648232405821456
nw_dual_val_026,MLP_M0,0.7608695652173914,4.623084616059995
nw_dual_val_027,MLP_M0,0.7131147540983607,2.5731327933885244
nw_dual_val_028,MLP_M0,0.8581349206349206,0.9799759946036886
nw_dual_val_029,MLP_M0,0.7467105263157895,0.43989572359486145
nw_dual_val_030,MLP_M0,0.6557377049180327,0.8272165682049785
nw_dual_val_031,MLP_M0,0.5952380952380952,2.1990142270777806
nw_dual_val_032,MLP_M0,0.7420886075949367,4.651096331945042
nw_dual_val_033,MLP_M0,0.6041666666666666,10.61771043517204
nw_dual_val_034,MLP_M0,0.7545454545454545,1.31749156503856
nw_dual_val_035,MLP_M0,0.7653508771929824,0.4476671285157784
nw_dual_val_036,MLP_M0,0.7830578512396694,0.9440980351901886
nw_dual_val_037,MLP_M0,0.6843354430379747,1.3216919819858108
nw_dual_val_038,MLP_M0,0.6772388059701493,1.3193349830611443
nw_dual_val_039,MLP_M0,0.6380597014925373,4.34973390593454
nw_dual_val_040,MLP_M0,0.6631493506493507,2.442098639410703
nw_dual_val_041,MLP_M0,0.6257530120481928,1.591193297873972
nw_dual_val_042,MLP_M0,0.35918674698795183,3.892162439092677
nw_dual_val_043,MLP_M0,0.7245762711864406,1.1402758464507836
nw_dual_val_044,MLP_M0,0.7464788732394366,2.284738543585639
nw_dual_val_045,MLP_M0,0.6847014925373134,0.5564910768750899
nw_dual_val_046,MLP_M0,0.747626582278481,1.1729399240646516
nw_dual_val_047,MLP_M0,0.8383768913342503,1.5010510833518216
nw_dual_val_048,MLP_M0,0.7232142857142857,1.439473984650046
nw_dual_val_049,MLP_M0,0.7302215189873418,3.106995954610823
nw_dual_val_050,MLP_M0,0.6428571428571429,0.7366803700417062
nw_dual_val_051,MLP_M0,0.7514910536779325,2.012956592452144
nw_dual_val_052,MLP_M0,0.5833333333333334,1.8659655897487837
nw_dual_val_053,MLP_M0,0.7784090909090909,0.6484244431591428
nw_dual_val_054,MLP_M0,0.7470238095238095,1.0659629736268437
nw_dual_val_055,MLP_M0,0.6815476190476191,1.6355063138314851
nw_dual_val_056,MLP_M0,0.7544014084507042,4.8071541802584985
nw_dual_val_057,MLP_M0,0.7106164383561644,0.9797588653509832
nw_dual_val_058,MLP_M0,0.7192982456140351,0.5355326263022477
nw_dual_val_059,MLP_M0,0.6733333333333333,0.5976983788142283
nw_dual_val_060,MLP_M0,0.7269230769230769,1.3669985002928713
nw_retrain_0006_none_easy_seed20251432,MLP_M0,0.8202247191011236,6.0502990615061805
nw_retrain_0010_crossing_moderate_seed20251824,MLP_M0,0.9039179104477612,8.308797048539617
nw_retrain_0014_vertically_overlapping_hard_seed20252216,MLP_M0,0.8117647058823529,7.585748141115713
nw_retrain_0016_vertically_overlapping_easy_seed20252543,MLP_M0,0.821917808219178,11.142999180757291
nw_retrain_0017_approximately_parallel_moderate_seed20252641,MLP_M0,0.9160447761194029,29.848272949526695
nw_retrain_0023_crossing_easy_seed20253098,MLP_M0,0.7478813559322034,6.77822412631707
nw_retrain_0024_converging_hard_seed20253196,MLP_M0,0.7927631578947368,27.118789221208708
nw_retrain_0061_vertically_overlapping_moderate_seed20257346,MLP_M0,0.788961038961039,7.234907677177257
nw_retrain_0068_crossing_easy_seed20257639,MLP_M0,0.8461538461538461,10.688408878524248
nw_retrain_0077_none_easy_seed20258521,MLP_M0,0.8283582089552238,5.105255014968044
nw_retrain_0078_converging_easy_seed20258488,MLP_M0,0.8732394366197183,35.411181775730455
nw_retrain_0086_vertically_overlapping_hard_seed20259272,MLP_M0,0.7583333333333333,2.088441952817751
nw_retrain_0089_none_easy_seed20259828,MLP_M0,0.7762096774193549,23.079140334354754
nw_retrain_0091_approximately_parallel_moderate_seed20259762,MLP_M0,0.8433544303797469,31.525045580999112
nw_retrain_0095_crossing_easy_seed20260285,MLP_M0,0.8035714285714286,19.157740082970413
nw_retrain_0099_vertically_overlapping_easy_seed20260677,MLP_M0,0.7534090909090909,7.337999623422107
nw_retrain_0103_approximately_parallel_easy_seed20260938,MLP_M0,0.44632352941176473,2.3254119034258247
nw_retrain_0109_vertically_overlapping_easy_seed20261526,MLP_M0,0.8760593220338984,4.7094970664564375
nw_retrain_0110_none_easy_seed20261624,MLP_M0,0.42630597014925375,3.637765761619171
nw_retrain_0119_converging_moderate_seed20262637,MLP_M0,0.9085820895522388,35.905466446632424
nw_retrain_0121_vertically_overlapping_moderate_seed20262702,MLP_M0,0.6836538461538462,3.591386960921759
nw_retrain_0122_vertically_overlapping_easy_seed20262800,MLP_M0,0.8601694915254238,7.854269797140228
nw_retrain_0133_vertically_overlapping_moderate_seed20264009,MLP_M0,0.8488805970149254,11.752342123009583
nw_retrain_0134_crossing_moderate_seed20264107,MLP_M0,0.8791666666666667,5.9887906198064425
nw_retrain_0141_crossing_easy_seed20264924,MLP_M0,0.8035714285714286,26.767048509571623
nw_retrain_0143_none_easy_seed20264858,MLP_M0,0.7838114754098361,4.97843564898665
nw_retrain_0150_crossing_easy_seed20265675,MLP_M0,0.8411144578313253,4.360180612268746
nw_retrain_0151_approximately_parallel_moderate_seed20265773,MLP_M0,0.7858606557377049,9.514295233880231
nw_retrain_0156_crossing_easy_seed20266132,MLP_M0,0.822463768115942,29.804742688027073
nw_retrain_0158_vertically_overlapping_easy_seed20266328,MLP_M0,0.7441666666666666,27.473194040451165
nw_retrain_0161_none_easy_seed20266753,MLP_M0,0.7570876288659794,19.16604800561384
nw_retrain_0167_approximately_parallel_easy_seed20267472,MLP_M0,0.8538135593220338,35.40790090154429
nw_retrain_0171_crossing_easy_seed20267864,MLP_M0,0.738556338028169,26.532956907258285
nw_retrain_0175_vertically_overlapping_easy_seed20267994,MLP_M0,0.7666139240506329,57.17830121792137
nw_retrain_0179_none_easy_seed20268517,MLP_M0,0.7370689655172413,29.165706329797665
nw_retrain_0181_converging_easy_seed20268582,MLP_M0,0.8637295081967213,8.5833140869643
nw_retrain_0182_crossing_moderate_seed20268680,MLP_M0,0.6371268656716418,2.4546216735030346
nw_retrain_0185_none_easy_seed20268974,MLP_M0,0.7372881355932204,11.600636634501994
nw_retrain_0187_vertically_overlapping_easy_seed20269170,MLP_M0,0.6785714285714286,15.104486810119491
nw_retrain_0190_none_easy_seed20269464,MLP_M0,0.8992537313432836,7.049763629201692
nw_retrain_0191_approximately_parallel_easy_seed20269562,MLP_M0,0.5384615384615384,3.081752998807279
nw_retrain_0192_crossing_moderate_seed20269660,MLP_M0,0.8873626373626373,17.457230417076886
nw_retrain_0203_converging_moderate_seed20270869,MLP_M0,0.8814655172413793,15.576674205763101
nw_retrain_0204_converging_hard_seed20270836,MLP_M0,0.8696236559139785,28.58633650300728
nw_retrain_0214_vertically_overlapping_easy_seed20271816,MLP_M0,0.6826298701298701,0.8793995992965048
nw_retrain_0221_converging_moderate_seed20272633,MLP_M0,0.9332191780821918,10.936097379425478
nw_retrain_0224_crossing_easy_seed20273058,MLP_M0,0.8313492063492064,2.5818024662312977
nw_retrain_0233_converging_hard_seed20273809,MLP_M0,0.8581349206349206,30.722112900175482
nw_retrain_0243_converging_hard_seed20274789,MLP_M0,0.8628246753246753,38.3449107020216
nw_retrain_0248_vertically_overlapping_easy_seed20275410,MLP_M0,0.7527985074626866,61.62361677675183
nw_retrain_0250_vertically_overlapping_hard_seed20275475,MLP_M0,0.5351123595505618,8.73435268470897
nw_retrain_0254_none_easy_seed20275736,MLP_M0,0.8691666666666666,8.961938418529334
nw_retrain_0258_approximately_parallel_easy_seed20276128,MLP_M0,0.498134328358209,5.960178246765957
nw_retrain_0266_none_easy_seed20276912,MLP_M0,0.8325,67.44932032272354
nw_retrain_0270_approximately_parallel_easy_seed20277435,MLP_M0,0.5088028169014085,6.194898182789108
nw_retrain_0292_approximately_parallel_easy_seed20279460,MLP_M0,0.5379213483146067,0.8525169622809209
nw_retrain_0296_converging_moderate_seed20279983,MLP_M0,0.798155737704918,4.539988304729749
nw_retrain_0309_none_easy_seed20281257,MLP_M0,0.8305084745762712,20.28739139197254
nw_retrain_0310_approximately_parallel_moderate_seed20281224,MLP_M0,0.873015873015873,30.37332502916764
nw_retrain_0314_vertically_overlapping_moderate_seed20281747,MLP_M0,0.8322368421052632,21.83876339558868
nw_retrain_0321_crossing_easy_seed20282302,MLP_M0,0.8375,3.644619281188233
nw_retrain_0322_converging_moderate_seed20282662,MLP_M0,0.8358333333333333,7.26303468913467
nw_retrain_0323_converging_moderate_seed20282498,MLP_M0,0.7946428571428571,10.990268317569141
nw_retrain_0326_converging_hard_seed20282923,MLP_M0,0.6509615384615385,5.232927523761342
nw_retrain_0332_crossing_moderate_seed20283380,MLP_M0,0.7130281690140845,5.592913295514306
nw_retrain_0341_converging_moderate_seed20284393,MLP_M0,0.7243852459016393,15.770783222246687
nw_retrain_0344_converging_easy_seed20284556,MLP_M0,0.6875,31.591354961908497
nw_retrain_0346_vertically_overlapping_moderate_seed20285014,MLP_M0,0.777542372881356,10.450321411718264
nw_retrain_0359_vertically_overlapping_moderate_seed20286026,MLP_M0,0.8125,16.916256795812142
nw_retrain_0363_vertically_overlapping_hard_seed20286418,MLP_M0,0.8776408450704225,18.59301903623172
nw_retrain_0365_none_easy_seed20286614,MLP_M0,0.8134920634920635,9.326346549089005
nw_retrain_0369_crossing_easy_seed20287006,MLP_M0,0.885576923076923,3.8679167222871995
nw_retrain_0380_none_easy_seed20288346,MLP_M0,0.8661764705882353,19.957154311443112
nw_retrain_0384_approximately_parallel_moderate_seed20288738,MLP_M0,0.8392857142857143,46.442191446478354
nw_retrain_0385_crossing_hard_seed20288574,MLP_M0,0.8883196721311475,11.658968245879812
nw_retrain_0386_none_easy_seed20288803,MLP_M0,0.8194444444444444,11.209993211869735
nw_retrain_0389_vertically_overlapping_easy_seed20289228,MLP_M0,0.875,23.886557085245585
nw_retrain_0392_approximately_parallel_moderate_seed20289260,MLP_M0,0.8548728813559322,5.5966505240528495
nw_retrain_0404_none_easy_seed20290436,MLP_M0,0.8523550724637681,3.460733287975718
nw_retrain_0405_vertically_overlapping_hard_seed20290534,MLP_M0,0.7788978494623656,22.778896462941322
nw_retrain_0408_crossing_easy_seed20291090,MLP_M0,0.7664473684210527,2.755504367890788
nw_retrain_0409_vertically_overlapping_easy_seed20291319,MLP_M0,0.7570422535211268,4.672993830848446
nw_retrain_0413_vertically_overlapping_easy_seed20291842,MLP_M0,0.930379746835443,16.531109124343097
nw_retrain_0415_approximately_parallel_easy_seed20291645,MLP_M0,0.7451923076923077,2.563750274446945
nw_retrain_0416_approximately_parallel_easy_seed20291743,MLP_M0,0.8008474576271186,45.533902846489696
nw_retrain_0420_converging_moderate_seed20292004,MLP_M0,0.7295454545454545,14.779085304311144
nw_retrain_0426_vertically_overlapping_hard_seed20292592,MLP_M0,0.7789855072463768,2.9630579854533114
nw_retrain_0431_none_easy_seed20293082,MLP_M0,0.8497807017543859,15.554459312761576
nw_retrain_0432_converging_moderate_seed20293311,MLP_M0,0.8710443037974683,8.152195876853032
nw_retrain_0436_none_easy_seed20293834,MLP_M0,0.7413461538461539,6.163989692160312
nw_retrain_0437_none_easy_seed20293670,MLP_M0,0.8181818181818182,20.234679700501992
nw_retrain_0445_none_easy_seed20294454,MLP_M0,0.7237318840579711,13.193046323084394
nw_retrain_0446_none_easy_seed20294552,MLP_M0,0.6914556962025317,7.023685172913301
nw_retrain_0453_converging_hard_seed20295238,MLP_M0,0.628177966101695,9.932392274722508
nw_retrain_0455_converging_easy_seed20295434,MLP_M0,0.7757936507936508,21.196798842281396
nw_retrain_0459_vertically_overlapping_moderate_seed20296088,MLP_M0,0.836472602739726,12.823552444752867
nw_retrain_0465_vertically_overlapping_hard_seed20296545,MLP_M0,0.7473118279569892,30.854184389411433
nw_retrain_0468_converging_moderate_seed20296839,MLP_M0,0.7930194805194806,1.7436122903466373
nw_retrain_0471_none_easy_seed20297002,MLP_M0,0.7529761904761905,5.443449653853742
nw_retrain_0472_vertically_overlapping_moderate_seed20297231,MLP_M0,0.7489406779661016,13.70854124201199
nw_retrain_0473_converging_moderate_seed20297198,MLP_M0,0.7410714285714286,6.520334322102153
nw_retrain_0479_converging_easy_seed20297786,MLP_M0,0.8657786885245902,16.35297659040871
nw_retrain_0486_none_easy_seed20298603,MLP_M0,0.9269662921348315,42.896135760567844
nw_retrain_0487_converging_easy_seed20298701,MLP_M0,0.8036764705882353,2.21728327191892
nw_retrain_0493_approximately_parallel_easy_seed20299158,MLP_M0,0.7548076923076923,16.421615538478225
nw_retrain_0495_vertically_overlapping_moderate_seed20299354,MLP_M0,0.9066265060240963,73.08770660278552
nw_retrain_0500_crossing_easy_seed20299975,MLP_M0,0.7565298507462687,16.454087566087576
nw_retrain_0505_crossing_easy_seed22078110,MLP_M0,0.8785211267605634,24.66733545288096
nw_retrain_0516_none_easy_seed22079712,MLP_M0,0.8996478873239436,20.588128531929822
nw_retrain_0523_converging_easy_seed22079874,MLP_M0,0.7925,3.2762443258999765
nw_retrain_0541_crossing_hard_seed22081769,MLP_M0,0.736764705882353,4.781446841714281
nw_retrain_0546_none_easy_seed22082128,MLP_M0,0.7901119402985075,6.62010153000101
nw_retrain_0547_approximately_parallel_moderate_seed22082619,MLP_M0,0.7238805970149254,0.9639134167004574
nw_retrain_0553_none_easy_seed22082814,MLP_M0,0.9049295774647887,22.271667640816112
nw_retrain_0562_crossing_moderate_seed22083696,MLP_M0,0.684931506849315,9.213719214607027
nw_retrain_0566_vertically_overlapping_moderate_seed22084088,MLP_M0,0.6854508196721312,2.735842286109224
nw_retrain_0570_crossing_easy_seed22084742,MLP_M0,0.9042207792207793,11.492821073356513
nw_retrain_0581_converging_hard_seed22085689,MLP_M0,0.5271739130434783,3.044746081697354
nw_retrain_0596_approximately_parallel_hard_seed22087028,MLP_M0,0.7761363636363636,13.390893528026037
nw_retrain_0600_converging_easy_seed22087551,MLP_M0,0.5580985915492958,3.838267636143751
nw_dual_val_001,MLP_M1,0.7463768115942029,0.7548709076484927
nw_dual_val_002,MLP_M1,0.7593283582089553,1.199374566704059
nw_dual_val_003,MLP_M1,0.6422505307855626,1.255464918747239
nw_dual_val_004,MLP_M1,0.756578947368421,0.6980542416613196
nw_dual_val_005,MLP_M1,0.6858333333333333,2.727065982689162
nw_dual_val_006,MLP_M1,0.722457627118644,1.0134346435454336
nw_dual_val_007,MLP_M1,0.8442307692307692,1.3123600634709434
nw_dual_val_008,MLP_M1,0.7288930581613509,0.9587362994960114
nw_dual_val_009,MLP_M1,0.7576754385964912,3.1802116814470773
nw_dual_val_010,MLP_M1,0.7280701754385965,3.63564788476927
nw_dual_val_011,MLP_M1,0.7118181818181818,5.512969248117244
nw_dual_val_012,MLP_M1,0.7273550724637681,3.7439901346646693
nw_dual_val_013,MLP_M1,0.5736940298507462,4.349635762615375
nw_dual_val_014,MLP_M1,0.8174603174603174,0.7761263360228682
nw_dual_val_015,MLP_M1,0.7932692307692307,1.4574311613429443
nw_dual_val_016,MLP_M1,0.49594155844155846,3.906508015536082
nw_dual_val_017,MLP_M1,0.7714552238805971,0.8796089644034926
nw_dual_val_018,MLP_M1,0.7440476190476191,8.796570000434961
nw_dual_val_019,MLP_M1,0.7568069306930693,0.18666380651076098
nw_dual_val_020,MLP_M1,0.7302631578947368,6.103018600909937
nw_dual_val_021,MLP_M1,0.6716417910447762,1.9085794098174897
nw_dual_val_022,MLP_M1,0.7346491228070176,1.9098525611605741
nw_dual_val_023,MLP_M1,0.8108333333333333,1.5055767424867137
nw_dual_val_024,MLP_M1,0.6915492957746479,0.7625369113598114
nw_dual_val_025,MLP_M1,0.7245762711864406,0.36908360587001837
nw_dual_val_026,MLP_M1,0.7563405797101449,7.650499759076139
nw_dual_val_027,MLP_M1,0.7274590163934426,3.373105906375897
nw_dual_val_028,MLP_M1,0.7599206349206349,0.2242843849534612
nw_dual_val_029,MLP_M1,0.6754385964912281,0.6422135089419753
nw_dual_val_030,MLP_M1,0.6557377049180327,0.4809495215819216
nw_dual_val_031,MLP_M1,0.5863095238095238,1.6710030305231505
nw_dual_val_032,MLP_M1,0.7262658227848101,9.15547710356294
nw_dual_val_033,MLP_M1,0.6992753623188406,4.524611437867561
nw_dual_val_034,MLP_M1,0.7284090909090909,1.9922326227320741
nw_dual_val_035,MLP_M1,0.7960526315789473,0.35932009839711687
nw_dual_val_036,MLP_M1,0.7086776859504132,2.7933399265381125
nw_dual_val_037,MLP_M1,0.6487341772151899,1.2008017326967892
nw_dual_val_038,MLP_M1,0.667910447761194,0.7989256114262542
nw_dual_val_039,MLP_M1,0.7332089552238806,4.848140217698965
nw_dual_val_040,MLP_M1,0.6209415584415584,5.529821494318484
nw_dual_val_041,MLP_M1,0.7198795180722891,2.7491091723533083
nw_dual_val_042,MLP_M1,0.588855421686747,3.2315326376013678
nw_dual_val_043,MLP_M1,0.736228813559322,1.6000610119850045
nw_dual_val_044,MLP_M1,0.7816901408450704,4.139101748614641
nw_dual_val_045,MLP_M1,0.7276119402985075,1.07826366953018
nw_dual_val_046,MLP_M1,0.752373417721519,1.0994552641540098
nw_dual_val_047,MLP_M1,0.7551581843191196,0.42323924730772866
nw_dual_val_048,MLP_M1,0.7418831168831169,1.1707650402397864
nw_dual_val_049,MLP_M1,0.7555379746835443,2.4050918088956594
nw_dual_val_050,MLP_M1,0.786525974025974,1.387268538427656
nw_dual_val_051,MLP_M1,0.731610337972167,1.5206524786440163
nw_dual_val_052,MLP_M1,0.6783333333333333,1.5677100252461444
nw_dual_val_053,MLP_M1,0.7816558441558441,0.7080294211394194
nw_dual_val_054,MLP_M1,0.6200396825396826,3.1128890856854037
nw_dual_val_055,MLP_M1,0.6378968253968254,1.6485092005219086
nw_dual_val_056,MLP_M1,0.8063380281690141,5.15936959326614
nw_dual_val_057,MLP_M1,0.708904109589041,0.311146794813738
nw_dual_val_058,MLP_M1,0.6885964912280702,2.329704140276065
nw_dual_val_059,MLP_M1,0.6683333333333333,2.145222921965423
nw_dual_val_060,MLP_M1,0.7807692307692308,1.3676381166866602
nw_retrain_0006_none_easy_seed20251432,MLP_M1,0.8146067415730337,3.7982772195838814
nw_retrain_0010_crossing_moderate_seed20251824,MLP_M1,0.9085820895522388,35.42736250528061
nw_retrain_0014_vertically_overlapping_hard_seed20252216,MLP_M1,0.8088235294117647,12.065331576374088
nw_retrain_0016_vertically_overlapping_easy_seed20252543,MLP_M1,0.8202054794520548,10.149690781009001
nw_retrain_0017_approximately_parallel_moderate_seed20252641,MLP_M1,0.8843283582089553,100.8403189579013
nw_retrain_0023_crossing_easy_seed20253098,MLP_M1,0.739406779661017,8.299967591680947
nw_retrain_0024_converging_hard_seed20253196,MLP_M1,0.8442982456140351,19.840550873635173
nw_retrain_0061_vertically_overlapping_moderate_seed20257346,MLP_M1,0.7597402597402597,6.831890869137711
nw_retrain_0068_crossing_easy_seed20257639,MLP_M1,0.8384615384615385,4.017233003035041
nw_retrain_0077_none_easy_seed20258521,MLP_M1,0.9197761194029851,4.561210677926443
nw_retrain_0078_converging_easy_seed20258488,MLP_M1,0.8890845070422535,40.882129978541656
nw_retrain_0086_vertically_overlapping_hard_seed20259272,MLP_M1,0.785,6.900008847977125
nw_retrain_0089_none_easy_seed20259828,MLP_M1,0.7809139784946236,11.237539058725167
nw_retrain_0091_approximately_parallel_moderate_seed20259762,MLP_M1,0.8338607594936709,32.069574120700025
nw_retrain_0095_crossing_easy_seed20260285,MLP_M1,0.7797619047619048,19.619439709409797
nw_retrain_0099_vertically_overlapping_easy_seed20260677,MLP_M1,0.7886363636363637,9.29149234117051
nw_retrain_0103_approximately_parallel_easy_seed20260938,MLP_M1,0.513235294117647,2.953004055680639
nw_retrain_0109_vertically_overlapping_easy_seed20261526,MLP_M1,0.875,3.5358146521439786
nw_retrain_0110_none_easy_seed20261624,MLP_M1,0.4962686567164179,4.094816397738735
nw_retrain_0119_converging_moderate_seed20262637,MLP_M1,0.9067164179104478,21.66140591801316
nw_retrain_0121_vertically_overlapping_moderate_seed20262702,MLP_M1,0.7846153846153846,0.6697527770689877
nw_retrain_0122_vertically_overlapping_easy_seed20262800,MLP_M1,0.8813559322033898,33.54747866147879
nw_retrain_0133_vertically_overlapping_moderate_seed20264009,MLP_M1,0.8899253731343284,32.03075089935812
nw_retrain_0134_crossing_moderate_seed20264107,MLP_M1,0.8583333333333333,4.6446334917028995
nw_retrain_0141_crossing_easy_seed20264924,MLP_M1,0.8214285714285714,98.0577825015757
nw_retrain_0143_none_easy_seed20264858,MLP_M1,0.805327868852459,6.449399504192013
nw_retrain_0150_crossing_easy_seed20265675,MLP_M1,0.8268072289156626,77.39065480304156
nw_retrain_0151_approximately_parallel_moderate_seed20265773,MLP_M1,0.7622950819672131,11.287975313064226
nw_retrain_0156_crossing_easy_seed20266132,MLP_M1,0.8442028985507246,15.524776493424145
nw_retrain_0158_vertically_overlapping_easy_seed20266328,MLP_M1,0.8,15.010211585055316
nw_retrain_0161_none_easy_seed20266753,MLP_M1,0.7925257731958762,18.477609719863683
nw_retrain_0167_approximately_parallel_easy_seed20267472,MLP_M1,0.8411016949152542,27.873154838746984
nw_retrain_0171_crossing_easy_seed20267864,MLP_M1,0.8257042253521126,2.3483668337686128
nw_retrain_0175_vertically_overlapping_easy_seed20267994,MLP_M1,0.7879746835443038,11.74679032389347
nw_retrain_0179_none_easy_seed20268517,MLP_M1,0.7471264367816092,46.37704857305459
nw_retrain_0181_converging_easy_seed20268582,MLP_M1,0.8709016393442623,35.486449542420715
nw_retrain_0182_crossing_moderate_seed20268680,MLP_M1,0.7257462686567164,1.2898457287397243
nw_retrain_0185_none_easy_seed20268974,MLP_M1,0.7860169491525424,20.08853033193324
nw_retrain_0187_vertically_overlapping_easy_seed20269170,MLP_M1,0.7182539682539683,15.030520064200156
nw_retrain_0190_none_easy_seed20269464,MLP_M1,0.9123134328358209,4.6371089850734135
nw_retrain_0191_approximately_parallel_easy_seed20269562,MLP_M1,0.6230769230769231,2.401626090832081
nw_retrain_0192_crossing_moderate_seed20269660,MLP_M1,0.8983516483516484,7.889757497199376
nw_retrain_0203_converging_moderate_seed20270869,MLP_M1,0.8793103448275862,5.480156519108432
nw_retrain_0204_converging_hard_seed20270836,MLP_M1,0.8655913978494624,27.38274059124002
nw_retrain_0214_vertically_overlapping_easy_seed20271816,MLP_M1,0.7711038961038961,0.35686263023184595
nw_retrain_0221_converging_moderate_seed20272633,MLP_M1,0.9126712328767124,16.435213814563912
nw_retrain_0224_crossing_easy_seed20273058,MLP_M1,0.8948412698412699,11.71058926631029
nw_retrain_0233_converging_hard_seed20273809,MLP_M1,0.8432539682539683,31.821438340265143
nw_retrain_0243_converging_hard_seed20274789,MLP_M1,0.8457792207792207,34.20688237319007
nw_retrain_0248_vertically_overlapping_easy_seed20275410,MLP_M1,0.7705223880597015,27.064257456626613
nw_retrain_0250_vertically_overlapping_hard_seed20275475,MLP_M1,0.6053370786516854,8.883220064008386
nw_retrain_0254_none_easy_seed20275736,MLP_M1,0.87,10.451654290584443
nw_retrain_0258_approximately_parallel_easy_seed20276128,MLP_M1,0.5783582089552238,4.142490697234754
nw_retrain_0266_none_easy_seed20276912,MLP_M1,0.8416666666666667,79.67513416349122
nw_retrain_0270_approximately_parallel_easy_seed20277435,MLP_M1,0.579225352112676,7.174666012932583
nw_retrain_0292_approximately_parallel_easy_seed20279460,MLP_M1,0.6039325842696629,2.8589457307891903
nw_retrain_0296_converging_moderate_seed20279983,MLP_M1,0.8176229508196722,7.743279153354125
nw_retrain_0309_none_easy_seed20281257,MLP_M1,0.826271186440678,27.836002930124124
nw_retrain_0310_approximately_parallel_moderate_seed20281224,MLP_M1,0.8511904761904762,27.128731583993794
nw_retrain_0314_vertically_overlapping_moderate_seed20281747,MLP_M1,0.8399122807017544,29.709794129353327
nw_retrain_0321_crossing_easy_seed20282302,MLP_M1,0.8338235294117647,6.295467901552033
nw_retrain_0322_converging_moderate_seed20282662,MLP_M1,0.9033333333333333,67.15647631072781
nw_retrain_0323_converging_moderate_seed20282498,MLP_M1,0.8511904761904762,5.483589999033177
nw_retrain_0326_converging_hard_seed20282923,MLP_M1,0.6942307692307692,2.136852349019444
nw_retrain_0332_crossing_moderate_seed20283380,MLP_M1,0.7253521126760564,8.854038339807058
nw_retrain_0341_converging_moderate_seed20284393,MLP_M1,0.7581967213114754,15.912653023758072
nw_retrain_0344_converging_easy_seed20284556,MLP_M1,0.6970338983050848,25.705017820094167
nw_retrain_0346_vertically_overlapping_moderate_seed20285014,MLP_M1,0.7754237288135594,6.8756820651659485
nw_retrain_0359_vertically_overlapping_moderate_seed20286026,MLP_M1,0.7923728813559322,12.77590999029682
nw_retrain_0363_vertically_overlapping_hard_seed20286418,MLP_M1,0.8838028169014085,14.872464044583046
nw_retrain_0365_none_easy_seed20286614,MLP_M1,0.8035714285714286,18.95013887058667
nw_retrain_0369_crossing_easy_seed20287006,MLP_M1,0.8961538461538462,17.092607251175487
nw_retrain_0380_none_easy_seed20288346,MLP_M1,0.8823529411764706,24.472313158916535
nw_retrain_0384_approximately_parallel_moderate_seed20288738,MLP_M1,0.8253968253968254,54.62901438733807
nw_retrain_0385_crossing_hard_seed20288574,MLP_M1,0.8831967213114754,49.375761076903665
nw_retrain_0386_none_easy_seed20288803,MLP_M1,0.8095238095238095,10.227353526407878
nw_retrain_0389_vertically_overlapping_easy_seed20289228,MLP_M1,0.894927536231884,10.43617430573136
nw_retrain_0392_approximately_parallel_moderate_seed20289260,MLP_M1,0.847457627118644,18.248269535115536
nw_retrain_0404_none_easy_seed20290436,MLP_M1,0.8586956521739131,2.544778343000273
nw_retrain_0405_vertically_overlapping_hard_seed20290534,MLP_M1,0.8158602150537635,19.561610569974153
nw_retrain_0408_crossing_easy_seed20291090,MLP_M1,0.7346491228070176,9.284273337957774
nw_retrain_0409_vertically_overlapping_easy_seed20291319,MLP_M1,0.7992957746478874,5.370119279295281
nw_retrain_0413_vertically_overlapping_easy_seed20291842,MLP_M1,0.9050632911392406,14.372100044673314
nw_retrain_0415_approximately_parallel_easy_seed20291645,MLP_M1,0.7538461538461538,4.755991373780951
nw_retrain_0416_approximately_parallel_easy_seed20291743,MLP_M1,0.8008474576271186,88.1119938927122
nw_retrain_0420_converging_moderate_seed20292004,MLP_M1,0.6863636363636364,5.0061478176325895
nw_retrain_0426_vertically_overlapping_hard_seed20292592,MLP_M1,0.8115942028985508,4.7240417808094834
nw_retrain_0431_none_easy_seed20293082,MLP_M1,0.868421052631579,9.931584976390763
nw_retrain_0432_converging_moderate_seed20293311,MLP_M1,0.8591772151898734,9.270799727950811
nw_retrain_0436_none_easy_seed20293834,MLP_M1,0.825,4.477063363767213
nw_retrain_0437_none_easy_seed20293670,MLP_M1,0.8181818181818182,24.550695777229258
nw_retrain_0445_none_easy_seed20294454,MLP_M1,0.8514492753623188,0.9615712891192179
nw_retrain_0446_none_easy_seed20294552,MLP_M1,0.7689873417721519,7.476869486975223
nw_retrain_0453_converging_hard_seed20295238,MLP_M1,0.6758474576271186,16.65693178104733
nw_retrain_0455_converging_easy_seed20295434,MLP_M1,0.7261904761904762,20.659347718374995
nw_retrain_0459_vertically_overlapping_moderate_seed20296088,MLP_M1,0.8441780821917808,36.22120948932375
nw_retrain_0465_vertically_overlapping_hard_seed20296545,MLP_M1,0.75,37.28361445142249
nw_retrain_0468_converging_moderate_seed20296839,MLP_M1,0.7564935064935064,2.230205126071344
nw_retrain_0471_none_easy_seed20297002,MLP_M1,0.8293650793650794,5.371391723947264
nw_retrain_0472_vertically_overlapping_moderate_seed20297231,MLP_M1,0.8432203389830508,9.436796104328687
nw_retrain_0473_converging_moderate_seed20297198,MLP_M1,0.8849206349206349,76.82528420994022
nw_retrain_0479_converging_easy_seed20297786,MLP_M1,0.8688524590163934,15.828328350537287
nw_retrain_0486_none_easy_seed20298603,MLP_M1,0.9508426966292135,33.014024661427115
nw_retrain_0487_converging_easy_seed20298701,MLP_M1,0.8441176470588235,2.6070704348869422
nw_retrain_0493_approximately_parallel_easy_seed20299158,MLP_M1,0.8,35.75772575520005
nw_retrain_0495_vertically_overlapping_moderate_seed20299354,MLP_M1,0.9126506024096386,9.876776773215374
nw_retrain_0500_crossing_easy_seed20299975,MLP_M1,0.8488805970149254,14.119641768188448
nw_retrain_0505_crossing_easy_seed22078110,MLP_M1,0.8802816901408451,23.727487212333713
nw_retrain_0516_none_easy_seed22079712,MLP_M1,0.9102112676056338,34.052654811948265
nw_retrain_0523_converging_easy_seed22079874,MLP_M1,0.8966666666666666,1.8783871998438328
nw_retrain_0541_crossing_hard_seed22081769,MLP_M1,0.6779411764705883,3.882428957289753
nw_retrain_0546_none_easy_seed22082128,MLP_M1,0.7238805970149254,19.658993594585727
nw_retrain_0547_approximately_parallel_moderate_seed22082619,MLP_M1,0.7518656716417911,0.7813287652398467
nw_retrain_0553_none_easy_seed22082814,MLP_M1,0.9119718309859155,21.73703696443288
nw_retrain_0562_crossing_moderate_seed22083696,MLP_M1,0.7756849315068494,9.21094130128835
nw_retrain_0566_vertically_overlapping_moderate_seed22084088,MLP_M1,0.764344262295082,18.316874147089873
nw_retrain_0570_crossing_easy_seed22084742,MLP_M1,0.9253246753246753,10.997930551822845
nw_retrain_0581_converging_hard_seed22085689,MLP_M1,0.5217391304347826,4.302965520913942
nw_retrain_0596_approximately_parallel_hard_seed22087028,MLP_M1,0.8113636363636364,10.76184448754014
nw_retrain_0600_converging_easy_seed22087551,MLP_M1,0.6461267605633803,3.24343680273953
