population,stratum,comparison,delta_accuracy,ci_lo,ci_hi,n_pairs
full25D,all,C1_current8-C0_M0,0.02433179723502299,0.009330363480152464,0.03880900858013802,5425
full25D,all,C2_history2-C0_M0,0.02506912442396314,0.009938063305331443,0.04033189649082008,5425
full25D,all,C3_fullT-C0_M0,0.04239631336405525,0.0266258911793689,0.05600333733653484,5425
full25D,all,C1_current8-C4_shuffle,0.02783410138248843,0.011566302198466443,0.043494160371980804,5425
full25D,all,C2_history2-C4_shuffle,0.02857142857142858,0.010137782507132872,0.04661831733791018,5425
full25D,all,C3_fullT-C4_shuffle,0.04589861751152069,0.028856245967853265,0.0629468048128205,5425
full25D,all,C1_current8-C5_random,0.021198156682027625,0.0047816943585940585,0.036747156514453365,5425
full25D,all,C2_history2-C5_random,0.021935483870967776,0.0060959170526634935,0.03784107754660492,5425
full25D,all,C3_fullT-C5_random,0.039262672811059884,0.023363511221545983,0.05591333790984397,5425
full25D,gt_0.5sigma,C1_current8-C0_M0,0.02634880803011297,0.007791955126585481,0.04603642563744867,797
full25D,gt_0.5sigma,C2_history2-C0_M0,0.02258469259723972,0.0024588376161203992,0.04636146619436317,797
full25D,gt_0.5sigma,C3_fullT-C0_M0,0.025094102885821923,0.007471284791214119,0.04534291275475152,797
full25D,gt_0.5sigma,C1_current8-C4_shuffle,0.020075282308657516,0.0025739198618375593,0.03904423878138169,797
full25D,gt_0.5sigma,C2_history2-C4_shuffle,0.016311166875784266,-0.0024697515470582495,0.03846513075965128,797
full25D,gt_0.5sigma,C3_fullT-C4_shuffle,0.01882057716436647,0.003739043934281877,0.037421370967741986,797
full25D,gt_0.5sigma,C1_current8-C5_random,0.035131744040150625,0.01767707881024757,0.05501364021652989,797
full25D,gt_0.5sigma,C2_history2-C5_random,0.031367628607277376,0.014525068307528196,0.05122421410872609,797
full25D,gt_0.5sigma,C3_fullT-C5_random,0.03387703889585958,0.018155682603310234,0.052109769148448296,797
full25D,gt_1.0sigma,C1_current8-C0_M0,0.02483069977426633,0.006801192387067193,0.042832986156632516,443
full25D,gt_1.0sigma,C2_history2-C0_M0,0.013544018058690654,-0.004405773654048609,0.03196529889345166,443
full25D,gt_1.0sigma,C3_fullT-C0_M0,0.015801354401805856,-0.004222149158857968,0.03501183562036036,443
full25D,gt_1.0sigma,C1_current8-C4_shuffle,0.02934537246049662,0.008986762093040649,0.05173255292093648,443
full25D,gt_1.0sigma,C2_history2-C4_shuffle,0.018058690744920947,0.0021729840208100956,0.03721147069984279,443
full25D,gt_1.0sigma,C3_fullT-C4_shuffle,0.020316027088036148,0.0021454661674732227,0.04177065940976204,443
full25D,gt_1.0sigma,C1_current8-C5_random,0.02934537246049662,0.011311578807595235,0.050851215754068146,443
full25D,gt_1.0sigma,C2_history2-C5_random,0.018058690744920947,0.0,0.036264938914795875,443
full25D,gt_1.0sigma,C3_fullT-C5_random,0.020316027088036148,-0.002257336343115093,0.04265656133556978,443
orig10D,all,C1_current8-C0_M0,0.02089110741356992,0.006177527013507103,0.03394759637316657,5409
orig10D,all,C2_history2-C0_M0,0.023109632094656996,0.008203482442513246,0.037395162355542785,5409
orig10D,all,C3_fullT-C0_M0,0.040118321316324645,0.024358301376942174,0.05463204303460518,5409
orig10D,all,C1_current8-C4_shuffle,0.02514327971898689,0.010411998267679953,0.040069105435260245,5409
orig10D,all,C2_history2-C4_shuffle,0.027361804400073964,0.011391578276352992,0.043518985189528084,5409
orig10D,all,C3_fullT-C4_shuffle,0.044370493621741613,0.02927706286625161,0.06071874847924756,5409
orig10D,all,C1_current8-C5_random,0.019412090959511907,0.004428352956824966,0.035060044391474386,5409
orig10D,all,C2_history2-C5_random,0.021630615640598982,0.006642056128953597,0.036070918377804406,5409
orig10D,all,C3_fullT-C5_random,0.03863930486226663,0.02411169917504246,0.054285631194501846,5409
orig10D,gt_0.5sigma,C1_current8-C0_M0,0.02208588957055213,0.004684745887191469,0.04248090812218794,815
orig10D,gt_0.5sigma,C2_history2-C0_M0,0.02208588957055213,0.002478314745972818,0.044530515833024975,815
orig10D,gt_0.5sigma,C3_fullT-C0_M0,0.02208588957055213,0.0036625585835792286,0.042187562768649774,815
orig10D,gt_0.5sigma,C1_current8-C4_shuffle,0.015950920245398792,-0.002414112792461395,0.03666945815584561,815
orig10D,gt_0.5sigma,C2_history2-C4_shuffle,0.015950920245398792,-0.005163813689825277,0.03951008920129292,815
orig10D,gt_0.5sigma,C3_fullT-C4_shuffle,0.015950920245398792,-0.002359552311490662,0.035153663235205586,815
orig10D,gt_0.5sigma,C1_current8-C5_random,0.02944785276073625,0.013157501729233518,0.0495304753761379,815
orig10D,gt_0.5sigma,C2_history2-C5_random,0.02944785276073625,0.010624489280615698,0.049939138576779035,815
orig10D,gt_0.5sigma,C3_fullT-C5_random,0.02944785276073625,0.013442572244970133,0.04830119489826851,815
orig10D,gt_1.0sigma,C1_current8-C0_M0,0.02257336343115124,0.006880340310289099,0.04000446428571432,443
orig10D,gt_1.0sigma,C2_history2-C0_M0,0.013544018058690765,-0.002262443438914019,0.030304948216340593,443
orig10D,gt_1.0sigma,C3_fullT-C0_M0,0.015801354401805856,0.0,0.03218762443258742,443
orig10D,gt_1.0sigma,C1_current8-C4_shuffle,0.02483069977426633,0.008769551318643706,0.04368963236578729,443
orig10D,gt_1.0sigma,C2_history2-C4_shuffle,0.015801354401805856,0.0021530529378167435,0.03247744039997567,443
orig10D,gt_1.0sigma,C3_fullT-C4_shuffle,0.018058690744920947,0.004464037146038801,0.035130867170234455,443
orig10D,gt_1.0sigma,C1_current8-C5_random,0.02483069977426633,0.010446269522349725,0.0438626949317739,443
orig10D,gt_1.0sigma,C2_history2-C5_random,0.015801354401805856,0.0,0.03411800584920313,443
orig10D,gt_1.0sigma,C3_fullT-C5_random,0.018058690744920947,0.0,0.03730040451351922,443
