population,tie_rule,stratum,model,accuracy,ci_lo,ci_hi,n_pairs
full25D,noise_band,all,C0_M0,0.6458986175115208,0.6331190772557382,0.6584340130064966,5425
full25D,noise_band,all,C1_current8,0.6702304147465438,0.6559691054163224,0.6837879183659615,5425
full25D,noise_band,all,C2_history2,0.6709677419354839,0.6579371983378597,0.6843874751149466,5425
full25D,noise_band,all,C3_fullT,0.688294930875576,0.6748124142028807,0.7016696983952565,5425
full25D,noise_band,all,C4_shuffle,0.6423963133640553,0.6282225345535346,0.656800979318149,5425
full25D,noise_band,all,C5_random,0.6490322580645161,0.6358365431490302,0.6617439360597199,5425
full25D,noise_band,gt_0.5sigma,C0_M0,0.9335006273525721,0.9078278382415707,0.9586402828467154,797
full25D,noise_band,gt_0.5sigma,C1_current8,0.9598494353826851,0.9419274694450009,0.9762863716074698,797
full25D,noise_band,gt_0.5sigma,C2_history2,0.9560853199498118,0.9311543739432763,0.9780230414746544,797
full25D,noise_band,gt_0.5sigma,C3_fullT,0.958594730238394,0.9359345204377699,0.9799265997490589,797
full25D,noise_band,gt_0.5sigma,C4_shuffle,0.9397741530740276,0.9148633705138464,0.9644254819958179,797
full25D,noise_band,gt_0.5sigma,C5_random,0.9247176913425345,0.8920236836619214,0.9530864197530864,797
full25D,noise_band,gt_1.0sigma,C0_M0,0.9525959367945824,0.9290207373271889,0.9729239763154864,443
full25D,noise_band,gt_1.0sigma,C1_current8,0.9774266365688488,0.9601804426177349,0.9915267618198038,443
full25D,noise_band,gt_1.0sigma,C2_history2,0.9661399548532731,0.9387259390308881,0.9867585817982013,443
full25D,noise_band,gt_1.0sigma,C3_fullT,0.9683972911963883,0.9399682713347921,0.9889380530973452,443
full25D,noise_band,gt_1.0sigma,C4_shuffle,0.9480812641083521,0.9210395608225862,0.9708578259225242,443
full25D,noise_band,gt_1.0sigma,C5_random,0.9480812641083521,0.9160997732426304,0.9718815637665296,443
full25D,all,all,C0_M0,0.6222525390328938,0.6094070551232156,0.6353385678857177,6597
full25D,all,all,C1_current8,0.6366530241018645,0.623503885136161,0.6505751041772332,6597
full25D,all,all,C2_history2,0.6402910413824465,0.6265357910593232,0.6528202630049063,6597
full25D,all,all,C3_fullT,0.653327269971199,0.6404266807903959,0.6675746409964958,6597
full25D,all,all,C4_shuffle,0.6157344247385175,0.6013919851277342,0.6303656148614595,6597
full25D,all,all,C5_random,0.6216462028194634,0.6093452889725315,0.6335986609860013,6597
full25D,all,gt_0.5sigma,C0_M0,0.9335006273525721,0.9078278382415707,0.9586402828467154,797
full25D,all,gt_0.5sigma,C1_current8,0.9598494353826851,0.9419274694450009,0.9762863716074698,797
full25D,all,gt_0.5sigma,C2_history2,0.9560853199498118,0.9311543739432763,0.9780230414746544,797
full25D,all,gt_0.5sigma,C3_fullT,0.958594730238394,0.9359345204377699,0.9799265997490589,797
full25D,all,gt_0.5sigma,C4_shuffle,0.9397741530740276,0.9148633705138464,0.9644254819958179,797
full25D,all,gt_0.5sigma,C5_random,0.9247176913425345,0.8920236836619214,0.9530864197530864,797
full25D,all,gt_1.0sigma,C0_M0,0.9525959367945824,0.9290207373271889,0.9729239763154864,443
full25D,all,gt_1.0sigma,C1_current8,0.9774266365688488,0.9601804426177349,0.9915267618198038,443
full25D,all,gt_1.0sigma,C2_history2,0.9661399548532731,0.9387259390308881,0.9867585817982013,443
full25D,all,gt_1.0sigma,C3_fullT,0.9683972911963883,0.9399682713347921,0.9889380530973452,443
full25D,all,gt_1.0sigma,C4_shuffle,0.9480812641083521,0.9210395608225862,0.9708578259225242,443
full25D,all,gt_1.0sigma,C5_random,0.9480812641083521,0.9160997732426304,0.9718815637665296,443
orig10D,noise_band,all,C0_M0,0.6515067480125717,0.6391905905696627,0.6637581159510411,5409
orig10D,noise_band,all,C1_current8,0.6723978554261416,0.6596456075460272,0.6857507436062085,5409
orig10D,noise_band,all,C2_history2,0.6746163801072287,0.6607421024518466,0.6875699434281395,5409
orig10D,noise_band,all,C3_fullT,0.6916250693288963,0.6784231022253626,0.7055935044092997,5409
orig10D,noise_band,all,C4_shuffle,0.6472545757071547,0.6338208402938248,0.6603502817904564,5409
orig10D,noise_band,all,C5_random,0.6529857644666297,0.640715288827163,0.6638996125160044,5409
orig10D,noise_band,gt_0.5sigma,C0_M0,0.9361963190184049,0.9126788958875901,0.9586069979631803,815
orig10D,noise_band,gt_0.5sigma,C1_current8,0.9582822085889571,0.9402407988900248,0.9752646556357494,815
orig10D,noise_band,gt_0.5sigma,C2_history2,0.9582822085889571,0.9356395720217183,0.9800747198007472,815
orig10D,noise_band,gt_0.5sigma,C3_fullT,0.9582822085889571,0.9382693602693603,0.9773665299738006,815
orig10D,noise_band,gt_0.5sigma,C4_shuffle,0.9423312883435583,0.9176367213552087,0.9645603141411401,815
orig10D,noise_band,gt_0.5sigma,C5_random,0.9288343558282208,0.8997301248862737,0.9534033934484798,815
orig10D,noise_band,gt_1.0sigma,C0_M0,0.9571106094808126,0.9356265467744596,0.9760909583806672,443
orig10D,noise_band,gt_1.0sigma,C1_current8,0.9796839729119639,0.9655855620949118,0.9928596579476862,443
orig10D,noise_band,gt_1.0sigma,C2_history2,0.9706546275395034,0.9501057483731019,0.9882635979813307,443
orig10D,noise_band,gt_1.0sigma,C3_fullT,0.9729119638826185,0.9546343672428831,0.9882420554428668,443
orig10D,noise_band,gt_1.0sigma,C4_shuffle,0.9548532731376975,0.9300186153641871,0.9756703733467593,443
orig10D,noise_band,gt_1.0sigma,C5_random,0.9548532731376975,0.9307857981447083,0.97500141723356,443
orig10D,all,all,C0_M0,0.6283978739559605,0.6156253690332034,0.6413513650553276,6585
orig10D,all,all,C1_current8,0.639635535307517,0.626498595827353,0.6533459477308984,6585
orig10D,all,all,C2_history2,0.6434320425208808,0.6297134965654676,0.655891376120141,6585
orig10D,all,all,C3_fullT,0.6572513287775247,0.6443428715684664,0.6713315927351056,6585
orig10D,all,all,C4_shuffle,0.6201974183750949,0.6058862267700791,0.6340326856221283,6585
orig10D,all,all,C5_random,0.6246013667425968,0.6120164327853204,0.6363955198615979,6585
orig10D,all,gt_0.5sigma,C0_M0,0.9361963190184049,0.9126788958875901,0.9586069979631803,815
orig10D,all,gt_0.5sigma,C1_current8,0.9582822085889571,0.9402407988900248,0.9752646556357494,815
orig10D,all,gt_0.5sigma,C2_history2,0.9582822085889571,0.9356395720217183,0.9800747198007472,815
orig10D,all,gt_0.5sigma,C3_fullT,0.9582822085889571,0.9382693602693603,0.9773665299738006,815
orig10D,all,gt_0.5sigma,C4_shuffle,0.9423312883435583,0.9176367213552087,0.9645603141411401,815
orig10D,all,gt_0.5sigma,C5_random,0.9288343558282208,0.8997301248862737,0.9534033934484798,815
orig10D,all,gt_1.0sigma,C0_M0,0.9571106094808126,0.9356265467744596,0.9760909583806672,443
orig10D,all,gt_1.0sigma,C1_current8,0.9796839729119639,0.9655855620949118,0.9928596579476862,443
orig10D,all,gt_1.0sigma,C2_history2,0.9706546275395034,0.9501057483731019,0.9882635979813307,443
orig10D,all,gt_1.0sigma,C3_fullT,0.9729119638826185,0.9546343672428831,0.9882420554428668,443
orig10D,all,gt_1.0sigma,C4_shuffle,0.9548532731376975,0.9300186153641871,0.9756703733467593,443
orig10D,all,gt_1.0sigma,C5_random,0.9548532731376975,0.9307857981447083,0.97500141723356,443
