scenario_uid,difficulty,group_id,unit_role,branch_id,k_prefix,n_seg_used,hr_params_sha256,P0_J_star_cont,P0_budget,P0_evals_total,P0_joint_pass_ratio,P0_n_completions,P0_any_feasible
nw_dual_val_012,near-boundary,11,early,0,0,1,8cbdfe80b49691fc,1.7083577737436122,400.0,410.0,0.0,210.0,0.0
nw_dual_val_012,near-boundary,11,early,1,0,1,f9775c397b749a48,3.251211972955819,200.0,220.0,0.0,110.0,0.0
nw_dual_val_012,near-boundary,11,early,2,0,1,0104a0697d340c5e,0.7822914843984295,400.0,409.0,0.0142857142857142,210.0,0.0
nw_dual_val_012,near-boundary,11,early,3,0,1,645287833e274dc6,1.31220722918995,400.0,410.0,0.0,210.0,0.0
nw_dual_val_012,near-boundary,19,late,0,6,7,2f7b918a5180c88a,5.416860411254192,200.0,220.0,0.0,110.0,0.0
nw_dual_val_012,near-boundary,19,late,1,6,7,a7a58d7785f31b18,5.059229769170918,200.0,220.0,0.0,110.0,0.0
nw_dual_val_012,near-boundary,19,late,2,6,7,49b5da94d11d94a3,4.536764805636901,400.0,410.0,0.0,210.0,0.0
nw_dual_val_012,near-boundary,19,late,3,6,7,297d5c072bf1bcb9,3.4657546129597234,400.0,410.0,0.0,210.0,0.0
nw_dual_val_013,moderate,12,early,0,0,1,c91d04593c20aa57,0.8052629269824889,200.0,220.0,0.0363636363636363,110.0,0.0
nw_dual_val_013,moderate,12,early,1,0,1,968e52e85b503433,1.2828733111469666,200.0,220.0,0.009090909090909,110.0,0.0
nw_dual_val_013,moderate,12,early,2,0,1,42910349d754864d,37.10391378844158,200.0,220.0,0.0,110.0,0.0
nw_dual_val_013,moderate,12,early,3,0,1,8ca8c632faefb439,1.2797376617722085,200.0,220.0,0.0,110.0,0.0
nw_dual_val_013,moderate,17,late,0,6,7,fc433e8b7d0021fa,24.650869739487263,200.0,220.0,0.0,110.0,0.0
nw_dual_val_013,moderate,17,late,1,6,7,4a6cfdab85b0000c,6.04336122536085,200.0,220.0,0.0,110.0,0.0
nw_dual_val_013,moderate,17,late,2,6,7,231377105cf61891,10.644257052059295,200.0,220.0,0.0,110.0,0.0
nw_dual_val_013,moderate,17,late,3,6,7,810ca02ee80c8ff4,24.705363010715192,200.0,220.0,0.0,110.0,0.0
nw_dual_val_015,hard,7,early,0,0,1,c75f0b47cd74aeae,2.5132884175867924,200.0,220.0,0.0,110.0,0.0
nw_dual_val_015,hard,7,early,1,0,1,f21a866ead8514b7,0.5523014136827546,200.0,220.0,0.0363636363636363,110.0,0.0
nw_dual_val_015,hard,7,early,2,0,1,86ae0acfb5dacbfa,2.0328603724910184,200.0,220.0,0.0,110.0,0.0
nw_dual_val_015,hard,7,early,3,0,1,16016184643e8b6d,135.44679955501118,200.0,220.0,0.0,110.0,0.0
nw_dual_val_015,hard,13,late,0,6,7,bcad1e4f4b996373,124.60587940004334,400.0,409.0,0.0,210.0,0.0
nw_dual_val_015,hard,13,late,1,6,7,3b21adf160b45f29,124.52662827341828,400.0,409.0,0.0,210.0,0.0
nw_dual_val_015,hard,13,late,2,6,7,a412444d9b688d39,124.43108136122112,400.0,410.0,0.0,210.0,0.0
nw_dual_val_015,hard,13,late,3,6,7,420ffa13d87ebc54,124.54455495187878,400.0,409.0,0.0,210.0,0.0
nw_dual_val_023,near-boundary,6,early,0,0,1,bcf94e3e57069524,0.8232906363376524,200.0,220.0,0.0454545454545454,110.0,0.0
nw_dual_val_023,near-boundary,6,early,1,0,1,8428b3fd14b42611,2.8060936023867966,200.0,220.0,0.0,110.0,0.0
nw_dual_val_023,near-boundary,6,early,2,0,1,39c9fc455629d1d3,2.254254295321107,200.0,220.0,0.0,110.0,0.0
nw_dual_val_023,near-boundary,6,early,3,0,1,13d23354750c1b18,1.3151449824993315,200.0,220.0,0.0,110.0,0.0
nw_dual_val_023,near-boundary,17,late,0,6,7,26b21bdfd8aabe1c,193.1517707270709,400.0,346.0,0.0,210.0,0.0
nw_dual_val_023,near-boundary,17,late,1,6,7,235a7c8b4f6be992,193.3201688203419,400.0,409.0,0.0,210.0,0.0
nw_dual_val_023,near-boundary,17,late,2,6,7,9c6ba0bf2d30dd8e,193.2371915563777,400.0,376.0,0.0,210.0,0.0
nw_dual_val_023,near-boundary,17,late,3,6,7,03a7bddb65276d90,193.3136740972216,400.0,346.0,0.0,210.0,0.0
nw_dual_val_025,moderate,2,early,0,0,1,05241630f3f92916,3.764042720636409,200.0,220.0,0.0,110.0,0.0
nw_dual_val_025,moderate,2,early,1,0,1,e48910469e51ea48,0.6985486539608157,400.0,410.0,0.0238095238095238,210.0,0.0
nw_dual_val_025,moderate,2,early,2,0,1,28874b4934a7c7b8,0.893286970277597,400.0,410.0,0.0476190476190476,210.0,0.0
nw_dual_val_025,moderate,2,early,3,0,1,47481d63adf08840,0.9502764418384556,400.0,410.0,0.0285714285714285,210.0,0.0
nw_dual_val_025,moderate,11,late,0,6,7,5213224e4b322e81,16.01955136777495,400.0,393.0,0.0,210.0,0.0
nw_dual_val_025,moderate,11,late,1,6,7,9dd43feb14ed606b,16.01511862865993,400.0,410.0,0.0,210.0,0.0
nw_dual_val_025,moderate,11,late,2,6,7,cd31553c2824a79a,14.40686373673604,400.0,410.0,0.0,210.0,0.0
nw_dual_val_025,moderate,11,late,3,6,7,b64a9ed46ce26f0e,16.01678951657514,400.0,409.0,0.0,210.0,0.0
nw_dual_val_027,hard,2,early,0,0,1,d5198db1b7827836,1.9165333036069128,200.0,220.0,0.0,110.0,0.0
nw_dual_val_027,hard,2,early,1,0,1,ac88892d36246b1e,1.8748602500776503,200.0,220.0,0.0,110.0,0.0
nw_dual_val_027,hard,2,early,2,0,1,4346b78576895a19,3.352513524588684,200.0,220.0,0.0,110.0,0.0
nw_dual_val_027,hard,2,early,3,0,1,7ea127f5c6c9acbb,1.503366525711593,200.0,220.0,0.009090909090909,110.0,0.0
nw_dual_val_027,hard,19,late,0,6,7,63084358a2538a0d,69.85106765316218,400.0,346.0,0.0,210.0,0.0
nw_dual_val_027,hard,19,late,1,6,7,4b26fd5a99aaee54,69.75017701947388,400.0,346.0,0.0,210.0,0.0
nw_dual_val_027,hard,19,late,2,6,7,23e51d296a356c2d,69.67673583457947,400.0,410.0,0.0,210.0,0.0
nw_dual_val_027,hard,19,late,3,6,7,9951a0ad3b6524d8,69.94338482244183,400.0,390.0,0.0,210.0,0.0
nw_dual_val_030,near-boundary,5,early,0,0,1,95034cf0f06e6492,2.2580897813285703,200.0,220.0,0.0,110.0,0.0
nw_dual_val_030,near-boundary,5,early,1,0,1,f12b8f0ae501d39f,0.9178697345755766,400.0,410.0,0.0,210.0,0.0
nw_dual_val_030,near-boundary,5,early,2,0,1,92e1d5de99aef304,1.24133216793778,400.0,410.0,0.0,210.0,0.0
nw_dual_val_030,near-boundary,5,early,3,0,1,1506dc5981e074f8,2.217539047564031,200.0,220.0,0.0,110.0,0.0
nw_dual_val_030,near-boundary,4,late,0,6,7,24bb28fe78d6a8cc,47.68899519034799,400.0,390.0,0.0,210.0,0.0
nw_dual_val_030,near-boundary,4,late,1,6,7,47fe1aff5dca5f13,47.87527835402309,400.0,410.0,0.0,210.0,0.0
nw_dual_val_030,near-boundary,4,late,2,6,7,c7d69bcffd861897,47.85721916503408,400.0,409.0,0.0,210.0,0.0
nw_dual_val_030,near-boundary,4,late,3,6,7,5953f23375dc8af3,47.71753972453655,400.0,409.0,0.0,210.0,0.0
nw_dual_val_037,moderate,1,early,0,0,1,dfaa29cd466b4d4e,1.098387142813,400.0,410.0,0.0095238095238095,210.0,0.0
nw_dual_val_037,moderate,1,early,1,0,1,af78090b1bc8efd3,1.508653463500894,200.0,220.0,0.0272727272727272,110.0,0.0
nw_dual_val_037,moderate,1,early,2,0,1,dfb036fb426efd59,1.2572515436173124,400.0,410.0,0.0142857142857142,210.0,0.0
nw_dual_val_037,moderate,1,early,3,0,1,a57c1b35fe921d80,0.9714633433679634,400.0,410.0,0.0238095238095238,210.0,0.0
nw_dual_val_037,moderate,19,late,0,6,7,3971a8be6e99e199,63.903317182159775,400.0,388.0,0.0,210.0,0.0
nw_dual_val_037,moderate,19,late,1,6,7,d22da36bc21b5bbf,63.930018988603,400.0,410.0,0.0,210.0,0.0
nw_dual_val_037,moderate,19,late,2,6,7,1b12d50eabb2ef5d,63.87648520858856,400.0,381.0,0.0,210.0,0.0
nw_dual_val_037,moderate,19,late,3,6,7,a7906845ab77929b,63.91548404307424,400.0,356.0,0.0,210.0,0.0
nw_dual_val_039,hard,0,early,0,0,1,4b7a903a529f72a2,1.569991590613924,200.0,220.0,0.0,110.0,0.0
nw_dual_val_039,hard,0,early,1,0,1,dc77d13ffd9d91d7,0.743106910897527,400.0,410.0,0.0095238095238095,210.0,0.0
nw_dual_val_039,hard,0,early,2,0,1,dfcae99e57676d0d,3.108206837800531,200.0,220.0,0.0,110.0,0.0
nw_dual_val_039,hard,0,early,3,0,1,83f082baf0208dad,0.9617567144889346,400.0,410.0,0.0,210.0,0.0
nw_dual_val_039,hard,15,late,0,6,7,b61524e0365b52c2,3.163247178111919,200.0,206.0,0.0,110.0,0.0
nw_dual_val_039,hard,15,late,1,6,7,b628035e91dff01f,3.0115569898243155,200.0,220.0,0.0,110.0,0.0
nw_dual_val_039,hard,15,late,2,6,7,7acd20dae9cc7735,2.5819835540021527,200.0,220.0,0.0,110.0,0.0
nw_dual_val_039,hard,15,late,3,6,7,df71e4c432257994,3.271151147168044,200.0,220.0,0.0,110.0,0.0
nw_dual_val_041,near-boundary,18,early,0,0,1,4ba0d91cfd5b299c,0.5998029653868289,400.0,410.0,0.0238095238095238,210.0,0.0
nw_dual_val_041,near-boundary,18,early,1,0,1,747d2d5fd116cc4d,83.63501170981516,200.0,219.0,0.0,110.0,0.0
nw_dual_val_041,near-boundary,18,early,2,0,1,422f1badd9a4af49,0.7568908463143889,400.0,410.0,0.0285714285714285,210.0,0.0
nw_dual_val_041,near-boundary,18,early,3,0,1,8aac8627c19c4efd,0.7197515505706391,400.0,410.0,0.019047619047619,210.0,0.0
nw_dual_val_041,near-boundary,14,late,0,6,7,9c4444863fc727c8,1.448836054970846,400.0,346.0,0.0,210.0,0.0
nw_dual_val_041,near-boundary,14,late,1,6,7,d13f2ac4021c487b,1.6291886480449222,200.0,219.0,0.0,110.0,0.0
nw_dual_val_041,near-boundary,14,late,2,6,7,4220ca36949468fb,1.9906996471317304,200.0,220.0,0.0,110.0,0.0
nw_dual_val_041,near-boundary,14,late,3,6,7,f36b350932da86a3,1.093567836287717,400.0,409.0,0.0,210.0,0.0
nw_dual_val_048,near-boundary,11,early,0,0,1,cd54c0fdae3ea56f,0.5500799026317628,400.0,409.0,0.0142857142857142,210.0,0.0
nw_dual_val_048,near-boundary,11,early,1,0,1,0eb786fcfd8a7118,1.4847987139153056,200.0,220.0,0.0363636363636363,110.0,0.0
nw_dual_val_048,near-boundary,11,early,2,0,1,5f04ca1611a2d5f5,0.8269842859853974,400.0,410.0,0.0333333333333333,210.0,0.0
nw_dual_val_048,near-boundary,11,early,3,0,1,969c1d122cab45ae,0.7183383376025745,400.0,410.0,0.0047619047619047,210.0,0.0
nw_dual_val_048,near-boundary,15,late,0,6,7,5bd426d7e9be55e7,110.53543270327278,200.0,216.0,0.0,110.0,0.0
nw_dual_val_048,near-boundary,15,late,1,6,7,2092103fa0317bf1,109.59475913568316,200.0,220.0,0.0,110.0,0.0
nw_dual_val_048,near-boundary,15,late,2,6,7,99889fbd7c5327ca,117.85473386166048,200.0,219.0,0.0,110.0,0.0
nw_dual_val_048,near-boundary,15,late,3,6,7,8a687a58cf15d9af,114.49240119248414,200.0,216.0,0.0,110.0,0.0
nw_dual_val_049,moderate,2,early,0,0,1,d68c5eb186c765f6,1.4313298416670963,200.0,220.0,0.009090909090909,110.0,0.0
nw_dual_val_049,moderate,2,early,1,0,1,63ae032f1c6dc07c,1.5727333484927055,200.0,220.0,0.0,110.0,0.0
nw_dual_val_049,moderate,2,early,2,0,1,5637d39c6320b761,0.88016883913814,200.0,220.0,0.009090909090909,110.0,0.0
nw_dual_val_049,moderate,2,early,3,0,1,1d7141c08bdf4490,153.05190875715118,200.0,220.0,0.0,110.0,0.0
nw_dual_val_049,moderate,16,late,0,6,7,c0d90ad00bf0dd85,53.37447685038833,400.0,391.0,0.0,210.0,0.0
nw_dual_val_049,moderate,16,late,1,6,7,9ea057aca98fea22,53.16966167984543,400.0,357.0,0.0,210.0,0.0
nw_dual_val_049,moderate,16,late,2,6,7,fc900fe2cc2add7b,53.31798759682079,400.0,365.0,0.0,210.0,0.0
nw_dual_val_049,moderate,16,late,3,6,7,2aae226891eb9ab6,53.25512736267479,400.0,410.0,0.0,210.0,0.0
nw_dual_val_050,hard,1,early,0,0,1,2a51700d7fb2b860,0.8880096964806508,200.0,220.0,0.0,110.0,0.0
nw_dual_val_050,hard,1,early,1,0,1,9b31be95720326b2,1.7682066975776058,200.0,220.0,0.0,110.0,0.0
nw_dual_val_050,hard,1,early,2,0,1,a0533142611d84ff,1.298051259065756,200.0,220.0,0.0,110.0,0.0
nw_dual_val_050,hard,1,early,3,0,1,919ddf7684eea617,1.3091498145693354,200.0,220.0,0.0181818181818181,110.0,0.0
nw_dual_val_050,hard,16,late,0,6,7,487ae23158f46824,125.74972957296136,400.0,375.0,0.0,210.0,0.0
nw_dual_val_050,hard,16,late,1,6,7,d74bf6be74af3731,125.62132193037534,400.0,410.0,0.0,210.0,0.0
nw_dual_val_050,hard,16,late,2,6,7,a667c88f73f63d23,125.62592949604304,400.0,346.0,0.0,210.0,0.0
nw_dual_val_050,hard,16,late,3,6,7,1869f6ad2db72370,125.76746813018336,400.0,409.0,0.0,210.0,0.0
nw_retrain_0010_crossing_moderate_seed20251824,moderate,1,early,0,0,1,8a38341d77279f72,1.9386158672629608,200.0,220.0,0.009090909090909,110.0,0.0
nw_retrain_0010_crossing_moderate_seed20251824,moderate,1,early,1,0,1,380744e244a67407,7.111902769225715,200.0,220.0,0.0,110.0,0.0
nw_retrain_0010_crossing_moderate_seed20251824,moderate,1,early,2,0,1,470bc502b3b7bb74,7.127432475241927,200.0,220.0,0.009090909090909,110.0,0.0
nw_retrain_0010_crossing_moderate_seed20251824,moderate,1,early,3,0,1,74240cc9867f8c61,4839.0735014138345,200.0,220.0,0.0,110.0,0.0
nw_retrain_0010_crossing_moderate_seed20251824,moderate,18,late,0,6,7,b4bc677d3d547cbb,10048.52436658508,200.0,220.0,0.0,110.0,0.0
nw_retrain_0010_crossing_moderate_seed20251824,moderate,18,late,1,6,7,6cc7ea2626180c3f,10057.628068912389,200.0,219.0,0.0,110.0,0.0
nw_retrain_0010_crossing_moderate_seed20251824,moderate,18,late,2,6,7,193ae399d56945cf,10049.293118846535,200.0,220.0,0.0,110.0,0.0
nw_retrain_0010_crossing_moderate_seed20251824,moderate,18,late,3,6,7,bee5f16975dddb3c,10055.281426415771,200.0,220.0,0.0,110.0,0.0
nw_retrain_0014_vertically_overlapping_hard_seed20252216,hard,0,early,0,0,1,69b115e46c4b326f,3.3343403170725736,200.0,220.0,0.0,110.0,0.0
nw_retrain_0014_vertically_overlapping_hard_seed20252216,hard,0,early,1,0,1,8f65e4c4bb3c9560,7.761152442273246,200.0,220.0,0.0,110.0,0.0
nw_retrain_0014_vertically_overlapping_hard_seed20252216,hard,0,early,2,0,1,6dad749a1b12b932,10.932381848763171,200.0,220.0,0.009090909090909,110.0,0.0
nw_retrain_0014_vertically_overlapping_hard_seed20252216,hard,0,early,3,0,1,aa4a83234a0b84b2,187.03366652988865,200.0,220.0,0.0,110.0,0.0
nw_retrain_0014_vertically_overlapping_hard_seed20252216,hard,19,late,0,6,7,dc136d64b4acd5ef,2197.9061534131115,200.0,220.0,0.0,110.0,0.0
nw_retrain_0014_vertically_overlapping_hard_seed20252216,hard,19,late,1,6,7,f99e4a114cb891f3,2204.0027067184024,200.0,220.0,0.0,110.0,0.0
nw_retrain_0014_vertically_overlapping_hard_seed20252216,hard,19,late,2,6,7,408430aab1841b21,2199.2534303612056,200.0,220.0,0.0,110.0,0.0
nw_retrain_0014_vertically_overlapping_hard_seed20252216,hard,19,late,3,6,7,c68f3bf3ca633592,2216.353642764508,200.0,220.0,0.0,110.0,0.0
nw_retrain_0077_none_easy_seed20258521,easy,3,early,0,0,1,fc1020fbdc9464ed,7.414101346582787,200.0,220.0,0.0181818181818181,110.0,0.0
nw_retrain_0077_none_easy_seed20258521,easy,3,early,1,0,1,e141a115ad67744a,4.036835365466517,200.0,220.0,0.009090909090909,110.0,0.0
nw_retrain_0077_none_easy_seed20258521,easy,3,early,2,0,1,8ab847b11c65b361,9.170196144982388,200.0,220.0,0.009090909090909,110.0,0.0
nw_retrain_0077_none_easy_seed20258521,easy,3,early,3,0,1,3ffaa05f939463ad,17.47331908386105,200.0,220.0,0.0,110.0,0.0
nw_retrain_0077_none_easy_seed20258521,easy,4,late,0,6,7,9e60d62975aed7db,35.321376057017275,200.0,220.0,0.0,110.0,0.0
nw_retrain_0077_none_easy_seed20258521,easy,4,late,1,6,7,2db3aee899df1209,20.313290718188675,200.0,220.0,0.0,110.0,0.0
nw_retrain_0077_none_easy_seed20258521,easy,4,late,2,6,7,869e0518523c48ca,1207.0735284409657,200.0,219.0,0.0,110.0,0.0
nw_retrain_0077_none_easy_seed20258521,easy,4,late,3,6,7,73cc894e1727ae69,1834.1039574406389,200.0,219.0,0.0,110.0,0.0
nw_retrain_0099_vertically_overlapping_easy_seed20260677,easy,2,early,0,0,1,270fbb8ae3471439,4.723931343338789,200.0,220.0,0.009090909090909,110.0,0.0
nw_retrain_0099_vertically_overlapping_easy_seed20260677,easy,2,early,1,0,1,86bff60647a2401e,15.38956649234896,200.0,220.0,0.0,110.0,0.0
nw_retrain_0099_vertically_overlapping_easy_seed20260677,easy,2,early,2,0,1,ca86b15f50dca1cf,14.514940314579048,200.0,220.0,0.0,110.0,0.0
nw_retrain_0099_vertically_overlapping_easy_seed20260677,easy,2,early,3,0,1,efd5e7934f35d54d,3845.919683047234,200.0,220.0,0.0,110.0,0.0
nw_retrain_0099_vertically_overlapping_easy_seed20260677,easy,10,late,0,6,7,02876f54d01b3ad7,3995.3381953726594,200.0,220.0,0.0,110.0,0.0
nw_retrain_0099_vertically_overlapping_easy_seed20260677,easy,10,late,1,6,7,6165ea6157c52472,3956.2348052265866,200.0,220.0,0.0,110.0,0.0
nw_retrain_0099_vertically_overlapping_easy_seed20260677,easy,10,late,2,6,7,d300e5408e4a4f28,3997.457359462072,200.0,220.0,0.0,110.0,0.0
nw_retrain_0099_vertically_overlapping_easy_seed20260677,easy,10,late,3,6,7,759d001eac78ff28,4000.3818856477446,200.0,220.0,0.0,110.0,0.0
nw_retrain_0119_converging_moderate_seed20262637,moderate,7,early,0,0,1,6692bc53f8b112c1,22.44129336414958,200.0,220.0,0.0,110.0,0.0
nw_retrain_0119_converging_moderate_seed20262637,moderate,7,early,1,0,1,54353be04ef4af16,26.4742732328218,200.0,220.0,0.0,110.0,0.0
nw_retrain_0119_converging_moderate_seed20262637,moderate,7,early,2,0,1,a1c2d20a608ecdf2,5.072345832277472,200.0,220.0,0.0,110.0,0.0
nw_retrain_0119_converging_moderate_seed20262637,moderate,7,early,3,0,1,b9cbc361818bb762,496.62675570592506,200.0,220.0,0.0,110.0,0.0
nw_retrain_0119_converging_moderate_seed20262637,moderate,19,late,0,6,7,e02925304f131aa9,4700.833229419098,200.0,220.0,0.0,110.0,0.0
nw_retrain_0119_converging_moderate_seed20262637,moderate,19,late,1,6,7,2f12d0eb59a5e64f,4747.95291440403,200.0,220.0,0.0,110.0,0.0
nw_retrain_0119_converging_moderate_seed20262637,moderate,19,late,2,6,7,a92edec57bbc409c,4800.166846143959,200.0,220.0,0.0,110.0,0.0
nw_retrain_0119_converging_moderate_seed20262637,moderate,19,late,3,6,7,d8cbf86a562150ab,4771.077259771279,200.0,220.0,0.0,110.0,0.0
nw_retrain_0122_vertically_overlapping_easy_seed20262800,easy,3,early,0,0,1,6e87b9370b834aa0,25.79152321900367,200.0,220.0,0.0,110.0,0.0
nw_retrain_0122_vertically_overlapping_easy_seed20262800,easy,3,early,1,0,1,86093254f9f982f7,41.742091612668624,200.0,220.0,0.0,110.0,0.0
nw_retrain_0122_vertically_overlapping_easy_seed20262800,easy,3,early,2,0,1,c72cd977815406e5,1.0335507679085454,200.0,220.0,0.0,110.0,0.0
nw_retrain_0122_vertically_overlapping_easy_seed20262800,easy,3,early,3,0,1,615356cb61b92576,41.43017906966272,200.0,220.0,0.0,110.0,0.0
nw_retrain_0122_vertically_overlapping_easy_seed20262800,easy,16,late,0,6,7,1fecccf0bd48349d,11297.37413173031,200.0,220.0,0.0,110.0,0.0
nw_retrain_0122_vertically_overlapping_easy_seed20262800,easy,16,late,1,6,7,d8eaa0dc4c03a849,11291.584414189369,200.0,220.0,0.0,110.0,0.0
nw_retrain_0122_vertically_overlapping_easy_seed20262800,easy,16,late,2,6,7,47b703e3f85e0451,11294.74576834593,200.0,220.0,0.0,110.0,0.0
nw_retrain_0122_vertically_overlapping_easy_seed20262800,easy,16,late,3,6,7,61a77e2e953545eb,11303.14586831462,200.0,220.0,0.0,110.0,0.0
nw_retrain_0151_approximately_parallel_moderate_seed20265773,moderate,10,early,0,0,1,a31f4d2905807024,9.981182601925177,200.0,220.0,0.0,110.0,0.0
nw_retrain_0151_approximately_parallel_moderate_seed20265773,moderate,10,early,1,0,1,1c46475552c9edba,7600.596346687488,200.0,220.0,0.0,110.0,0.0
nw_retrain_0151_approximately_parallel_moderate_seed20265773,moderate,10,early,2,0,1,880e9b24b99b3a7a,16.333703839333108,200.0,220.0,0.0,110.0,0.0
nw_retrain_0151_approximately_parallel_moderate_seed20265773,moderate,10,early,3,0,1,d177a9b64921bb13,10.63470756678408,200.0,220.0,0.0,110.0,0.0
nw_retrain_0151_approximately_parallel_moderate_seed20265773,moderate,18,late,0,6,7,5c6e1f37b00ba4b1,1748.2382695006688,200.0,206.0,0.0,110.0,0.0
nw_retrain_0151_approximately_parallel_moderate_seed20265773,moderate,18,late,1,6,7,c89c4ba3b4333528,1746.3567502904718,200.0,206.0,0.0,110.0,0.0
nw_retrain_0151_approximately_parallel_moderate_seed20265773,moderate,18,late,2,6,7,2997107775fef743,1748.5331754928338,200.0,220.0,0.0,110.0,0.0
nw_retrain_0151_approximately_parallel_moderate_seed20265773,moderate,18,late,3,6,7,e7cb39f19192ac83,1753.502107012728,200.0,219.0,0.0,110.0,0.0
nw_retrain_0158_vertically_overlapping_easy_seed20266328,easy,0,early,0,0,1,01a6cd55d483a59f,6827.495506414077,200.0,220.0,0.0,110.0,0.0
nw_retrain_0158_vertically_overlapping_easy_seed20266328,easy,0,early,1,0,1,4715b38bf11ffe13,32.318093069400085,200.0,220.0,0.0,110.0,0.0
nw_retrain_0158_vertically_overlapping_easy_seed20266328,easy,0,early,2,0,1,2754a1ebf8937df2,37.07916990147631,200.0,220.0,0.0,110.0,0.0
nw_retrain_0158_vertically_overlapping_easy_seed20266328,easy,0,early,3,0,1,933f3a0057934d19,7.806767852363529,200.0,220.0,0.0,110.0,0.0
nw_retrain_0158_vertically_overlapping_easy_seed20266328,easy,18,late,0,5,6,37b669d44fd4a484,5779.479716334162,200.0,220.0,0.0,110.0,0.0
nw_retrain_0158_vertically_overlapping_easy_seed20266328,easy,18,late,1,5,6,b878fbced5e12817,5733.488970733345,200.0,220.0,0.0,110.0,0.0
nw_retrain_0158_vertically_overlapping_easy_seed20266328,easy,18,late,2,5,6,b17791f3be415bd3,5777.849231373805,200.0,220.0,0.0,110.0,0.0
nw_retrain_0158_vertically_overlapping_easy_seed20266328,easy,18,late,3,5,6,b3af913176fc0194,5701.447942558934,200.0,220.0,0.0,110.0,0.0
nw_retrain_0175_vertically_overlapping_easy_seed20267994,easy,0,early,0,0,1,c5afdc4abde96328,82.12448514843342,200.0,220.0,0.0,110.0,0.0
nw_retrain_0175_vertically_overlapping_easy_seed20267994,easy,0,early,1,0,1,ece94a440a994ff0,7.459928789457244,200.0,220.0,0.0,110.0,0.0
nw_retrain_0175_vertically_overlapping_easy_seed20267994,easy,0,early,2,0,1,28ca4fdd65def095,5876.754059967622,200.0,220.0,0.0,110.0,0.0
nw_retrain_0175_vertically_overlapping_easy_seed20267994,easy,0,early,3,0,1,7f4677953f21e6be,158.8102535426228,200.0,220.0,0.0,110.0,0.0
nw_retrain_0175_vertically_overlapping_easy_seed20267994,easy,19,late,0,6,7,e9f8aa0d1c706fa9,255.26786085094844,400.0,410.0,0.0,210.0,0.0
nw_retrain_0175_vertically_overlapping_easy_seed20267994,easy,19,late,1,6,7,5c5018d89821054c,756.0530346631155,200.0,220.0,0.0,110.0,0.0
nw_retrain_0175_vertically_overlapping_easy_seed20267994,easy,19,late,2,6,7,8f26449901401093,255.1889045388189,400.0,410.0,0.0,210.0,0.0
nw_retrain_0175_vertically_overlapping_easy_seed20267994,easy,19,late,3,6,7,bf4525ee269338d9,255.3929932919196,400.0,410.0,0.0,210.0,0.0
nw_retrain_0187_vertically_overlapping_easy_seed20269170,easy,17,early,0,0,1,bc48398d8caf8855,6.330690480427301,200.0,220.0,0.0,110.0,0.0
nw_retrain_0187_vertically_overlapping_easy_seed20269170,easy,17,early,1,0,1,9b6b782314c7e6e1,0.6367943353768256,400.0,410.0,0.0047619047619047,210.0,1.0
nw_retrain_0187_vertically_overlapping_easy_seed20269170,easy,17,early,2,0,1,de625c10964bcd3b,7.024981418665679,200.0,220.0,0.0,110.0,0.0
nw_retrain_0187_vertically_overlapping_easy_seed20269170,easy,17,early,3,0,1,a921497d6c1e7d25,0.4633699901451319,400.0,410.0,0.0047619047619047,210.0,0.0
nw_retrain_0187_vertically_overlapping_easy_seed20269170,easy,19,late,0,6,7,6783fd7f5d59c022,653.765717077516,200.0,219.0,0.0,110.0,0.0
nw_retrain_0187_vertically_overlapping_easy_seed20269170,easy,19,late,1,6,7,79c5f1f5fd42bb80,646.2485194273899,200.0,219.0,0.0,110.0,0.0
nw_retrain_0187_vertically_overlapping_easy_seed20269170,easy,19,late,2,6,7,b7224c8e3c36b33c,653.8637275070621,200.0,220.0,0.0,110.0,0.0
nw_retrain_0187_vertically_overlapping_easy_seed20269170,easy,19,late,3,6,7,15ad2e247bebd62c,640.7568922897188,200.0,220.0,0.0,110.0,0.0
nw_retrain_0221_converging_moderate_seed20272633,moderate,3,early,0,0,1,dd26bf3fda45dbf2,10854.206030812731,200.0,220.0,0.0,110.0,0.0
nw_retrain_0221_converging_moderate_seed20272633,moderate,3,early,1,0,1,f5804b8736c0d32d,204.94946942702305,200.0,220.0,0.0,110.0,0.0
nw_retrain_0221_converging_moderate_seed20272633,moderate,3,early,2,0,1,6874710068ebf2d8,382.0201523507101,200.0,220.0,0.0,110.0,0.0
nw_retrain_0221_converging_moderate_seed20272633,moderate,3,early,3,0,1,f7b41d40da2cd601,3219.6990139720024,200.0,220.0,0.0,110.0,0.0
nw_retrain_0221_converging_moderate_seed20272633,moderate,18,late,0,6,7,d054fd8056c96156,12298.79326651788,200.0,220.0,0.0,110.0,0.0
nw_retrain_0221_converging_moderate_seed20272633,moderate,18,late,1,6,7,9cd81f37d3ddae2b,12349.89453382918,200.0,220.0,0.0,110.0,0.0
nw_retrain_0221_converging_moderate_seed20272633,moderate,18,late,2,6,7,be62b770e0d217cc,12891.97646817319,200.0,220.0,0.0,110.0,0.0
nw_retrain_0221_converging_moderate_seed20272633,moderate,18,late,3,6,7,678cdf40151e5a31,12692.776018602985,200.0,220.0,0.0,110.0,0.0
nw_retrain_0224_crossing_easy_seed20273058,easy,1,early,0,1,2,03ccbca202f6e54a,10137.733156547398,200.0,220.0,0.0,110.0,0.0
nw_retrain_0224_crossing_easy_seed20273058,easy,1,early,1,1,2,014e9d8f33f64eea,34.218719312382085,200.0,220.0,0.0,110.0,0.0
nw_retrain_0224_crossing_easy_seed20273058,easy,1,early,2,1,2,71157b33424bdc46,10252.621332549774,200.0,220.0,0.0,110.0,0.0
nw_retrain_0224_crossing_easy_seed20273058,easy,1,early,3,1,2,004a917f85a49d3f,18.300364075577004,200.0,220.0,0.0,110.0,0.0
nw_retrain_0224_crossing_easy_seed20273058,easy,17,late,0,6,7,0f3a6a7825804338,7087.263264096106,400.0,340.0,0.0,210.0,0.0
nw_retrain_0224_crossing_easy_seed20273058,easy,17,late,1,6,7,d84814a01ce1ac15,7095.602378332656,200.0,219.0,0.0,110.0,0.0
nw_retrain_0224_crossing_easy_seed20273058,easy,17,late,2,6,7,8324c43b624272a0,7087.4710883003645,400.0,409.0,0.0,210.0,0.0
nw_retrain_0224_crossing_easy_seed20273058,easy,17,late,3,6,7,7e29d345908af98e,7090.069432588317,200.0,220.0,0.0,110.0,0.0
nw_retrain_0233_converging_hard_seed20273809,hard,5,early,0,0,1,70aaab7e30fc95b0,11.369688709723722,200.0,220.0,0.0,110.0,0.0
nw_retrain_0233_converging_hard_seed20273809,hard,5,early,1,0,1,8712b037981623e5,12.561684983990176,200.0,220.0,0.0,110.0,0.0
nw_retrain_0233_converging_hard_seed20273809,hard,5,early,2,0,1,6ba8647bf6677397,58.76545307875115,200.0,220.0,0.0,110.0,0.0
nw_retrain_0233_converging_hard_seed20273809,hard,5,early,3,0,1,eff23100db70f39e,11743.14294136804,200.0,220.0,0.0,110.0,0.0
nw_retrain_0233_converging_hard_seed20273809,hard,8,late,0,6,7,3b64aeac64e68a5d,1378.2988813847774,200.0,220.0,0.0,110.0,0.0
nw_retrain_0233_converging_hard_seed20273809,hard,8,late,1,6,7,1f8dfadaf4b15b8f,1334.92645668375,200.0,220.0,0.0,110.0,0.0
nw_retrain_0233_converging_hard_seed20273809,hard,8,late,2,6,7,33c16bee681da479,24.6856426967543,200.0,220.0,0.0,110.0,0.0
nw_retrain_0233_converging_hard_seed20273809,hard,8,late,3,6,7,b98d40bebbb74b0d,38.33651846003664,200.0,220.0,0.0,110.0,0.0
nw_retrain_0270_approximately_parallel_easy_seed20277435,easy,6,early,0,0,1,ed22d614f340d83c,1.8495910125254484,400.0,410.0,0.0333333333333333,210.0,0.0
nw_retrain_0270_approximately_parallel_easy_seed20277435,easy,6,early,1,0,1,e838fc8174f4945a,1.3281264480414754,400.0,410.0,0.0380952380952381,210.0,0.0
nw_retrain_0270_approximately_parallel_easy_seed20277435,easy,6,early,2,0,1,0b6cecc88a322c80,2.7017345593463284,200.0,220.0,0.0,110.0,0.0
nw_retrain_0270_approximately_parallel_easy_seed20277435,easy,6,early,3,0,1,afb9fc7aa7b446ef,2.623331469891413,200.0,220.0,0.0181818181818181,110.0,0.0
nw_retrain_0270_approximately_parallel_easy_seed20277435,easy,7,late,0,6,7,aa6f146cc1605979,9.117681648505712,200.0,219.0,0.0,110.0,0.0
nw_retrain_0270_approximately_parallel_easy_seed20277435,easy,7,late,1,6,7,5c4d346342c9ba06,8.582073399851142,400.0,410.0,0.0,210.0,0.0
nw_retrain_0270_approximately_parallel_easy_seed20277435,easy,7,late,2,6,7,dea4bf503507218b,8.542649562888258,400.0,410.0,0.0,210.0,0.0
nw_retrain_0270_approximately_parallel_easy_seed20277435,easy,7,late,3,6,7,8c99497cf49abfcd,9.089542448857497,200.0,219.0,0.0,110.0,0.0
nw_retrain_0322_converging_moderate_seed20282662,moderate,15,early,0,0,1,1cda849fd56b4e78,96.2722676015382,200.0,220.0,0.0,110.0,0.0
nw_retrain_0322_converging_moderate_seed20282662,moderate,15,early,1,0,1,78db291104ed2d5c,2.1698231669628885,200.0,220.0,0.0,110.0,0.0
nw_retrain_0322_converging_moderate_seed20282662,moderate,15,early,2,0,1,1ec7180790a32d2a,7.726786849757611,200.0,220.0,0.0,110.0,0.0
nw_retrain_0322_converging_moderate_seed20282662,moderate,15,early,3,0,1,2e4aecab31640330,9.727648568294825,200.0,220.0,0.0,110.0,0.0
nw_retrain_0322_converging_moderate_seed20282662,moderate,13,late,0,6,7,7f7389246f5a7a9f,296.7680903236365,200.0,220.0,0.0,110.0,0.0
nw_retrain_0322_converging_moderate_seed20282662,moderate,13,late,1,6,7,a8dcaecb2673d490,276.9986159036721,200.0,220.0,0.0,110.0,0.0
nw_retrain_0322_converging_moderate_seed20282662,moderate,13,late,2,6,7,73dd305ea22b9ea0,269.8281216240584,200.0,220.0,0.0,110.0,0.0
nw_retrain_0322_converging_moderate_seed20282662,moderate,13,late,3,6,7,b2c5eacf4f14dfc2,13.648589925778534,200.0,220.0,0.0,110.0,0.0
nw_retrain_0344_converging_easy_seed20284556,easy,8,early,0,0,1,7758d306fdffe310,15.407229785953206,200.0,220.0,0.0,110.0,0.0
nw_retrain_0344_converging_easy_seed20284556,easy,8,early,1,0,1,8787b763cbd5f548,53.37390104474314,200.0,220.0,0.0,110.0,0.0
nw_retrain_0344_converging_easy_seed20284556,easy,8,early,2,0,1,aa6f6ebccdc5c7fa,94.44165633876632,200.0,220.0,0.0,110.0,0.0
nw_retrain_0344_converging_easy_seed20284556,easy,8,early,3,0,1,c9cb9103804444aa,22.89021412323354,200.0,220.0,0.0,110.0,0.0
nw_retrain_0344_converging_easy_seed20284556,easy,19,late,0,6,7,72e9bc01ff4132a8,62.30644570789356,200.0,220.0,0.0,110.0,0.0
nw_retrain_0344_converging_easy_seed20284556,easy,19,late,1,6,7,8ec88461dbd87082,155.8792979752147,200.0,220.0,0.0,110.0,0.0
nw_retrain_0344_converging_easy_seed20284556,easy,19,late,2,6,7,108dc8ca0802fa9f,194.8845918089164,200.0,220.0,0.0,110.0,0.0
nw_retrain_0344_converging_easy_seed20284556,easy,19,late,3,6,7,441309b8a47b0db6,285.24245519574555,200.0,220.0,0.0,110.0,0.0
nw_retrain_0346_vertically_overlapping_moderate_seed20285014,moderate,2,early,0,0,1,48c30ee02afff98d,16.823955965460744,200.0,220.0,0.0,110.0,0.0
nw_retrain_0346_vertically_overlapping_moderate_seed20285014,moderate,2,early,1,0,1,a1a975e291333146,16.4732199419984,200.0,220.0,0.0,110.0,0.0
nw_retrain_0346_vertically_overlapping_moderate_seed20285014,moderate,2,early,2,0,1,9f8209f79ddbc1ed,22.61395584382169,200.0,220.0,0.0,110.0,0.0
nw_retrain_0346_vertically_overlapping_moderate_seed20285014,moderate,2,early,3,0,1,27e1774918003b62,10.50232840448554,200.0,220.0,0.0,110.0,0.0
nw_retrain_0346_vertically_overlapping_moderate_seed20285014,moderate,17,late,0,6,7,70b721f692d835b3,1333.0005555612995,200.0,220.0,0.0,110.0,0.0
nw_retrain_0346_vertically_overlapping_moderate_seed20285014,moderate,17,late,1,6,7,cc4e5f4dcbb4a6df,1332.5181266574043,200.0,220.0,0.0,110.0,0.0
nw_retrain_0346_vertically_overlapping_moderate_seed20285014,moderate,17,late,2,6,7,1b6fdf4611354242,1338.001538144946,200.0,220.0,0.0,110.0,0.0
nw_retrain_0346_vertically_overlapping_moderate_seed20285014,moderate,17,late,3,6,7,663dedc449aead04,1345.3653031023496,200.0,220.0,0.0,110.0,0.0
nw_retrain_0363_vertically_overlapping_hard_seed20286418,hard,0,early,0,0,1,d3c4f9de8993c324,104.2512530501283,200.0,220.0,0.0,110.0,0.0
nw_retrain_0363_vertically_overlapping_hard_seed20286418,hard,0,early,1,0,1,23bff3630805ba9b,2449.204856127514,200.0,220.0,0.0,110.0,0.0
nw_retrain_0363_vertically_overlapping_hard_seed20286418,hard,0,early,2,0,1,f044636ddc3f67d9,28.78622027872916,200.0,220.0,0.0,110.0,0.0
nw_retrain_0363_vertically_overlapping_hard_seed20286418,hard,0,early,3,0,1,6c9456d6bca98454,23.52769167278938,200.0,220.0,0.0,110.0,0.0
nw_retrain_0363_vertically_overlapping_hard_seed20286418,hard,15,late,0,6,7,28a07ab3f333452c,8422.812076556382,200.0,220.0,0.0,110.0,0.0
nw_retrain_0363_vertically_overlapping_hard_seed20286418,hard,15,late,1,6,7,c4fcc77648346b32,8418.717652323705,200.0,220.0,0.0,110.0,0.0
nw_retrain_0363_vertically_overlapping_hard_seed20286418,hard,15,late,2,6,7,842d254688867ba8,8403.689250847357,200.0,220.0,0.0,110.0,0.0
nw_retrain_0363_vertically_overlapping_hard_seed20286418,hard,15,late,3,6,7,3cc256e61511c45b,8473.100365815422,200.0,220.0,0.0,110.0,0.0
nw_retrain_0386_none_easy_seed20288803,easy,3,early,0,0,1,cad3381340d030c0,4.1861391020314604,200.0,220.0,0.0,110.0,0.0
nw_retrain_0386_none_easy_seed20288803,easy,3,early,1,0,1,83808856b13a6130,9939.23527236577,200.0,220.0,0.0,110.0,0.0
nw_retrain_0386_none_easy_seed20288803,easy,3,early,2,0,1,900503a41eb63453,8.38366010440949,200.0,220.0,0.0,110.0,0.0
nw_retrain_0386_none_easy_seed20288803,easy,3,early,3,0,1,f220dedee6ebcf1c,10.731014376561523,200.0,220.0,0.0,110.0,0.0
nw_retrain_0386_none_easy_seed20288803,easy,17,late,0,6,7,366fd48747c281fb,10133.628583523883,200.0,220.0,0.0,110.0,0.0
nw_retrain_0386_none_easy_seed20288803,easy,17,late,1,6,7,a08548b0f5c5c56b,10213.34793693837,200.0,220.0,0.0,110.0,0.0
nw_retrain_0386_none_easy_seed20288803,easy,17,late,2,6,7,34977f9b5c8d2160,10142.699059220857,200.0,219.0,0.0,110.0,0.0
nw_retrain_0386_none_easy_seed20288803,easy,17,late,3,6,7,130e3bf5b2e00d83,10129.19651597319,200.0,220.0,0.0,110.0,0.0
nw_retrain_0409_vertically_overlapping_easy_seed20291319,easy,0,early,0,0,1,4af91d15595aeb4f,14.426249430461755,200.0,220.0,0.0,110.0,0.0
nw_retrain_0409_vertically_overlapping_easy_seed20291319,easy,0,early,1,0,1,8d4bc7ec6a5bd6c6,10.354040160948651,200.0,220.0,0.0,110.0,0.0
nw_retrain_0409_vertically_overlapping_easy_seed20291319,easy,0,early,2,0,1,59dcbe3f60ba0e63,19.881088242829687,200.0,220.0,0.0,110.0,0.0
nw_retrain_0409_vertically_overlapping_easy_seed20291319,easy,0,early,3,0,1,ddfbc21edf047143,13.345572161444633,200.0,220.0,0.0,110.0,0.0
nw_retrain_0409_vertically_overlapping_easy_seed20291319,easy,18,late,0,6,7,70f5b5e0c882cd0c,303.6222427438452,200.0,220.0,0.0,110.0,0.0
nw_retrain_0409_vertically_overlapping_easy_seed20291319,easy,18,late,1,6,7,a39f9b7b971841b8,26.41219615455431,200.0,219.0,0.0,110.0,0.0
nw_retrain_0409_vertically_overlapping_easy_seed20291319,easy,18,late,2,6,7,e49718fb160d275e,38.5074719742442,200.0,220.0,0.0,110.0,0.0
nw_retrain_0409_vertically_overlapping_easy_seed20291319,easy,18,late,3,6,7,61595a3fe26c229d,329.04258764992727,200.0,220.0,0.0,110.0,0.0
nw_retrain_0420_converging_moderate_seed20292004,moderate,10,early,0,0,1,3e6b7cb8a6dbda46,1.0623068933349853,200.0,220.0,0.009090909090909,110.0,0.0
nw_retrain_0420_converging_moderate_seed20292004,moderate,10,early,1,0,1,f31147ad786f8c97,11.578515972631346,200.0,220.0,0.0,110.0,0.0
nw_retrain_0420_converging_moderate_seed20292004,moderate,10,early,2,0,1,8c983eb4e99b1818,8.694944378308497,200.0,220.0,0.0,110.0,0.0
nw_retrain_0420_converging_moderate_seed20292004,moderate,10,early,3,0,1,52c060526f47aa95,9.315761126257112,200.0,220.0,0.0,110.0,0.0
nw_retrain_0420_converging_moderate_seed20292004,moderate,3,late,0,6,7,98f58b7071df2f70,3567.649667649423,200.0,220.0,0.0,110.0,0.0
nw_retrain_0420_converging_moderate_seed20292004,moderate,3,late,1,6,7,977447dc00134758,3567.300942292595,200.0,220.0,0.0,110.0,0.0
nw_retrain_0420_converging_moderate_seed20292004,moderate,3,late,2,6,7,5fb7a8ca033cb884,3567.472751828194,200.0,220.0,0.0,110.0,0.0
nw_retrain_0420_converging_moderate_seed20292004,moderate,3,late,3,6,7,3525897f35434aa6,3551.3458559096366,200.0,220.0,0.0,110.0,0.0
nw_retrain_0436_none_easy_seed20293834,easy,3,early,0,0,1,ac948149faee173e,32.58637810403386,200.0,220.0,0.0,110.0,0.0
nw_retrain_0436_none_easy_seed20293834,easy,3,early,1,0,1,0df47b21fd3c52a8,1.5144979770848543,200.0,220.0,0.0,110.0,0.0
nw_retrain_0436_none_easy_seed20293834,easy,3,early,2,0,1,92530df635918eb9,17.01210611166924,200.0,220.0,0.0,110.0,0.0
nw_retrain_0436_none_easy_seed20293834,easy,3,early,3,0,1,c6abca57f596a9ec,9.852017521425816,200.0,220.0,0.0,110.0,0.0
nw_retrain_0436_none_easy_seed20293834,easy,16,late,0,6,7,f54ef001f06eb139,89.52286801422751,400.0,380.0,0.0,210.0,0.0
nw_retrain_0436_none_easy_seed20293834,easy,16,late,1,6,7,30abd764dd169d82,89.59387804129082,400.0,409.0,0.0,210.0,0.0
nw_retrain_0436_none_easy_seed20293834,easy,16,late,2,6,7,4e5f6975fc83636f,89.6570347882422,400.0,409.0,0.0,210.0,0.0
nw_retrain_0436_none_easy_seed20293834,easy,16,late,3,6,7,7aa5e84a51bde11f,89.57072397321274,400.0,373.0,0.0,210.0,0.0
nw_retrain_0453_converging_hard_seed20295238,hard,3,early,0,0,1,7e17435021dd1939,794.258119294486,200.0,220.0,0.0,110.0,0.0
nw_retrain_0453_converging_hard_seed20295238,hard,3,early,1,0,1,eaaf1c339bb43cc4,30.399825675019382,200.0,220.0,0.0,110.0,0.0
nw_retrain_0453_converging_hard_seed20295238,hard,3,early,2,0,1,e6de313061567d12,29.554585137982667,200.0,220.0,0.0,110.0,0.0
nw_retrain_0453_converging_hard_seed20295238,hard,3,early,3,0,1,cab3ed19b5c76ac6,17.642712759077494,200.0,220.0,0.0,110.0,0.0
nw_retrain_0453_converging_hard_seed20295238,hard,14,late,0,6,7,d7b6157c98f05b8f,80.7893962877899,200.0,219.0,0.0,110.0,0.0
nw_retrain_0453_converging_hard_seed20295238,hard,14,late,1,6,7,74787c3681201165,81.24338945692473,200.0,219.0,0.0,110.0,0.0
nw_retrain_0453_converging_hard_seed20295238,hard,14,late,2,6,7,c433baf8ca59c1ee,81.14988027557085,200.0,219.0,0.0,110.0,0.0
nw_retrain_0453_converging_hard_seed20295238,hard,14,late,3,6,7,e1b65b486f9b3b92,79.45441322301006,200.0,220.0,0.0,110.0,0.0
nw_retrain_0455_converging_easy_seed20295434,easy,1,early,0,0,1,5910971d5b90d085,6.737668538656957,200.0,220.0,0.0,110.0,0.0
nw_retrain_0455_converging_easy_seed20295434,easy,1,early,1,0,1,6bc281417dd5fe6d,2.470126846734876,200.0,220.0,0.009090909090909,110.0,0.0
nw_retrain_0455_converging_easy_seed20295434,easy,1,early,2,0,1,a41ab041a29ee23b,12.72458607280344,200.0,220.0,0.0,110.0,0.0
nw_retrain_0455_converging_easy_seed20295434,easy,1,early,3,0,1,947cc63e119926bf,3.741694718138016,200.0,220.0,0.0272727272727272,110.0,0.0
nw_retrain_0455_converging_easy_seed20295434,easy,18,late,0,6,7,f84a0a5af85bf4a8,11431.631177767338,200.0,206.0,0.0,110.0,0.0
nw_retrain_0455_converging_easy_seed20295434,easy,18,late,1,6,7,8125b8a03a23c584,11480.857330988028,200.0,206.0,0.0,110.0,0.0
nw_retrain_0455_converging_easy_seed20295434,easy,18,late,2,6,7,9ff8bf610f5b5c7d,11435.02990356258,200.0,206.0,0.0,110.0,0.0
nw_retrain_0455_converging_easy_seed20295434,easy,18,late,3,6,7,b0f1032824f73c2d,11433.126090714237,200.0,220.0,0.0,110.0,0.0
nw_retrain_0472_vertically_overlapping_moderate_seed20297231,moderate,3,early,0,0,1,61f7a8540abd0bb5,4.575013998736834,200.0,220.0,0.0,110.0,0.0
nw_retrain_0472_vertically_overlapping_moderate_seed20297231,moderate,3,early,1,0,1,058ae6c0c6bf69ee,8.901904044367805,200.0,220.0,0.0,110.0,0.0
nw_retrain_0472_vertically_overlapping_moderate_seed20297231,moderate,3,early,2,0,1,5549ce4841f4b678,7.48673134012393,200.0,220.0,0.0,110.0,0.0
nw_retrain_0472_vertically_overlapping_moderate_seed20297231,moderate,3,early,3,0,1,0ea25bff115829a8,10.731966612045918,200.0,220.0,0.0,110.0,0.0
nw_retrain_0472_vertically_overlapping_moderate_seed20297231,moderate,8,late,0,6,7,a17576fca19aa0ea,49.70757237718131,400.0,346.0,0.0,210.0,0.0
nw_retrain_0472_vertically_overlapping_moderate_seed20297231,moderate,8,late,1,6,7,d1bccd35e7e96adb,49.7473790198537,400.0,410.0,0.0,210.0,0.0
nw_retrain_0472_vertically_overlapping_moderate_seed20297231,moderate,8,late,2,6,7,0a871cc314eb02dd,49.63374358895844,400.0,344.0,0.0,210.0,0.0
nw_retrain_0472_vertically_overlapping_moderate_seed20297231,moderate,8,late,3,6,7,c7b79e7da450c3be,51.32469148496567,200.0,220.0,0.0,110.0,0.0
nw_retrain_0487_converging_easy_seed20298701,easy,8,early,0,0,1,eb354a496d1b1786,3463.7265193646385,200.0,220.0,0.0,110.0,0.0
nw_retrain_0487_converging_easy_seed20298701,easy,8,early,1,0,1,a664de82d01a683d,3.943762967374606,200.0,220.0,0.0181818181818181,110.0,0.0
nw_retrain_0487_converging_easy_seed20298701,easy,8,early,2,0,1,f920e41245c41376,3.9930760820396687,200.0,220.0,0.009090909090909,110.0,0.0
nw_retrain_0487_converging_easy_seed20298701,easy,8,early,3,0,1,de47ac33dd3c4fc3,2.77383820131371,200.0,220.0,0.0181818181818181,110.0,0.0
nw_retrain_0487_converging_easy_seed20298701,easy,19,late,0,5,6,c07f587e6a9ed552,862.9064539144098,200.0,220.0,0.0,110.0,0.0
nw_retrain_0487_converging_easy_seed20298701,easy,19,late,1,5,6,8c3c0b4c4fcb7f37,119.39602173513596,200.0,220.0,0.0,110.0,0.0
nw_retrain_0487_converging_easy_seed20298701,easy,19,late,2,5,6,86558e8a668e60b6,873.8342853787449,200.0,220.0,0.0,110.0,0.0
nw_retrain_0487_converging_easy_seed20298701,easy,19,late,3,5,6,18b118ea3557af54,848.5859845703823,200.0,220.0,0.0,110.0,0.0
nw_retrain_0516_none_easy_seed22079712,easy,3,early,0,0,1,b26ee594b8de78d1,1861.759069787972,200.0,220.0,0.0,110.0,0.0
nw_retrain_0516_none_easy_seed22079712,easy,3,early,1,0,1,c8be10bb591f498b,24.3294399025923,200.0,220.0,0.0,110.0,0.0
nw_retrain_0516_none_easy_seed22079712,easy,3,early,2,0,1,aaead72209127055,312.59339707894605,200.0,220.0,0.0,110.0,0.0
nw_retrain_0516_none_easy_seed22079712,easy,3,early,3,0,1,f1b5a8da2e584026,3.1389311710159062,200.0,220.0,0.0,110.0,0.0
nw_retrain_0516_none_easy_seed22079712,easy,18,late,0,6,7,ae5d7de2059d1395,3917.356975622412,200.0,220.0,0.0,110.0,0.0
nw_retrain_0516_none_easy_seed22079712,easy,18,late,1,6,7,aeb957c09444dd7f,3917.1200209081976,400.0,410.0,0.0,210.0,0.0
nw_retrain_0516_none_easy_seed22079712,easy,18,late,2,6,7,045bfbdb37076634,3917.0011164374296,400.0,410.0,0.0,210.0,0.0
nw_retrain_0516_none_easy_seed22079712,easy,18,late,3,6,7,c60b7f2b4bd07fc5,3917.378982952082,200.0,220.0,0.0,110.0,0.0
