scenario_uid,M0_pairwise_accuracy,M0_regret,M0_top3_recall,M0_cfo,M1_pairwise_accuracy,M1_regret,M1_top3_recall,M1_cfo
nw_retrain_5000_none_easy_seed2768563,0.55426918,0.52540774,0.50877193,0.18421053,0.61505065,0.47243892,0.64035088,0.10526316
nw_retrain_5001_none_easy_seed2768006,0.55611511,6.86666140,0.64912281,0.63157895,0.59496403,4.44254514,0.64035088,0.57894737
nw_retrain_5002_none_easy_seed2768235,0.66810967,0.48819852,0.68421053,0.18421053,0.62770563,0.84979340,0.64035088,0.23684211
nw_retrain_5003_none_easy_seed2768202,0.61930586,0.37038637,0.69230769,0.26923077,0.56832972,0.74033479,0.58974359,0.46153846
nw_retrain_5004_none_easy_seed2768300,0.60021552,10.36735155,0.58974359,0.42307692,0.62500000,6.60861182,0.57692308,0.38461538
nw_retrain_5005_none_easy_seed2768398,0.61505376,13.44374916,0.58974359,0.53846154,0.58709677,4.12746777,0.56410256,0.38461538
nw_retrain_5006_none_easy_seed2768496,0.57775378,6.98275735,0.62820513,0.65384615,0.60367171,0.61136882,0.62820513,0.19230769
nw_retrain_5007_none_easy_seed2768725,0.67386609,1.98657092,0.70512821,0.26923077,0.72678186,2.33552010,0.70512821,0.30769231
nw_retrain_5008_none_easy_seed2768692,0.61480687,0.51129117,0.61538462,0.30769231,0.66416309,0.59911905,0.71794872,0.30769231
nw_retrain_5009_none_easy_seed2768790,0.62689805,1.20263028,0.62666667,0.32000000,0.61822126,1.23985408,0.65333333,0.36000000
nw_retrain_5010_none_easy_seed2768888,0.55674518,55.66328633,0.55128205,0.80769231,0.60706638,1.05834516,0.56410256,0.23076923
nw_retrain_5011_none_easy_seed2768986,0.64655172,2.55515222,0.58974359,0.30769231,0.67133621,2.60484146,0.64102564,0.30769231
nw_retrain_6000_approximately_parallel_moderate_seed2866039,0.61777457,3.81870375,0.63157895,0.34210526,0.57947977,1.12606158,0.64035088,0.34210526
nw_retrain_6001_vertically_overlapping_easy_seed2866137,0.65491453,2.09240379,0.64102564,0.23076923,0.59294872,4.01361667,0.53846154,0.30769231
nw_retrain_6002_crossing_easy_seed2866104,0.59199134,0.64940096,0.71794872,0.23076923,0.58441558,1.10932560,0.60256410,0.23076923
nw_retrain_6003_converging_moderate_seed2866202,0.59855072,3.73474637,0.59649123,0.42105263,0.68985507,1.65347208,0.73684211,0.31578947
nw_retrain_6004_converging_easy_seed2866562,0.71474359,1.61615735,0.66666667,0.19230769,0.61004274,21.64929100,0.65384615,0.69230769
nw_retrain_6005_approximately_parallel_moderate_seed2866398,0.57826087,2.43330507,0.60360360,0.45945946,0.63188406,1.51132457,0.62162162,0.24324324
nw_retrain_6006_crossing_easy_seed2866627,0.55781585,19.51636900,0.52564103,0.46153846,0.51713062,1.08202739,0.53846154,0.38461538
nw_retrain_6007_approximately_parallel_moderate_seed2866725,0.60520607,0.37440902,0.69230769,0.23076923,0.61279826,0.82579249,0.65384615,0.26923077
nw_retrain_6008_vertically_overlapping_easy_seed2866692,0.67773019,1.62304753,0.65384615,0.23076923,0.65845824,6.46570858,0.73076923,0.57692308
nw_retrain_6009_approximately_parallel_easy_seed2866921,0.63169165,1.09265574,0.64102564,0.19230769,0.58137045,1.84380565,0.60256410,0.38461538
nw_retrain_6010_approximately_parallel_moderate_seed2866888,0.65524625,0.77615468,0.65384615,0.30769231,0.67023555,0.64423031,0.61538462,0.30769231
nw_retrain_6011_converging_moderate_seed2866986,0.67995690,0.27448467,0.76923077,0.11538462,0.69073276,0.34460134,0.75641026,0.15384615
nw_retrain_6012_approximately_parallel_easy_seed2867084,0.69957082,1.93594524,0.67948718,0.19230769,0.66094421,5.31303335,0.65384615,0.30769231
nw_retrain_6013_vertically_overlapping_easy_seed2867182,0.59528908,0.51107926,0.56410256,0.30769231,0.57815846,0.81238086,0.53846154,0.38461538
nw_retrain_6014_vertically_overlapping_moderate_seed2867280,0.62419700,5.09833769,0.61538462,0.34615385,0.63276231,2.42422375,0.56410256,0.30769231
nw_retrain_6015_vertically_overlapping_easy_seed2867378,0.65943601,1.43766277,0.72000000,0.32000000,0.68438178,3.38898786,0.80000000,0.28000000
nw_retrain_6016_converging_moderate_seed2867607,0.55793991,230.56386645,0.55128205,0.69230769,0.54935622,1.70202009,0.57692308,0.38461538
nw_retrain_6017_crossing_hard_seed2867967,0.55448718,2949.78423227,0.60256410,0.73076923,0.60256410,746.18950912,0.57692308,0.42307692
nw_retrain_6018_crossing_moderate_seed2867672,0.58242950,11.16469554,0.62820513,0.46153846,0.54013015,2.28295963,0.64102564,0.42307692
nw_retrain_6019_converging_moderate_seed2867770,0.57526882,4.01874018,0.62820513,0.38461538,0.55376344,3.18250635,0.71794872,0.30769231
nw_retrain_6020_vertically_overlapping_moderate_seed2867868,0.72746781,0.62113893,0.69230769,0.11538462,0.71459227,1.33339634,0.67948718,0.26923077
nw_retrain_6022_converging_easy_seed2868064,0.57204301,2.03566038,0.56410256,0.34615385,0.58817204,1.29165581,0.58974359,0.46153846
nw_retrain_6027_approximately_parallel_easy_seed2868554,0.48179872,9.15738822,0.53846154,0.65384615,0.54925054,10.21320414,0.60256410,0.65384615
nw_retrain_6028_converging_easy_seed2868652,0.55053763,0.57564530,0.65384615,0.26923077,0.56774194,0.54784524,0.58974359,0.30769231
