params_sha256,budget,seed,scenario_uid,J_star_cont,evals_total,elapsed_sec,error
258b94c31afb3f84,3200,4081512211,nw_retrain_0103_approximately_parallel_easy_seed20260938,2.33725825,2609,103.06000000,
89cfe74800a6ff4a,3200,3656091823,nw_retrain_0292_approximately_parallel_easy_seed20279460,9.07185709,3047,223.05000000,
82f2fe976b6df642,3200,709644869,nw_retrain_0110_none_easy_seed20261624,25.40388618,2779,149.40000000,
a430aba3d95deba1,3200,2796287619,nw_retrain_0292_approximately_parallel_easy_seed20279460,31.23575186,2580,95.31000000,
c26fe2025fffe091,3200,3419122698,nw_retrain_0270_approximately_parallel_easy_seed20277435,10.92412707,2770,81.30000000,
f323f3b1eecd190b,3200,2093138655,nw_retrain_0103_approximately_parallel_easy_seed20260938,2.96873992,3192,148.69000000,
18e4428d70938a7f,3200,1167911430,nw_retrain_0110_none_easy_seed20261624,1.08482489,3209,132.13000000,
09be3ff0d0bf7a10,3200,3408007804,nw_retrain_0581_converging_hard_seed22085689,2.15522644,2837,176.58000000,
5284f91de3741685,3200,2189911442,nw_retrain_0258_approximately_parallel_easy_seed20276128,38.05935838,2731,289.55000000,
788c89c70639a76b,3200,2129241358,nw_retrain_0258_approximately_parallel_easy_seed20276128,10.93750448,2792,256.09000000,
6e475074b58fb391,3200,2112312608,nw_retrain_0270_approximately_parallel_easy_seed20277435,2.64525535,2707,96.08000000,
2080ea7ba902c48c,3200,538058187,nw_retrain_0191_approximately_parallel_easy_seed20269562,1.87076143,3209,103.39000000,
cd95853af4e96cc4,3200,1331686907,nw_retrain_0250_vertically_overlapping_hard_seed20275475,27.51922626,2461,111.35000000,
a19602177b49ea68,3200,3261033836,nw_retrain_0250_vertically_overlapping_hard_seed20275475,1.29913091,3209,106.22000000,
f9a446006212bf06,3200,3577321280,nw_retrain_0191_approximately_parallel_easy_seed20269562,34.88349300,2585,132.00000000,
3f48b8a8d77b9100,3200,3790723617,nw_dual_val_058,1.83973607,3209,294.11000000,
00dcec78234d982b,3200,3656553422,nw_retrain_0600_converging_easy_seed22087551,2.13827270,2965,254.79000000,
460d7b7968be68e1,3200,2027719231,nw_dual_val_059,100.09714476,2677,416.28000000,
5716e9fc478fcd8a,3200,4073471698,nw_retrain_0426_vertically_overlapping_hard_seed20292592,1.47433981,3209,177.36000000,
0cf21026673b1ff0,3200,27080926,nw_retrain_0600_converging_easy_seed22087551,4.32569814,2896,273.44000000,
9b0bfcc2c987bc17,3200,3405090098,nw_retrain_0453_converging_hard_seed20295238,34.80500016,2715,276.88000000,
2ae8673f86c06584,3200,2452004756,nw_retrain_0214_vertically_overlapping_easy_seed20271816,22.59559528,2856,173.75000000,
80b449c8c100dd6f,3200,2896030928,nw_retrain_0214_vertically_overlapping_easy_seed20271816,2.59222580,3209,156.94000000,
c9e00ccc72778a3f,3200,219213809,nw_retrain_0471_none_easy_seed20297002,141.73980817,2743,115.31000000,
e962291922612d2a,3200,2614325229,nw_retrain_0471_none_easy_seed20297002,275.87762237,2523,84.66000000,
1d5ca008c82716eb,3200,1942551094,nw_retrain_0182_crossing_moderate_seed20268680,196.19008107,3031,123.37000000,
c599acb67b7fac01,3200,165353167,nw_retrain_0453_converging_hard_seed20295238,110.81684973,3081,185.18000000,
fcf22bed69c3b781,3200,1660864160,nw_retrain_0121_vertically_overlapping_moderate_seed20262702,4.25359768,3209,149.73000000,
79e93a12e4a6e99d,3200,1741855534,nw_retrain_0121_vertically_overlapping_moderate_seed20262702,8.65581531,3035,183.56000000,
e2da8cbd3a3a2989,3200,3213087363,nw_retrain_0187_vertically_overlapping_easy_seed20269170,512.68408718,2551,292.03000000,
ef592433065a198f,3200,225475864,nw_retrain_0547_approximately_parallel_moderate_seed22082619,4.33659660,2852,279.81000000,
200cf0a96b98b27e,3200,1093439634,nw_retrain_0426_vertically_overlapping_hard_seed20292592,328.58307587,2661,280.70000000,
d481acd0ff1335ae,3200,1676592406,nw_retrain_0143_none_easy_seed20264858,704.22707061,2927,185.02000000,
f447c227d342241f,3200,739321772,nw_retrain_0446_none_easy_seed20294552,2.63887198,2617,204.64000000,
623f121f3eca26ca,3200,4216590882,nw_retrain_0143_none_easy_seed20264858,509.23172462,2810,98.53000000,
bbb6a5dfea1c06e3,3200,101439980,nw_retrain_0493_approximately_parallel_easy_seed20299158,2250.22684143,2739,147.04000000,
625624b660283feb,3200,1483362464,nw_retrain_0541_crossing_hard_seed22081769,56.20933718,3209,160.82000000,
5617d64d0ac60e75,3200,1136482965,nw_retrain_0472_vertically_overlapping_moderate_seed20297231,1801.65317536,2843,189.63000000,
16835c63845fec50,3200,488736489,nw_retrain_0248_vertically_overlapping_easy_seed20275410,671.57753408,2836,269.99000000,
9297edd3ae953dcf,3200,521035051,nw_retrain_0185_none_easy_seed20268974,321.10288827,3209,120.36000000,
e3fcecd764414b2a,3200,37922163,nw_retrain_0179_none_easy_seed20268517,2171.21359187,2797,164.83000000,
f96abb4c229c3073,3200,4062415745,nw_retrain_0487_converging_easy_seed20298701,2.17991455,2851,238.74000000,
a8f26ebe5a3cf853,3200,684520503,nw_retrain_0420_converging_moderate_seed20292004,642.83728165,2932,204.35000000,
b4666aac86cb9b27,3200,451632011,nw_retrain_0437_none_easy_seed20293670,809.24863918,2836,225.06000000,
ec8d6cce2a1902ab,3200,1479841771,nw_retrain_0187_vertically_overlapping_easy_seed20269170,3.38648249,3209,205.03000000,
222d2ff89994cb91,3200,46002417,nw_retrain_0332_crossing_moderate_seed20283380,839.81341362,3209,257.78000000,
663822f6914444a6,3200,699051684,nw_retrain_0596_approximately_parallel_hard_seed22087028,665.36485655,2833,363.96000000,
da1ad810def2de15,3200,1498792794,nw_retrain_0344_converging_easy_seed20284556,527.84612708,3042,318.33000000,
5c66ff1734f80e1f,3200,1267940616,nw_retrain_0596_approximately_parallel_hard_seed22087028,171.99691254,3017,254.44000000,
e510f81256385121,3200,701705438,nw_retrain_0420_converging_moderate_seed20292004,5.57634566,3209,258.96000000,
39dfc0f9ca06bd4c,3200,3356959768,nw_retrain_0487_converging_easy_seed20298701,863.38702030,2669,341.15000000,
f3a6c73b646819f5,3200,1694749796,nw_retrain_0405_vertically_overlapping_hard_seed20290534,434.60154803,3209,287.23000000,
a181f6f715b68d81,3200,4215864345,nw_retrain_0500_crossing_easy_seed20299975,763.53974174,2715,331.26000000,
798330d61fc8d280,3200,2628715332,nw_retrain_0505_crossing_easy_seed22078110,693.37611595,2638,322.52000000,
c7abf2ce29a4b86e,3200,4082505934,nw_retrain_0344_converging_easy_seed20284556,795.62764284,2775,449.76000000,
4b7ea55a3bc4d2c1,3200,1237235163,nw_retrain_0562_crossing_moderate_seed22083696,778.33488259,3209,479.25000000,
786d12370dd9f3c8,3200,2121323326,nw_retrain_0326_converging_hard_seed20282923,2488.31342920,2826,484.39000000,
1b7fb224885208be,3200,1499546999,nw_retrain_0505_crossing_easy_seed22078110,1192.81584801,3184,402.14000000,
fb3429a8c6905aa9,3200,304156587,nw_retrain_0415_approximately_parallel_easy_seed20291645,2416.43420702,3062,391.34000000,
87279ee188d7a871,3200,1715619824,nw_retrain_0468_converging_moderate_seed20296839,6.60813900,3209,346.85000000,
6672b8bde3062c44,3200,4028961537,nw_retrain_0546_none_easy_seed22082128,3742.78790894,2610,326.05000000,
9313f89c7885f356,3200,518954199,nw_retrain_0445_none_easy_seed20294454,3502.57081639,3068,300.39000000,
89b4ec2ec94b6fbe,3200,1586483565,nw_retrain_0546_none_easy_seed22082128,966.17955561,2868,388.29000000,
febe99dab570e3d6,3200,1037518079,nw_retrain_0436_none_easy_seed20293834,3.29451775,3209,253.61000000,
f130150288bedac0,3200,2986143482,nw_retrain_0171_crossing_easy_seed20267864,2219.50055740,2946,628.53000000,
9c64f3dfa1e952d8,3200,568560098,nw_retrain_0404_none_easy_seed20290436,1000.73324394,3209,284.06000000,
a051ffcfe50a7476,3200,1771670833,nw_retrain_0014_vertically_overlapping_hard_seed20252216,1782.94209430,2450,495.31000000,
406bd6b49cf161d3,3200,1039399539,nw_retrain_0141_crossing_easy_seed20264924,12.70872903,3209,534.43000000,
41bb9e3850e791f0,3200,502366559,nw_retrain_0332_crossing_moderate_seed20283380,1277.81808142,2701,397.95000000,
46432a96f014aeb8,3200,1051262625,nw_retrain_0134_crossing_moderate_seed20264107,2929.15302380,2600,445.58000000,
0719c5caa063d069,3200,3329982451,nw_retrain_0175_vertically_overlapping_easy_seed20267994,1314.90075560,3209,899.86000000,
6a940a8071a1a022,3200,3999750727,nw_retrain_0436_none_easy_seed20293834,375.83331053,3209,302.84000000,
a94ce4bc829be4ce,3200,626044270,nw_retrain_0091_approximately_parallel_moderate_seed20259762,2047.62141806,2828,389.22000000,
bb9cd04bc25aada0,3200,2298536720,nw_retrain_0014_vertically_overlapping_hard_seed20252216,3989.34233749,3028,597.55000000,
da934c49f54fc714,3200,2322926908,nw_retrain_0017_approximately_parallel_moderate_seed20252641,2122.58618977,2676,567.23000000,
48dbfd2198b881b6,3200,2279782575,nw_retrain_0061_vertically_overlapping_moderate_seed20257346,2690.88883527,3004,475.54000000,
9294450065d0949b,3200,3316893201,nw_retrain_0091_approximately_parallel_moderate_seed20259762,3.31930979,3209,538.91000000,
716d6f10a3511f71,3200,2190308276,nw_retrain_0321_crossing_easy_seed20282302,4.18820881,3209,498.49000000,
ef319601cdf9c2f2,3200,565249623,nw_retrain_0384_approximately_parallel_moderate_seed20288738,1730.80293232,2906,682.18000000,
d3cd72a19f82d623,3200,1133137086,nw_retrain_0161_none_easy_seed20266753,1.33923320,3209,258.30000000,
f3efa1f5256baea6,3200,1246222670,nw_retrain_0017_approximately_parallel_moderate_seed20252641,2470.22334958,3209,914.28000000,
4085075eba4080fb,3200,1933793318,nw_retrain_0161_none_easy_seed20266753,2200.88393562,2627,333.05000000,
2a0e3946651e5cd2,3200,2761016362,nw_retrain_0516_none_easy_seed22079712,46.00518219,2793,363.35000000,
c9ee92001185da84,3200,2596189745,nw_retrain_0016_vertically_overlapping_easy_seed20252543,1909.50759343,3140,766.84000000,
ad3848c855142117,3200,39433087,nw_retrain_0204_converging_hard_seed20270836,1604.00770420,2866,713.00000000,
c69299a5ebff1e88,3200,1124448232,nw_retrain_0016_vertically_overlapping_easy_seed20252543,2618.66477830,2824,499.37000000,
bb30eda3314d7fc9,3200,530170298,nw_retrain_0405_vertically_overlapping_hard_seed20290534,2090.41087674,3209,246.56000000,
27933d2b5a5c9a72,3200,686488959,nw_retrain_0119_converging_moderate_seed20262637,1875.01599149,2486,284.90000000,
dd1c8a7d71349743,3200,2112510607,nw_retrain_0459_vertically_overlapping_moderate_seed20296088,106.71723344,3122,267.15000000,
0d243af45a2609f7,3200,892345043,nw_retrain_0493_approximately_parallel_easy_seed20299158,2399.17727346,3209,193.23000000,
89b9566d266fcf9b,3200,1890335055,nw_retrain_0077_none_easy_seed20258521,1743.15827415,2597,219.20000000,
6f8b5ee2f5c04544,3200,2842929079,nw_retrain_0472_vertically_overlapping_moderate_seed20297231,5.92635274,3209,209.05000000,
eb1cd1a502472920,3200,2080432251,nw_retrain_0365_none_easy_seed20286614,5.96422509,3062,207.23000000,
53e7cd301243ddcb,3200,2356133787,nw_retrain_0006_none_easy_seed20251432,1663.10928149,2883,205.78000000,
cdaa2727cbe28d1f,3200,193291844,nw_retrain_0006_none_easy_seed20251432,5585.35084961,3121,249.65000000,
30c0149d7ab3d1e0,3200,2523536648,nw_retrain_0409_vertically_overlapping_easy_seed20291319,2319.71034982,2690,407.32000000,
b7ae40997d278b7e,3200,2081510800,nw_retrain_0099_vertically_overlapping_easy_seed20260677,4876.86716184,2933,488.16000000,
954a6b8ee9e8cd07,3200,1537534226,nw_retrain_0516_none_easy_seed22079712,2358.26478309,3209,266.52000000,
da96fbb48c489337,3200,860893152,nw_retrain_0266_none_easy_seed20276912,5247.29219847,2570,239.54000000,
0d3a99fdbbcc5e44,3200,2461617003,nw_retrain_0566_vertically_overlapping_moderate_seed22084088,37.83424357,3209,401.47000000,
c4824f8733dfaf74,3200,3588618645,nw_retrain_0322_converging_moderate_seed20282662,5093.34932323,3209,640.73000000,
6d4c28979eeb7b06,3200,2461395598,nw_retrain_0416_approximately_parallel_easy_seed20291743,576.38982885,2765,519.19000000,
6ae5f76a4d9163d7,3200,3810611401,nw_retrain_0089_none_easy_seed20259828,749.99290196,2769,425.49000000,
6982f8da5f266111,3200,1321112409,nw_retrain_0432_converging_moderate_seed20293311,6094.84505045,2486,524.11000000,
2f0092a1b1120e84,3200,3779552377,nw_retrain_0077_none_easy_seed20258521,4.87260329,3209,337.95000000,
954f1f020d49b2af,3200,511388621,nw_retrain_0233_converging_hard_seed20273809,3673.60441482,2664,858.15000000,
372f2918007000d9,3200,473839177,nw_retrain_0158_vertically_overlapping_easy_seed20266328,3637.01120021,2581,730.10000000,
8d5fca303bba0414,3200,488121811,nw_retrain_0089_none_easy_seed20259828,2196.60435173,3209,568.99000000,
f6184da583af9dde,3200,2526796304,nw_retrain_0459_vertically_overlapping_moderate_seed20296088,341.48880323,2549,669.33000000,
aabc8136f7b20d79,3200,141211451,nw_retrain_0416_approximately_parallel_easy_seed20291743,1902.18743546,3209,901.74000000,
d7af8bb6869470af,3200,3496987024,nw_retrain_0099_vertically_overlapping_easy_seed20260677,130.29903976,3130,971.99000000,
be227bc3ad19d427,3200,24170111,nw_retrain_0151_approximately_parallel_moderate_seed20265773,2675.55788843,2929,771.34000000,
f4cf58a04e38ab00,3200,4290660369,nw_retrain_0314_vertically_overlapping_moderate_seed20281747,10232.83935254,2699,731.80000000,
d540af6c1a4c8f5f,3200,3617459083,nw_retrain_0413_vertically_overlapping_easy_seed20291842,62.90505479,3164,860.37000000,
af5da15b1c3ab037,3200,1266796062,nw_retrain_0119_converging_moderate_seed20262637,2197.10785270,3209,747.26000000,
af2bd0b136fdc07c,3200,3370151527,nw_retrain_0095_crossing_easy_seed20260285,3174.14706415,2898,521.66000000,
2f9caa5a916a05a1,3200,1165144699,nw_retrain_0068_crossing_easy_seed20257639,2928.34646600,2553,687.62000000,
ecf74989133b5096,3200,3214987356,nw_retrain_0570_crossing_easy_seed22084742,3861.24727914,3140,801.91000000,
55016b190083f782,3200,1776861227,nw_retrain_0473_converging_moderate_seed20297198,1122.90490120,3209,827.83000000,
234c0458cf3879f4,3200,2977749745,nw_retrain_0380_none_easy_seed20288346,2894.07691106,3072,467.84000000,
d3f3df509435dd86,3200,774277959,nw_retrain_0408_crossing_easy_seed20291090,2366.27726776,2787,473.65000000,
336556c3a4eb2898,3200,3062160864,nw_retrain_0224_crossing_easy_seed20273058,1512.71420279,3112,889.88000000,
a637da17c5dce228,3200,2012396083,nw_retrain_0389_vertically_overlapping_easy_seed20289228,5888.44611761,2899,765.10000000,
3b0b7e1f744d134d,3200,3341112153,nw_retrain_0437_none_easy_seed20293670,10.21564022,3209,342.26000000,
18240b7a8078ff85,3200,1454447081,nw_retrain_0309_none_easy_seed20281257,21.57051451,3040,397.43000000,
b0c1710ee4a3f896,3200,3934035676,nw_retrain_0432_converging_moderate_seed20293311,8432.64870170,3209,640.76000000,
aa8551c22373a827,3200,203438918,nw_retrain_0024_converging_hard_seed20253196,3861.09401847,3026,836.84000000,
959827a4c3b5cae6,3200,3107603356,nw_retrain_0392_approximately_parallel_moderate_seed20289260,98.15136512,2920,744.58000000,
35859cf87d558e58,3200,753388604,nw_retrain_0310_approximately_parallel_moderate_seed20281224,2914.65725920,3066,782.19000000,
89bfc3cf4bf9efdf,3200,1613362859,nw_retrain_0141_crossing_easy_seed20264924,1023.61169114,2529,578.08000000,
3073040c44fa6596,3200,3253678559,nw_retrain_0204_converging_hard_seed20270836,2477.47969125,3122,1081.51000000,
59f10099c66f79ff,3200,1082096435,nw_retrain_0233_converging_hard_seed20273809,9670.25059588,3209,816.52000000,
023ce3af1aca069c,3200,1045037349,nw_retrain_0296_converging_moderate_seed20279983,5108.54014842,2723,754.32000000,
1bd590bba536e199,3200,3217924159,nw_retrain_0322_converging_moderate_seed20282662,302.94087483,3209,1031.97000000,
a2b781efd312c543,3200,4030431581,nw_retrain_0553_none_easy_seed22082814,1282.53506622,2956,494.55000000,
1f5b84401a5c59ff,3200,1299012267,nw_retrain_0479_converging_easy_seed20297786,3091.84498422,2603,731.45000000,
84088192758f1684,3200,2031298389,nw_retrain_0203_converging_moderate_seed20270869,5758.40124526,3209,793.33000000,
1e6972aeab7aef70,3200,883868169,nw_retrain_0133_vertically_overlapping_moderate_seed20264009,2074.47332131,2930,595.41000000,
c981332ba6853e8e,3200,1546479366,nw_retrain_0061_vertically_overlapping_moderate_seed20257346,135.35662804,3147,413.67000000,
80870c8199159ad7,3200,3063860268,nw_retrain_0266_none_easy_seed20276912,961.66472149,3209,493.98000000,
ba4577250ca81970,3200,126798545,nw_retrain_0495_vertically_overlapping_moderate_seed20299354,92.41316837,3209,1113.68000000,
8dfcbfd28d246fc9,3200,3014651890,nw_retrain_0095_crossing_easy_seed20260285,2727.16500145,2940,609.74000000,
c8c9829ed9719aaa,3200,1275195712,nw_retrain_0562_crossing_moderate_seed22083696,2949.96193514,2812,452.85000000,
346d73f39ab43f24,3200,630992560,nw_retrain_0254_none_easy_seed20275736,217.50354690,3209,470.61000000,
c49ac7f1d7f9ebbc,3200,2836809491,nw_retrain_0156_crossing_easy_seed20266132,5324.29095641,2931,712.69000000,
906e052370845764,3200,2640025567,nw_retrain_0413_vertically_overlapping_easy_seed20291842,5867.00002059,2958,1076.45000000,
ac540d3dc666c657,3200,433964636,nw_retrain_0570_crossing_easy_seed22084742,2864.37205081,3049,834.82000000,
fff3149294042b2f,3200,473025075,nw_retrain_0369_crossing_easy_seed20287006,1298.87360867,3209,574.01000000,
88ef105dfb790209,3200,615200644,nw_retrain_0156_crossing_easy_seed20266132,3185.22940116,3073,628.29000000,
3496a93ea6af7740,3200,330337075,nw_retrain_0384_approximately_parallel_moderate_seed20288738,2925.49461078,2843,774.58000000,
53d5633772459377,3200,530661717,nw_retrain_0221_converging_moderate_seed20272633,6496.97248750,2553,678.93000000,
c810a300125ea818,3200,2258206148,nw_retrain_0479_converging_easy_seed20297786,2205.35859362,3209,999.52000000,
7d670d26cbe76c41,3200,833351061,nw_retrain_0465_vertically_overlapping_hard_seed20296545,6339.60822921,2742,827.45000000,
6a7bf766b10b5a77,3200,4186024158,nw_retrain_0010_crossing_moderate_seed20251824,11736.90446162,3209,666.39000000,
248e4268de816bcf,3200,3903965197,nw_retrain_0523_converging_easy_seed22079874,1148.29864341,3073,643.47000000,
57b6bb15592ed347,3200,846300975,nw_retrain_0310_approximately_parallel_moderate_seed20281224,17.93663133,3209,864.48000000,
e5fd23b416176ca0,3200,4239042857,nw_retrain_0150_crossing_easy_seed20265675,2344.96466736,3209,760.55000000,
9e017aa85a23a0c8,3200,1000956166,nw_retrain_0323_converging_moderate_seed20282498,3023.45240165,3209,969.57000000,
bad6cdf47f5a9f63,3200,3341533293,nw_retrain_0346_vertically_overlapping_moderate_seed20285014,3284.90036265,3209,776.37000000,
a3d0f667cf415af7,3200,3200438429,nw_retrain_0190_none_easy_seed20269464,9569.15858980,2839,460.82000000,
96f792dcc20b7e49,3200,284804578,nw_retrain_0109_vertically_overlapping_easy_seed20261526,12744.80475039,2693,544.09000000,
709b76f9fa6b7062,3200,865108817,nw_retrain_0431_none_easy_seed20293082,1124.77153761,3159,462.99000000,
7f4f07f3a093e57b,3200,2789379347,nw_retrain_0365_none_easy_seed20286614,10.62678554,3209,456.20000000,
b2dc97d890289d20,3200,3352346082,nw_retrain_0486_none_easy_seed20298603,8.16960784,3139,444.76000000,
4601e79bf6ca2d7f,3200,2909277687,nw_retrain_0455_converging_easy_seed20295434,872.85557140,3209,874.60000000,
0403a4321c7d1c19,3200,1716947661,nw_retrain_0363_vertically_overlapping_hard_seed20286418,9937.09279249,3209,780.11000000,
6b2ad76f46c27e92,3200,3903333501,nw_retrain_0465_vertically_overlapping_hard_seed20296545,3092.13377214,2582,568.32000000,
26ae98153ea51402,3200,3720604191,nw_retrain_0133_vertically_overlapping_moderate_seed20264009,10037.08396893,3089,887.53000000,
b43896af407e9f3f,3200,2352770010,nw_retrain_0068_crossing_easy_seed20257639,8534.14539153,2781,803.68000000,
af418bc1ae9a82b5,3200,987822864,nw_retrain_0122_vertically_overlapping_easy_seed20262800,5425.17965745,3209,621.74000000,
2bbd14926cb261be,3200,964693260,nw_retrain_0386_none_easy_seed20288803,8.92148359,3209,436.22000000,
6953874c08230820,3200,1791908939,nw_retrain_0224_crossing_easy_seed20273058,1287.63333683,2517,687.91000000,
645100c7d883a075,3200,496836284,nw_retrain_0553_none_easy_seed22082814,9639.41089706,2707,431.84000000,
04bcb4f29fd69e80,3200,488320064,nw_retrain_0181_converging_easy_seed20268582,12987.33442518,2963,742.68000000,
2a32fb5d4469d7e7,3200,754936222,nw_retrain_0431_none_easy_seed20293082,371.15847262,2536,483.33000000,
6a6f83852e071778,3200,4173888045,nw_retrain_0369_crossing_easy_seed20287006,5164.04526970,2776,622.45000000,
c19517cd1c028947,3200,152987677,nw_retrain_0486_none_easy_seed20298603,8635.17309414,2847,408.95000000,
f3bae78205d2f13e,3200,3280796374,nw_retrain_0024_converging_hard_seed20253196,463.09311176,2760,1090.24000000,
fde3190a1f698a5e,3200,4232101698,nw_retrain_0473_converging_moderate_seed20297198,3818.08136432,2452,577.31000000,
35c22ab0623731e9,3200,3656291056,nw_retrain_0523_converging_easy_seed22079874,4448.14644847,3084,520.94000000,
35411dae89adeb0e,3200,1083768871,nw_retrain_0385_crossing_hard_seed20288574,7364.82757086,3209,636.86000000,
c07031cf0eb421ec,3200,1425816892,nw_retrain_0175_vertically_overlapping_easy_seed20267994,3809.91550563,2855,717.55000000,
e3154a47a2f2585e,3200,498417870,nw_retrain_0010_crossing_moderate_seed20251824,4167.20696392,2882,572.44000000,
31358164775f67e7,3200,3016241622,nw_retrain_0109_vertically_overlapping_easy_seed20261526,5871.24213780,3209,472.08000000,
0e68c63d931451c6,3200,2973547217,nw_retrain_0455_converging_easy_seed20295434,6.41529834,3185,740.46000000,
65179c068de0aa2d,3200,949061485,nw_retrain_0363_vertically_overlapping_hard_seed20286418,1360.59543665,2993,797.69000000,
721035e193726d54,3200,1984737961,nw_retrain_0167_approximately_parallel_easy_seed20267472,2734.32062408,3209,634.63000000,
2fcfcc73922f0ed3,3200,1290481671,nw_retrain_0122_vertically_overlapping_easy_seed20262800,6439.04947929,2870,720.43000000,
aebe8da0ceaf97f8,3200,1210964617,nw_retrain_0385_crossing_hard_seed20288574,12575.68625504,2832,549.97000000,
c0ae9abd225700a9,3200,1722512880,nw_retrain_0254_none_easy_seed20275736,1440.73833645,3209,444.51000000,
8e5830a70b1cbaf2,3200,124060954,nw_retrain_0086_vertically_overlapping_hard_seed20259272,5880.72647691,3209,517.83000000,
32c0d97d7d8f63dd,3200,1990522382,nw_retrain_0243_converging_hard_seed20274789,8724.25052525,3209,574.80000000,
e06f73d06b82e141,3200,230844381,nw_retrain_0192_crossing_moderate_seed20269660,6853.49366454,2765,1010.91000000,
150bb7f41bdd8cfc,3200,4151059108,nw_retrain_0359_vertically_overlapping_moderate_seed20286026,9733.95995713,3115,617.65000000,
256a2b6209da657a,3200,2497290246,nw_retrain_0192_crossing_moderate_seed20269660,10572.16138510,3209,892.84000000,
3c201278169e3bb3,3200,1462595063,nw_retrain_0203_converging_moderate_seed20270869,1597.54731190,2575,811.55000000,
fe557e1dfba0e731,3200,2369144922,nw_retrain_0547_approximately_parallel_moderate_seed22082619,1.91813728,3209,373.42000000,
a5cb4c7c1f3deb12,3200,2439146530,nw_retrain_0426_vertically_overlapping_hard_seed20292592,25.91671541,2663,281.48000000,
3b036d86504feb06,3200,167535499,nw_retrain_0181_converging_easy_seed20268582,11768.52483497,2808,529.91000000,
5a9f3ab26537b70e,3200,826829383,nw_retrain_0581_converging_hard_seed22085689,16.90466926,2534,188.17000000,
80c4fea819cf04aa,3200,372256324,nw_retrain_0266_none_easy_seed20276912,7030.82587750,3012,424.14000000,
4f064d5aa2d907a7,3200,1110761806,nw_retrain_0141_crossing_easy_seed20264924,4180.37678693,3147,704.77000000,
420789159526090a,3200,3565191239,nw_retrain_0182_crossing_moderate_seed20268680,36.32847072,2461,306.41000000,
b7fc90750200545a,3200,4045899959,nw_retrain_0292_approximately_parallel_easy_seed20279460,12.34724915,2458,194.32000000,
e47fba14103ac98e,3200,3057340020,nw_retrain_0408_crossing_easy_seed20291090,3971.18060949,2682,381.20000000,
0391f080c0400bfc,3200,4071877107,nw_retrain_0122_vertically_overlapping_easy_seed20262800,68.80087961,2550,814.15000000,
3d802fcdc97a6953,3200,2632228816,nw_retrain_0541_crossing_hard_seed22081769,2.11195745,3209,446.70000000,
2b39b776d035f3dc,3200,886624996,nw_retrain_0270_approximately_parallel_easy_seed20277435,6.30225763,2527,211.87000000,
67c5855c4bc03927,3200,1038790693,nw_retrain_0405_vertically_overlapping_hard_seed20290534,64.76107410,2750,557.74000000,
10f09a5376e06aa2,3200,3811923862,nw_retrain_0296_converging_moderate_seed20279983,4740.82806355,2860,786.22000000,
c94293ab3280ce88,3200,1485230556,nw_retrain_0258_approximately_parallel_easy_seed20276128,23.15409892,2565,277.46000000,
632cafa4aa00ae6c,3200,1653636620,nw_retrain_0190_none_easy_seed20269464,8733.98777891,2739,477.94000000,
176c3c83d7f2d80b,3200,1204684399,nw_retrain_0296_converging_moderate_seed20279983,7.12773026,2441,795.19000000,
6ed47c97966d5506,3200,3954952669,nw_retrain_0156_crossing_easy_seed20266132,218.91764441,2435,747.02000000,
ae5d7de2059d1395,3200,2954920797,nw_retrain_0516_none_easy_seed22079712,3917.35697562,2616,383.67000000,
a5affe837daa4878,3200,1219321225,nw_retrain_0322_converging_moderate_seed20282662,7815.42168929,2887,938.23000000,
2f649a67f6732ce6,3200,1472996889,nw_retrain_0479_converging_easy_seed20297786,5183.94096361,3049,1089.65000000,
398c3b74deb8680c,3200,2923865552,nw_retrain_0471_none_easy_seed20297002,823.62776456,2594,162.13000000,
010bf96886708af2,3200,853520178,nw_retrain_0346_vertically_overlapping_moderate_seed20285014,2.23986574,2859,411.97000000,
8f8c9247194625ef,3200,2424174025,nw_retrain_0292_approximately_parallel_easy_seed20279460,9.25733315,2821,164.90000000,
1512cc03444da244,3200,1228324336,nw_retrain_0495_vertically_overlapping_moderate_seed20299354,11583.43683286,2548,335.48000000,
a169785e6cfabe9f,3200,1486281235,nw_retrain_0437_none_easy_seed20293670,122.58404895,2498,256.36000000,
1162380d0eaaeeae,3200,1737678599,nw_retrain_0566_vertically_overlapping_moderate_seed22084088,6069.21549911,2883,499.44000000,
3f8b79b2a9a3c5df,3200,2240904085,nw_retrain_0191_approximately_parallel_easy_seed20269562,0.64729516,3209,213.79000000,
69e465fc3d270ac0,3200,3895121772,nw_retrain_0473_converging_moderate_seed20297198,7652.07347289,2529,492.85000000,
4b5574ef83a9ae39,3200,2663911501,nw_retrain_0171_crossing_easy_seed20267864,16.45814201,2501,500.91000000,
b1bf4fb77053addb,3200,3021415661,nw_retrain_0248_vertically_overlapping_easy_seed20275410,421.89327333,2574,514.60000000,
883b5d9de8af5803,3200,226298254,nw_retrain_0431_none_easy_seed20293082,12330.47480378,2668,390.67000000,
4691c071209bdb2a,3200,1084145784,nw_retrain_0224_crossing_easy_seed20273058,10572.62470144,2581,722.67000000,
89eac38e52dc98ac,3200,1955710887,nw_retrain_0191_approximately_parallel_easy_seed20269562,90.64751368,2522,297.82000000,
4720d5018f4efeb2,3200,1949654304,nw_retrain_0546_none_easy_seed22082128,61.33614419,2486,410.99000000,
bd7ebcdb67615b83,3200,1479281915,nw_retrain_0185_none_easy_seed20268974,116.79625532,2537,192.21000000,
e605701f8802d5fb,3200,108299775,nw_retrain_0409_vertically_overlapping_easy_seed20291319,52.48222539,2501,616.09000000,
55a562072c187475,3200,1503327398,nw_retrain_0547_approximately_parallel_moderate_seed22082619,10.43186936,2666,364.93000000,
7f72d43eb455a018,3200,2386124701,nw_retrain_0453_converging_hard_seed20295238,10.11358102,2755,332.33000000,
dc25b47ebd166cd8,3200,306276072,nw_retrain_0446_none_easy_seed20294552,15.16779915,2808,176.01000000,
d0447c33e1f6b40f,3200,3392311737,nw_retrain_0203_converging_moderate_seed20270869,13454.88811274,2834,561.45000000,
33e06a5d4c2e8715,3200,3598676506,nw_retrain_0365_none_easy_seed20286614,334.83241869,2572,385.38000000,
90b3ca06a28c6e4d,3200,2728196834,nw_retrain_0505_crossing_easy_seed22078110,26.68252460,2819,382.98000000,
7ed0ed76e3734736,3200,2930543779,nw_retrain_0386_none_easy_seed20288803,3860.36100835,2510,352.57000000,
6ad46422b394da09,3200,2265160371,nw_retrain_0158_vertically_overlapping_easy_seed20266328,208.92379768,2678,464.53000000,
6c8ec7cee42cf88f,3200,2005800740,nw_retrain_0486_none_easy_seed20298603,6174.00965044,3103,240.94000000,
f54ef001f06eb139,3200,2465333510,nw_retrain_0436_none_easy_seed20293834,89.51246831,2480,232.58000000,
6fe17a4ce591bb36,3200,613983494,nw_retrain_0426_vertically_overlapping_hard_seed20292592,1.24256905,3209,208.89000000,
a31d2217b1e95069,3200,1292132730,nw_retrain_0243_converging_hard_seed20274789,209.46975640,2536,552.31000000,
23ca041c18b0f61b,3200,3681730461,nw_retrain_0258_approximately_parallel_easy_seed20276128,44.25820045,2506,180.79000000,
03b5a25ee95e9d1e,3200,3665802334,nw_retrain_0479_converging_easy_seed20297786,146.92179337,2481,663.57000000,
cd21de43e2b75eb1,3200,4084778841,nw_retrain_0133_vertically_overlapping_moderate_seed20264009,4815.06513669,2513,610.64000000,
f85e0bbf4c3fde5f,3200,1911622574,nw_retrain_0523_converging_easy_seed22079874,1.76056987,3209,360.79000000,
2caaae53afa77c2a,3200,2741999975,nw_retrain_0415_approximately_parallel_easy_seed20291645,2415.71171934,2646,280.69000000,
bca70cb06e54c1f5,3200,262593281,nw_retrain_0500_crossing_easy_seed20299975,2032.27988754,2562,264.55000000,
e9e6766bea4feb42,3200,1219463414,nw_retrain_0409_vertically_overlapping_easy_seed20291319,4872.32276011,3209,638.59000000,
e9f8aa0d1c706fa9,3200,915782296,nw_retrain_0175_vertically_overlapping_easy_seed20267994,255.18640896,2669,614.32000000,
3e4d1e2da11adbcb,3200,1625369384,nw_retrain_0432_converging_moderate_seed20293311,1.77845763,2803,565.21000000,
900485cd41eb8534,3200,890310218,nw_retrain_0150_crossing_easy_seed20265675,35.31130825,2662,824.74000000,
688ad67bef89946a,3200,2782158248,nw_retrain_0468_converging_moderate_seed20296839,2226.69800426,2932,444.54000000,
5528e6e922b97cb5,3200,1012022943,nw_retrain_0459_vertically_overlapping_moderate_seed20296088,2.02853167,3130,521.76000000,
81a4fef32de675b4,3200,243781348,nw_retrain_0321_crossing_easy_seed20282302,4.98770700,2460,484.96000000,
28de8edff58481aa,3200,1629410721,nw_retrain_0468_converging_moderate_seed20296839,3461.40144044,2808,349.78000000,
74787c3681201165,3200,3289165069,nw_retrain_0453_converging_hard_seed20295238,81.24338946,2528,471.59000000,
cf9fe4065fa650cc,3200,2436621079,nw_retrain_0192_crossing_moderate_seed20269660,1928.50700011,2717,962.12000000,
fc9d07ddc26d15fc,3200,2959684457,nw_retrain_0493_approximately_parallel_easy_seed20299158,698.12256715,2605,395.22000000,
672b44b13adca00e,3200,1139771334,nw_retrain_0553_none_easy_seed22082814,11396.60492671,2959,468.41000000,
6783fd7f5d59c022,3200,1978255888,nw_retrain_0187_vertically_overlapping_easy_seed20269170,638.29604967,2502,373.74000000,
127fcdc137445bc4,3200,3960964263,nw_retrain_0404_none_easy_seed20290436,33.64580292,2974,317.47000000,
88307f1a29a2861e,3200,1267725799,nw_retrain_0134_crossing_moderate_seed20264107,2444.17466502,3029,507.11000000,
e405d4456c990eae,3200,3906958167,nw_retrain_0455_converging_easy_seed20295434,266.64128955,2452,1060.46000000,
f78b9eee2a991642,3200,1318134140,nw_retrain_0432_converging_moderate_seed20293311,8266.54333213,2500,686.34000000,
d1bccd35e7e96adb,3200,3853554514,nw_retrain_0472_vertically_overlapping_moderate_seed20297231,49.69779935,2610,483.04000000,
c410182ee4aeadb7,3200,1130705229,nw_retrain_0143_none_easy_seed20264858,84.90928403,2624,273.72000000,
892e1254e09ce8d5,3200,207045174,nw_retrain_0182_crossing_moderate_seed20268680,16.30116460,2620,292.03000000,
dc25e0ec677af082,3200,1469475510,nw_retrain_0181_converging_easy_seed20268582,11458.35927112,2639,528.62000000,
3a453a02e1bda3f8,3200,2545285407,nw_retrain_0214_vertically_overlapping_easy_seed20271816,239.21313953,2563,397.86000000,
e0c512ea466dcd39,3200,27869929,nw_retrain_0122_vertically_overlapping_easy_seed20262800,3.08877863,3209,652.98000000,
79eeed5d80c66e92,3200,2761739726,nw_retrain_0459_vertically_overlapping_moderate_seed20296088,4109.14396274,2701,408.90000000,
db3a4852dad7b56c,3200,783314122,nw_retrain_0326_converging_hard_seed20282923,1.98209492,3017,409.58000000,
6e0f736b61a7ae2b,3200,3299396444,nw_retrain_0203_converging_moderate_seed20270869,1439.91633306,2531,754.26000000,
dbdbe7bd7d604f45,3200,1315651852,nw_retrain_0445_none_easy_seed20294454,2.52222840,2576,270.22000000,
c0611413c5ef33ca,3200,3731587406,nw_retrain_0233_converging_hard_seed20273809,2.48579269,3209,612.07000000,
0d3d85306471672a,3200,3508970855,nw_retrain_0214_vertically_overlapping_easy_seed20271816,1.50046849,2814,203.85000000,
ae7393f181307cc2,3200,3366407631,nw_retrain_0121_vertically_overlapping_moderate_seed20262702,1160.95412118,2883,213.45000000,
f1a97e29130c1c42,3200,4012319860,nw_retrain_0326_converging_hard_seed20282923,2.12400105,3209,422.54000000,
7f4a0965834f83f5,3200,1411797870,nw_retrain_0523_converging_easy_seed22079874,3339.52354202,2520,325.11000000,
1710a0473f46924c,3200,1659219352,nw_retrain_0562_crossing_moderate_seed22083696,2.13643330,3075,344.02000000,
6652a51a59926a47,3200,2502220855,nw_retrain_0369_crossing_easy_seed20287006,8634.06208202,2827,433.99000000,
de9ff45824bf58ed,3200,932756674,nw_retrain_0445_none_easy_seed20294454,4682.61006793,2708,194.21000000,
330d850433cc2790,3200,3129007499,nw_retrain_0541_crossing_hard_seed22081769,3782.04791418,2541,374.51000000,
7bf91053a11432e6,3200,4044523692,nw_retrain_0179_none_easy_seed20268517,249.39166267,2613,354.90000000,
be505b5b86e01366,3200,3863377964,nw_retrain_0408_crossing_easy_seed20291090,2.81199360,3209,358.17000000,
c3664fa6c9330517,3200,3701917373,nw_retrain_0392_approximately_parallel_moderate_seed20289260,121.43144730,2461,632.23000000,
98f58b7071df2f70,3200,3504078176,nw_retrain_0420_converging_moderate_seed20292004,3563.30111483,2581,280.42000000,
af16963619457121,3200,3728053102,nw_retrain_0332_crossing_moderate_seed20283380,48.70024572,2808,329.89000000,
1a437a75e655409b,3200,2342961709,nw_retrain_0404_none_easy_seed20290436,2.31246339,3209,217.32000000,
e3999d03df85a426,3200,2985900118,nw_retrain_0495_vertically_overlapping_moderate_seed20299354,10834.34583944,2640,660.18000000,
e46d9797bae62616,3200,3743907043,nw_retrain_0505_crossing_easy_seed22078110,3270.73427182,3209,334.32000000,
6d6636152a4aa633,3200,2025289467,nw_retrain_0161_none_easy_seed20266753,199.77656628,2853,281.96000000,
4c8fa2335fed7b58,3200,4116669662,nw_retrain_0570_crossing_easy_seed22084742,11121.01360354,2911,565.77000000,
5d96c8478a1a2fca,3200,27354614,nw_retrain_0250_vertically_overlapping_hard_seed20275475,88.24318827,2628,185.09000000,
b7a290b8fece6aa0,3200,4288128735,nw_retrain_0121_vertically_overlapping_moderate_seed20262702,1.79659196,3208,236.46000000,
ef447dae38fc7f86,3200,3873007672,nw_retrain_0175_vertically_overlapping_easy_seed20267994,6369.57372703,3209,648.08000000,
4ec1d7da7e98349b,3200,1302076060,nw_retrain_0151_approximately_parallel_moderate_seed20265773,2.97739541,3209,530.04000000,
4300178c735266d0,3200,3899247956,nw_retrain_0369_crossing_easy_seed20287006,8771.98373694,2532,559.43000000,
bc1e4cb70d92a7f8,3200,1808144371,nw_retrain_0250_vertically_overlapping_hard_seed20275475,1.91385410,3209,204.74000000,
5ae2f2e134f8d1ec,3200,1220685270,nw_retrain_0431_none_easy_seed20293082,8947.75637966,3209,453.96000000,
7ab3b110a40b8c73,3200,3162315352,nw_retrain_0413_vertically_overlapping_easy_seed20291842,170.32218261,2684,815.50000000,
c89eec67ab05a38c,3200,3036672123,nw_retrain_0171_crossing_easy_seed20267864,2.14639566,3209,637.12000000,
054a2d83e0803c2c,3200,216622576,nw_retrain_0415_approximately_parallel_easy_seed20291645,3534.88043766,2709,408.93000000,
e7974b23848f2033,3200,2209974453,nw_retrain_0150_crossing_easy_seed20265675,2.35813700,2881,770.76000000,
3de07614d012db66,3200,1140235049,nw_retrain_0581_converging_hard_seed22085689,1.18345321,3089,173.09000000,
6974d1257036cc32,3200,549014472,nw_retrain_0600_converging_easy_seed22087551,18.37417348,2575,369.04000000,
e10f9e7e24a61112,3200,90819682,nw_retrain_0309_none_easy_seed20281257,4.49350253,3172,360.72000000,
9c373da2d13c7d01,3200,2950420857,nw_retrain_0455_converging_easy_seed20295434,9130.56630459,2989,968.34000000,
a28d4fb4ddc3b367,3200,3859715142,nw_retrain_0233_converging_hard_seed20273809,6706.80861772,2481,754.10000000,
9ddc93cdea60c478,3200,3148723089,nw_retrain_0341_converging_moderate_seed20284393,8176.08105650,2866,590.97000000,
5d63ed4f786e1bc5,3200,1195190353,nw_retrain_0243_converging_hard_seed20274789,10932.65656615,3209,522.20000000,
a8723ebbd5852c33,3200,2965862916,nw_retrain_0346_vertically_overlapping_moderate_seed20285014,2638.38046033,2918,701.70000000,
ecc0f49f092c9df0,3200,1092565254,nw_retrain_0254_none_easy_seed20275736,7707.07441875,2710,454.94000000,
6474939337434dea,3200,1221934676,nw_retrain_0344_converging_easy_seed20284556,1.43938193,3209,549.68000000,
eaff423bf461946d,3200,174907387,nw_retrain_0314_vertically_overlapping_moderate_seed20281747,10323.26089578,2662,637.39000000,
468ade2e4c6e34e3,3200,1282771626,nw_retrain_0486_none_easy_seed20298603,1.99656358,3209,487.30000000,
809549d05e6f6b93,3200,1627235335,nw_retrain_0133_vertically_overlapping_moderate_seed20264009,7411.51027685,3209,885.51000000,
7c3ab0e3680ca207,3200,3163810457,nw_retrain_0472_vertically_overlapping_moderate_seed20297231,1.59308010,3181,455.99000000,
e4fa7231565dc001,3200,285899588,nw_retrain_0310_approximately_parallel_moderate_seed20281224,11616.95773033,2827,704.49000000,
bbd9fc1cef44e976,3200,242541458,nw_retrain_0546_none_easy_seed22082128,2105.38609844,3083,482.72000000,
223fba770203f52b,3200,1687089827,nw_retrain_0321_crossing_easy_seed20282302,2.13060498,3209,485.95000000,
faf53a1a55d07e65,3200,3946609060,nw_retrain_0500_crossing_easy_seed20299975,2.08334267,3195,415.33000000,
861ea8361ffba051,3200,2069462346,nw_retrain_0446_none_easy_seed20294552,1.63682887,3209,192.21000000,
42b9808631cf244a,3200,3705069150,nw_retrain_0562_crossing_moderate_seed22083696,114.53058007,2638,436.00000000,
402ccabce4258789,3200,4154846944,nw_retrain_0385_crossing_hard_seed20288574,11570.30155499,2969,647.60000000,
28ccf7dc3be9cee8,3200,3851771463,nw_retrain_0600_converging_easy_seed22087551,2.10766419,3162,245.46000000,
628de09334b99a04,3200,3106974229,nw_retrain_0341_converging_moderate_seed20284393,10056.60314140,2624,551.27000000,
536daa38f8ec3396,3200,4094110078,nw_retrain_0254_none_easy_seed20275736,2.36093246,3068,435.33000000,
8d45eef612d8b9c4,3200,3906938183,nw_retrain_0181_converging_easy_seed20268582,2.40407969,3209,561.17000000,
82b4a0526370a4b9,3200,1459798255,nw_retrain_0471_none_easy_seed20297002,3.64435528,3209,185.03000000,
38dd98d2bd692051,3200,913102747,nw_retrain_0359_vertically_overlapping_moderate_seed20286026,55.25759113,2703,629.15000000,
77d708748c9b8e38,3200,1411136894,nw_retrain_0143_none_easy_seed20264858,3.19860308,2817,186.56000000,
601e6b8813e6ee0e,3200,949041844,nw_retrain_0224_crossing_easy_seed20273058,10700.98226560,3020,497.62000000,
0b713c179c20f79b,3200,700065096,nw_retrain_0487_converging_easy_seed20298701,3.46530037,3209,466.53000000,
243d07b0b2061f1d,3200,1499342253,nw_retrain_0389_vertically_overlapping_easy_seed20289228,6174.18326346,2854,534.85000000,
bf67c6c57655fa96,3200,4197654406,nw_retrain_0385_crossing_hard_seed20288574,6.27932078,3209,572.25000000,
461536257533d3d3,3200,3107826238,nw_retrain_0270_approximately_parallel_easy_seed20277435,1.32769877,3209,148.00000000,
9245d81f53879e56,3200,2461126906,nw_retrain_0332_crossing_moderate_seed20283380,2.69688686,3209,354.39000000,
50c587b5ca053dbd,3200,3253855189,nw_retrain_0416_approximately_parallel_easy_seed20291743,9324.54853068,2925,586.83000000,
4616983e5ec32c50,3200,4040047643,nw_retrain_0566_vertically_overlapping_moderate_seed22084088,2.97103328,3057,462.10000000,
1ffa64021986f564,3200,3838239055,nw_retrain_0134_crossing_moderate_seed20264107,5041.05955214,2490,341.72000000,
f4c3fc761cbee22d,3200,3181469049,nw_retrain_0493_approximately_parallel_easy_seed20299158,2.16859807,3209,277.61000000,
65f921781aef5345,3200,1531482754,nw_retrain_0473_converging_moderate_seed20297198,2.04655921,3209,623.02000000,
e23c1f3b50d514f5,3200,948400431,nw_retrain_0158_vertically_overlapping_easy_seed20266328,2.85787030,3209,432.05000000,
9ee9186ad2ec71e1,3200,511911841,nw_retrain_0363_vertically_overlapping_hard_seed20286418,4.16292648,3209,518.32000000,
cf9528cb9d2677c2,3200,1101960955,nw_retrain_0167_approximately_parallel_easy_seed20267472,14179.71765211,2489,608.19000000,
29fc53526c999158,3200,944610053,nw_retrain_0596_approximately_parallel_hard_seed22087028,2794.09391714,2975,427.76000000,
d6341672a8103b95,3200,880282404,nw_retrain_0416_approximately_parallel_easy_seed20291743,4.79359585,2589,620.39000000,
2342237c2b34b28f,3200,2909256922,nw_retrain_0487_converging_easy_seed20298701,974.62024530,2816,465.04000000,
14481326b0d4f2df,3200,3844102083,nw_retrain_0323_converging_moderate_seed20282498,665.65755642,3072,760.21000000,
6f10eb442f8809b6,3200,3672431964,nw_retrain_0386_none_easy_seed20288803,2.53370229,2844,328.77000000,
fa7a69cc50ba9432,3200,3882934026,nw_retrain_0322_converging_moderate_seed20282662,3.35975686,2865,548.30000000,
dfa04d7994a27e9a,3200,931167821,nw_retrain_0187_vertically_overlapping_easy_seed20269170,2.71930950,3209,276.33000000,
a8ef3c42cd78ec31,3200,2898024549,nw_retrain_0380_none_easy_seed20288346,2.36968260,3209,318.83000000,
73c1910e65f0b3ca,3200,3666650385,nw_retrain_0405_vertically_overlapping_hard_seed20290534,1.59452785,3072,402.38000000,
29bea56fc4284594,3200,727076468,nw_retrain_0596_approximately_parallel_hard_seed22087028,1.93377712,3004,422.70000000,
aaf6f839e3b8d4b4,3200,2436311359,nw_retrain_0221_converging_moderate_seed20272633,89.60335739,2639,600.69000000,
7da66708bebf7d2c,3200,3092506432,nw_retrain_0553_none_easy_seed22082814,2.52217918,3209,329.48000000,
9deec7109258aebd,3200,305751663,nw_retrain_0344_converging_easy_seed20284556,68.28842128,2888,549.23000000,
305c0976ddafeba5,3200,1816934408,nw_retrain_0437_none_easy_seed20293670,1.43865861,3209,340.41000000,
c35ab60f83323d15,3200,4111830375,nw_retrain_0365_none_easy_seed20286614,2.41976052,3209,437.79000000,
32262bfa3bf89e96,3200,512899844,nw_retrain_0420_converging_moderate_seed20292004,0.50506780,3209,379.83000000,
374d1d360c9dd8eb,3200,2413217874,nw_retrain_0436_none_easy_seed20293834,2.97483896,3087,246.64000000,
19c87725112f338a,3200,2769481227,nw_retrain_0384_approximately_parallel_moderate_seed20288738,2.02614583,3209,722.62000000,
34e5f0fe4c30a276,3200,328650954,nw_retrain_0248_vertically_overlapping_easy_seed20275410,3.47944211,2965,396.28000000,
db7444bda983c025,3200,2197187663,nw_retrain_0392_approximately_parallel_moderate_seed20289260,3.56067140,3209,466.95000000,
87ecb4ae04c254a7,3200,2623745673,nw_retrain_0167_approximately_parallel_easy_seed20267472,13171.32223959,3102,458.99000000,
7e553e1f100ebffd,3200,2264899329,nw_retrain_0380_none_easy_seed20288346,7406.02559204,2943,351.12000000,
91338978cd8caaf1,3200,3519932315,nw_retrain_0314_vertically_overlapping_moderate_seed20281747,10725.85812213,2475,350.67000000,
41e13c36af4e92ee,3200,370501483,nw_retrain_0185_none_easy_seed20268974,653.27492460,2748,215.48000000,
a37ab8bcb539cc8c,3200,3292766690,nw_retrain_0516_none_easy_seed22079712,5236.48807333,2967,386.74000000,
5c6e1f37b00ba4b1,3200,1419279801,nw_retrain_0151_approximately_parallel_moderate_seed20265773,1746.73418375,2446,625.06000000,
1156281e82dc86cc,3200,355900248,nw_retrain_0221_converging_moderate_seed20272633,3.07647768,3202,484.40000000,
9fdd9c047a874071,3200,2356900029,nw_retrain_0161_none_easy_seed20266753,207.09262515,2695,288.63000000,
5f8e0a6ba3cbbf49,3200,1465372123,nw_retrain_0192_crossing_moderate_seed20269660,11650.06958539,3098,755.48000000,
2ca82db57b4e9ce5,3200,861873693,nw_retrain_0465_vertically_overlapping_hard_seed20296545,3.29477246,3209,616.15000000,
149c8756fd139df2,3200,3257625681,nw_retrain_0384_approximately_parallel_moderate_seed20288738,292.99026280,2578,744.36000000,
8aab4119c2cb5d72,3200,1067581478,nw_retrain_0190_none_easy_seed20269464,1.64167824,3209,529.71000000,
006492d99b9247a5,3200,768082557,nw_retrain_0266_none_easy_seed20276912,1.65590905,2674,368.98000000,
0aaedd8b3be4d569,3200,2808373075,nw_retrain_0204_converging_hard_seed20270836,5054.04031479,2773,995.07000000,
269c325e55d43dd0,3200,1991049570,nw_retrain_0310_approximately_parallel_moderate_seed20281224,3.11522027,3209,792.93000000,
b63254fc19940bf3,3200,1313566841,nw_retrain_0204_converging_hard_seed20270836,4491.65609787,3209,974.60000000,
be2d20ab033a0f73,3200,3511873388,nw_retrain_0413_vertically_overlapping_easy_seed20291842,8425.60958935,3046,536.29000000,
db7da9892d3576c0,3200,2400382419,nw_retrain_0141_crossing_easy_seed20264924,1.99349392,2923,478.14000000,
cad2c0aeeaca0d5d,3200,1290384285,nw_retrain_0359_vertically_overlapping_moderate_seed20286026,11288.52519468,2718,525.20000000,
fc0e2bf9aa8e7d0b,3200,3850711929,nw_retrain_0323_converging_moderate_seed20282498,7595.50627761,3209,653.64000000,
df8d1bd9a0c7befd,3200,1498466883,nw_retrain_0179_none_easy_seed20268517,5.36314680,3209,266.52000000,
3f37beb68c900d8f,3200,2192152788,nw_retrain_0570_crossing_easy_seed22084742,3.37869192,3209,508.18000000,
959a330d60acda6d,3200,1257122304,nw_retrain_0250_vertically_overlapping_hard_seed20275475,4.05480556,2832,175.81000000,
36ba2fba9f65a5e4,3200,2125729116,nw_retrain_0389_vertically_overlapping_easy_seed20289228,11279.84125739,3209,632.49000000,
8faa2bb2547df714,3200,1817571500,nw_retrain_0465_vertically_overlapping_hard_seed20296545,7025.05227551,2942,544.76000000,
3ad19e2f75a837a5,3200,2829671391,nw_retrain_0472_vertically_overlapping_moderate_seed20297231,1864.55662142,2691,297.38000000,
b6384d19d27028e1,3200,3864530232,nw_retrain_0404_none_easy_seed20290436,1063.18224305,2648,206.26000000,
fd0b40572e62f087,3200,888621199,nw_retrain_0214_vertically_overlapping_easy_seed20271816,775.90348773,2698,241.54000000,
ce3b6e5c79ee14f5,3200,437753592,nw_retrain_0500_crossing_easy_seed20299975,2.62298746,3003,281.08000000,
97157f4f43705f2e,3200,98956743,nw_retrain_0445_none_easy_seed20294454,3502.10481802,2931,255.12000000,
449bc0b7cfa0b7f2,3200,2146874513,nw_retrain_0420_converging_moderate_seed20292004,1534.19604705,2930,282.76000000,
d8d0ee379b78cc1d,3200,1810774384,nw_retrain_0596_approximately_parallel_hard_seed22087028,3345.12873955,3209,430.12000000,
d63dc077221c8813,3200,725185369,nw_retrain_0384_approximately_parallel_moderate_seed20288738,67.58260876,3109,511.36000000,
92e56f90c7f757b1,3200,128253894,nw_retrain_0309_none_easy_seed20281257,1.73991926,3209,261.72000000,
418e09253803a19c,3200,3786175166,nw_retrain_0322_converging_moderate_seed20282662,2699.01839524,2654,699.99000000,
7cefe86003b99e7e,3200,2427294873,nw_retrain_0296_converging_moderate_seed20279983,4669.53038190,2456,507.50000000,
856a6fe8440a3788,3200,3938022598,nw_retrain_0432_converging_moderate_seed20293311,6080.87458179,2770,445.41000000,
b66de8ce9d98580e,3200,1399948369,nw_retrain_0190_none_easy_seed20269464,46.50505027,3209,257.95000000,
99d443498818cbfb,3200,111578952,nw_retrain_0431_none_easy_seed20293082,12329.75515957,2760,255.95000000,
ed8da133a827681e,3200,3807202168,nw_retrain_0392_approximately_parallel_moderate_seed20289260,5203.91863741,2848,579.88000000,
c706bcf434ba098a,3200,1519975935,nw_retrain_0233_converging_hard_seed20273809,6210.40921994,3209,647.68000000,
62d7ef7c68e24c6c,3200,4070663777,nw_retrain_0151_approximately_parallel_moderate_seed20265773,3080.26114586,2452,621.76000000,
067f915c46236dda,3200,178258881,nw_retrain_0181_converging_easy_seed20268582,7292.46941987,2875,488.16000000,
aa7eacb256f77145,3200,2128046,nw_retrain_0266_none_easy_seed20276912,1618.81946395,2923,406.57000000,
f84e6c9e66469c7d,3200,455817101,nw_retrain_0495_vertically_overlapping_moderate_seed20299354,17.55456726,3209,945.92000000,
d835dc86b0c81dc7,3200,2333268508,nw_retrain_0431_none_easy_seed20293082,8949.01061274,2893,473.74000000,
9249ddd5654fb9b6,3200,566392056,nw_retrain_0224_crossing_easy_seed20273058,3342.92298973,3026,786.23000000,
4f5e546782f0e80e,3200,2297217964,nw_retrain_0181_converging_easy_seed20268582,7572.76020826,2676,688.99000000,
844b76c9a45c49b2,3200,1847321408,nw_retrain_0150_crossing_easy_seed20265675,9052.44960630,2949,844.26000000,
943bf6c08013a1c4,3200,353758622,nw_retrain_0190_none_easy_seed20269464,4718.05673128,3059,390.71000000,
a65e25b319436b02,3200,1505242108,nw_retrain_0386_none_easy_seed20288803,5020.84220175,2495,454.36000000,
3be954870e2203f5,3200,420221229,nw_retrain_0385_crossing_hard_seed20288574,4512.36763605,3209,621.57000000,
8830807e23438c19,3200,1809073813,nw_retrain_0103_approximately_parallel_easy_seed20260938,5.47638598,2446,137.66000000,
8a2ebb3c2cf7004b,3200,754810214,nw_retrain_0110_none_easy_seed20261624,32.38741137,2524,136.89000000,
07f2f76053a4f256,3200,3823629455,nw_retrain_0292_approximately_parallel_easy_seed20279460,13.52194351,2768,219.55000000,
a969f245c43a8f13,3200,3552735769,nw_retrain_0292_approximately_parallel_easy_seed20279460,21.63377879,2492,198.99000000,
fd46fd5eb7be0ecb,3200,2117916111,nw_retrain_0341_converging_moderate_seed20284393,7460.63314349,3209,648.92000000,
b262433f657617e6,3200,1893649779,nw_retrain_0103_approximately_parallel_easy_seed20260938,2.70958263,3047,155.61000000,
9716ab98c6a01d64,3200,1818991290,nw_retrain_0270_approximately_parallel_easy_seed20277435,19.90381500,2824,204.10000000,
23897352255c1d9c,3200,1269688441,nw_retrain_0203_converging_moderate_seed20270869,8241.42251375,2919,787.60000000,
0ffb668a9ca7f24d,3200,4014496965,nw_retrain_0110_none_easy_seed20261624,13.46527555,3104,145.93000000,
a324420df82c5e11,3200,265382270,nw_retrain_0581_converging_hard_seed22085689,8.08386451,2958,200.85000000,
eec34aa3eefaa2b6,3200,1636732114,nw_retrain_0258_approximately_parallel_easy_seed20276128,5.17410398,2840,243.27000000,
44503b94bbce83dd,3200,1096026259,nw_retrain_0258_approximately_parallel_easy_seed20276128,26.10007691,2597,293.07000000,
c8153bcea3c7a406,3200,16390038,nw_retrain_0191_approximately_parallel_easy_seed20269562,1.54920711,3209,242.46000000,
9d3644eafb12056c,3200,779712050,nw_retrain_0270_approximately_parallel_easy_seed20277435,2.59505227,2938,188.37000000,
9610d548ddc6c6dd,3200,1678370742,nw_dual_val_058,25.12346709,2714,518.57000000,
0147e0854a749aab,3200,331299555,nw_retrain_0250_vertically_overlapping_hard_seed20275475,66.21745673,2851,190.12000000,
700bf7bfa66f7741,3200,3679077902,nw_dual_val_060,14.22293258,2695,567.61000000,
14c2e0c17c68e86f,3200,3335409139,nw_retrain_0250_vertically_overlapping_hard_seed20275475,3.69014938,3209,228.63000000,
9d8a3a2365f5ef3f,3200,2703563945,nw_retrain_0191_approximately_parallel_easy_seed20269562,31.51965452,2655,221.75000000,
7424fe8071c561fe,3200,1784543515,nw_dual_val_059,131.26684553,2704,619.33000000,
a63b8aa13b2fcfcf,3200,1247315297,nw_retrain_0600_converging_easy_seed22087551,26.29277115,2837,291.67000000,
2eec092206abbd75,3200,1895995934,nw_retrain_0600_converging_easy_seed22087551,6.55712795,3209,261.63000000,
3484e33d30775da4,3200,457134895,nw_retrain_0453_converging_hard_seed20295238,153.17484800,2893,295.54000000,
f4156b9656ffe5a8,3200,4157295619,nw_retrain_0426_vertically_overlapping_hard_seed20292592,4.29389475,2836,177.04000000,
1fb18cd9b4004967,3200,1607277136,nw_retrain_0214_vertically_overlapping_easy_seed20271816,1.08959383,2913,184.71000000,
f3bd143928c7e5bc,3200,2944653279,nw_retrain_0214_vertically_overlapping_easy_seed20271816,17.00868557,3209,239.97000000,
b2b289e94f65ec32,3200,2045751529,nw_retrain_0471_none_easy_seed20297002,4.58121759,2938,171.57000000,
ef29eb5e669d9c5f,3200,3493631557,nw_retrain_0182_crossing_moderate_seed20268680,2.67504951,3198,175.39000000,
d8b3d2f6c622c049,3200,900811584,nw_retrain_0453_converging_hard_seed20295238,3.93788524,3183,288.79000000,
3cc82dc4577da353,3200,1030931511,nw_retrain_0471_none_easy_seed20297002,57.36684054,2714,128.51000000,
ad52fd871b87353c,3200,2762092243,nw_retrain_0121_vertically_overlapping_moderate_seed20262702,125.07693311,3209,263.64000000,
f2f8f52d4090d014,3200,1662609705,nw_retrain_0121_vertically_overlapping_moderate_seed20262702,78.51504909,3150,229.78000000,
d9584a06e4d1e03c,3200,732032795,nw_retrain_0426_vertically_overlapping_hard_seed20292592,496.81472761,3107,284.08000000,
477926659615bb12,3200,3870495560,nw_retrain_0187_vertically_overlapping_easy_seed20269170,277.74771236,2467,320.85000000,
43ebd3cec467db75,3200,3947559058,nw_retrain_0547_approximately_parallel_moderate_seed22082619,228.54126764,2523,329.63000000,
dbe93fd500b8c5d2,3200,2841002346,nw_retrain_0143_none_easy_seed20264858,58.90721583,2944,228.20000000,
f080661e645b6360,3200,2251094812,nw_retrain_0446_none_easy_seed20294552,398.55984840,3109,238.93000000,
ff4603fe68519981,3200,2526078767,nw_retrain_0143_none_easy_seed20264858,3.55516577,2936,205.81000000,
8ea912ebd3c9c4f7,3200,1816212340,nw_retrain_0541_crossing_hard_seed22081769,454.03192069,3209,305.34000000,
504369db41836b04,3200,2827730131,nw_retrain_0472_vertically_overlapping_moderate_seed20297231,2250.75063124,2827,390.14000000,
0a9d91e9dd56cfe5,3200,178586313,nw_retrain_0493_approximately_parallel_easy_seed20299158,2967.34559370,2557,275.04000000,
3c11d5294bbf9567,3200,2840788956,nw_retrain_0179_none_easy_seed20268517,1542.29436419,2646,209.74000000,
f699c1acb5950d8e,3200,3879745621,nw_retrain_0185_none_easy_seed20268974,1.63739659,3146,194.56000000,
0e108cce67c3448c,3200,2984774339,nw_retrain_0487_converging_easy_seed20298701,156.64407282,3199,357.42000000,
8a15bfdc9f73c007,3200,688694142,nw_retrain_0248_vertically_overlapping_easy_seed20275410,7.81635327,2832,451.88000000,
5216c7b0d1089e91,3200,2992002588,nw_retrain_0420_converging_moderate_seed20292004,2.82859739,2563,248.19000000,
3626755fb333201c,3200,2874600516,nw_retrain_0309_none_easy_seed20281257,818.35127375,2554,314.99000000,
fa39068c5490fa53,3200,3556299536,nw_retrain_0437_none_easy_seed20293670,1465.02723319,2832,316.86000000,
e7591de682726a09,3200,2721527222,nw_retrain_0332_crossing_moderate_seed20283380,180.33879305,2598,297.18000000,
05b2d8748e98938e,3200,1249772558,nw_retrain_0187_vertically_overlapping_easy_seed20269170,718.13157376,3169,272.16000000,
0a31f2a1bf79754c,3200,1783315645,nw_retrain_0596_approximately_parallel_hard_seed22087028,3.34204185,3093,360.32000000,
01bddd14c3d698a0,3200,1436146013,nw_retrain_0405_vertically_overlapping_hard_seed20290534,2.58314664,3209,260.02000000,
c14e9af731a301ae,3200,2285731260,nw_retrain_0420_converging_moderate_seed20292004,508.39901661,3209,316.84000000,
487b7190597fc221,3200,2392334781,nw_retrain_0596_approximately_parallel_hard_seed22087028,4.14494528,3143,354.95000000,
8c3c0b4c4fcb7f37,3200,2549348087,nw_retrain_0487_converging_easy_seed20298701,9.73305548,3084,338.35000000,
16f97fc32f8b7df7,3200,3233514208,nw_retrain_0344_converging_easy_seed20284556,4.24666543,3057,430.58000000,
81f1b1c6d366e511,3200,2075172344,nw_retrain_0500_crossing_easy_seed20299975,3.87922246,3181,259.66000000,
99411bbcbe8de032,3200,262735200,nw_retrain_0505_crossing_easy_seed22078110,1754.67776388,3067,283.14000000,
a9b059183ad3a5ab,3200,3596359783,nw_retrain_0344_converging_easy_seed20284556,11.62256456,2676,338.75000000,
ed16bf6afd70c0f7,3200,3908621392,nw_retrain_0562_crossing_moderate_seed22083696,14.26085972,3209,321.35000000,
cb3fe5326dda4edf,3200,3417242171,nw_retrain_0326_converging_hard_seed20282923,1662.95090008,2645,346.25000000,
5a18332242fd322f,3200,874836846,nw_retrain_0505_crossing_easy_seed22078110,118.00137896,3209,311.48000000,
e046346065928fbf,3200,2220720928,nw_retrain_0468_converging_moderate_seed20296839,764.03844765,3209,258.13000000,
66d10b992e924d5b,3200,138465803,nw_retrain_0415_approximately_parallel_easy_seed20291645,1506.51698246,2676,330.97000000,
5c230513dfdbb702,3200,492757021,nw_retrain_0546_none_easy_seed22082128,2787.04302994,2609,285.20000000,
47e7e0780e19c6f3,3200,676208427,nw_retrain_0171_crossing_easy_seed20267864,963.96976301,3209,415.59000000,
d93f3778ab48ad9a,3200,835105524,nw_retrain_0445_none_easy_seed20294454,2251.75305836,3209,220.87000000,
192cfc6f95aef76c,3200,1402424178,nw_retrain_0546_none_easy_seed22082128,4.11198022,2628,273.74000000,
13c6ff112424bc61,3200,3786660276,nw_retrain_0436_none_easy_seed20293834,312.80419021,2867,214.44000000,
d2c1e2042a4bc868,3200,315949978,nw_retrain_0404_none_easy_seed20290436,60.61801862,3141,224.72000000,
c26289c7aa7ebbc5,3200,3882422855,nw_retrain_0332_crossing_moderate_seed20283380,4.02840915,3209,261.82000000,
2688e024695b1096,3200,1929400206,nw_retrain_0134_crossing_moderate_seed20264107,1380.51337873,2992,376.33000000,
3021c5695924393b,3200,3436206700,nw_retrain_0014_vertically_overlapping_hard_seed20252216,2424.12947839,2577,420.78000000,
7337b65a65b429b7,3200,3421468914,nw_retrain_0014_vertically_overlapping_hard_seed20252216,5267.32672108,3209,562.86000000,
7e8a5507f755d118,3200,1415507305,nw_retrain_0175_vertically_overlapping_easy_seed20267994,785.17878644,3140,702.05000000,
ed4983d8126f7b9b,3200,2615981937,nw_retrain_0436_none_easy_seed20293834,1841.03046492,2838,351.34000000,
109262b096313e8a,3200,1472480350,nw_retrain_0091_approximately_parallel_moderate_seed20259762,475.61218134,2854,428.14000000,
376e05286106c74b,3200,60498242,nw_retrain_0017_approximately_parallel_moderate_seed20252641,3933.32640167,2812,676.95000000,
185e5595ddbd93da,3200,331713490,nw_retrain_0061_vertically_overlapping_moderate_seed20257346,4023.13125904,2950,463.91000000,
fe92d6b48792d933,3200,3784692180,nw_retrain_0091_approximately_parallel_moderate_seed20259762,1100.45196439,2927,526.69000000,
81f1114be1910ac9,3200,3010818440,nw_retrain_0321_crossing_easy_seed20282302,1424.65045995,2754,422.77000000,
50b12a7c2814f4a2,3200,3759878737,nw_retrain_0384_approximately_parallel_moderate_seed20288738,3886.80571197,2833,638.96000000,
7ed0e20a22de6b83,3200,546615983,nw_retrain_0161_none_easy_seed20266753,1431.15964974,2976,205.33000000,
d32c4c9bc1342b12,3200,4226136114,nw_retrain_0017_approximately_parallel_moderate_seed20252641,3772.78121351,3143,892.20000000,
7404123a96c3b7d5,3200,955940157,nw_retrain_0016_vertically_overlapping_easy_seed20252543,315.99891177,3209,601.14000000,
0e17fb947da695d1,3200,3045779069,nw_retrain_0161_none_easy_seed20266753,678.17093308,2592,294.89000000,
1f4c57c977d98966,3200,3989869578,nw_retrain_0516_none_easy_seed22079712,1579.22355776,2586,407.15000000,
a64362c47a62400f,3200,4180921529,nw_retrain_0016_vertically_overlapping_easy_seed20252543,1083.76042210,2970,713.72000000,
92feaaadefad4b42,3200,2801646488,nw_retrain_0405_vertically_overlapping_hard_seed20290534,216.95026881,3209,588.98000000,
6ee8aaa0873a5a31,3200,845848326,nw_retrain_0119_converging_moderate_seed20262637,275.56675144,2554,604.35000000,
234a43f1913e3d6b,3200,3933023708,nw_retrain_0204_converging_hard_seed20270836,86.37338534,2889,1087.76000000,
e1ae87354eb408d4,3200,2238116606,nw_retrain_0459_vertically_overlapping_moderate_seed20296088,1774.47711188,2690,610.54000000,
0889ad92b8f1c24d,3200,458780714,nw_retrain_0493_approximately_parallel_easy_seed20299158,739.69236414,3209,508.48000000,
f86aee60e591c79d,3200,3644326551,nw_retrain_0077_none_easy_seed20258521,37.89909298,3056,470.04000000,
61a6c50119ea0d70,3200,2152341955,nw_retrain_0472_vertically_overlapping_moderate_seed20297231,1754.72540913,3025,431.79000000,
68857b0fe1f16074,3200,1804343816,nw_retrain_0409_vertically_overlapping_easy_seed20291319,565.83620605,2640,634.47000000,
ad5ec7fbf9dabfd0,3200,968419272,nw_retrain_0365_none_easy_seed20286614,1831.56483282,2523,399.84000000,
fcbcc511e9c60fb5,3200,4032738584,nw_retrain_0006_none_easy_seed20251432,7438.22785986,2748,470.15000000,
3a4cba0d4062a9fc,3200,168785707,nw_retrain_0243_converging_hard_seed20274789,1844.20247301,2896,603.96000000,
9c78339dbbafd77e,3200,2155796645,nw_retrain_0099_vertically_overlapping_easy_seed20260677,6639.30480763,2836,907.44000000,
f3467cc82a0a1f02,3200,4177971359,nw_retrain_0006_none_easy_seed20251432,4000.34851678,2977,401.83000000,
8a69b25abf84d537,3200,1003230662,nw_retrain_0266_none_easy_seed20276912,3330.28052592,2551,312.08000000,
dc8dc85b989bd39f,3200,2624800609,nw_retrain_0516_none_easy_seed22079712,71.27067180,3209,350.81000000,
29436e14acb0b06f,3200,1558223729,nw_retrain_0566_vertically_overlapping_moderate_seed22084088,1942.52781787,2919,538.06000000,
02491e8eae97216b,3200,4287694144,nw_retrain_0322_converging_moderate_seed20282662,7102.24569231,3209,690.16000000,
b179bf236dd2b886,3200,628742692,nw_retrain_0416_approximately_parallel_easy_seed20291743,2548.87305809,2756,574.58000000,
172307e9a6b1c1d5,3200,794393274,nw_retrain_0089_none_easy_seed20259828,2985.80364056,2760,409.50000000,
dcd913a37266b019,3200,299790966,nw_retrain_0077_none_easy_seed20258521,2012.06935530,2579,359.50000000,
a2915aceeb171950,3200,206263049,nw_retrain_0432_converging_moderate_seed20293311,4224.48593086,2981,567.56000000,
75eb0a122ae461ea,3200,111516083,nw_retrain_0233_converging_hard_seed20273809,1746.45585751,2567,730.21000000,
e6388453e4afb80d,3200,1607432339,nw_retrain_0459_vertically_overlapping_moderate_seed20296088,2351.80454065,3153,567.56000000,
a31af0a5fd21fca6,3200,1969693553,nw_retrain_0089_none_easy_seed20259828,53.12491472,3209,439.32000000,
db2454637a6c55a8,3200,2207995932,nw_retrain_0416_approximately_parallel_easy_seed20291743,21.18589978,3209,644.92000000,
0497b4445deceecf,3200,1626450251,nw_retrain_0151_approximately_parallel_moderate_seed20265773,10.98929136,3209,552.12000000,
6df8349a8ac95fea,3200,354410886,nw_retrain_0099_vertically_overlapping_easy_seed20260677,2868.86783028,3112,758.35000000,
601a0a2abe41a247,3200,1878448057,nw_retrain_0314_vertically_overlapping_moderate_seed20281747,8111.36334001,2669,601.14000000,
3ea25011d4720ba6,3200,3856174081,nw_retrain_0413_vertically_overlapping_easy_seed20291842,2449.37255940,3209,752.38000000,
87139c6cfe61a6ea,3200,3290534868,nw_retrain_0119_converging_moderate_seed20262637,2.03193094,3209,660.10000000,
6d68006515a35146,3200,2992231127,nw_retrain_0570_crossing_easy_seed22084742,6048.92648140,3192,730.39000000,
00890f8e6bd54e71,3200,3204130931,nw_retrain_0068_crossing_easy_seed20257639,5210.07346161,2996,774.03000000,
02f8094f7b60e8f7,3200,4233241535,nw_retrain_0095_crossing_easy_seed20260285,939.58904799,2848,626.36000000,
a2d3531f056d10a8,3200,4080708345,nw_retrain_0473_converging_moderate_seed20297198,6.37864945,3209,869.82000000,
05835b96a06e3542,3200,595305074,nw_retrain_0408_crossing_easy_seed20291090,8.67895622,3118,467.46000000,
80b9acd525eae40e,3200,1066833325,nw_retrain_0224_crossing_easy_seed20273058,4.19682972,3209,804.42000000,
6bf10567eb6fbd33,3200,258501764,nw_retrain_0380_none_easy_seed20288346,51.82917179,3034,460.11000000,
3b3fc7148e939324,3200,4205903582,nw_retrain_0389_vertically_overlapping_easy_seed20289228,3038.52810796,2763,749.98000000,
62bdb83aa6d9aa56,3200,2102773821,nw_retrain_0437_none_easy_seed20293670,2435.97514577,3209,325.99000000,
88c4f0909e1d71b0,3200,806478259,nw_retrain_0309_none_easy_seed20281257,2503.13212131,3097,368.97000000,
cef3a7ce44c73f3c,3200,359156890,nw_retrain_0432_converging_moderate_seed20293311,6023.37554524,2891,703.91000000,
9eabe62a632dec3e,3200,450480395,nw_retrain_0024_converging_hard_seed20253196,7205.63672617,2687,781.29000000,
0b0d78dcb5a6feb1,3200,2270615406,nw_retrain_0392_approximately_parallel_moderate_seed20289260,3070.29109360,3087,715.02000000,
25b1dc0b178bb94d,3200,3281619131,nw_retrain_0310_approximately_parallel_moderate_seed20281224,88.60081719,3106,773.05000000,
ed7cfd456db89e88,3200,1274104191,nw_retrain_0204_converging_hard_seed20270836,16.78164662,3209,1052.93000000,
0884f8b79e1153b1,3200,3122845700,nw_retrain_0141_crossing_easy_seed20264924,3652.00800144,2684,660.16000000,
cfa8366c10fa33cb,3200,3220657589,nw_retrain_0233_converging_hard_seed20273809,7146.90859514,3133,837.61000000,
81d65a1c17bca8db,3200,1104064975,nw_retrain_0322_converging_moderate_seed20282662,2985.52584157,2786,908.28000000,
3a0cf91abdaa2fe2,3200,920179047,nw_retrain_0296_converging_moderate_seed20279983,2505.55859991,2684,739.05000000,
e9c5c3230e1a5ca4,3200,1152604963,nw_retrain_0553_none_easy_seed22082814,4887.83624574,2973,465.58000000,
7b8999cc508f9e08,3200,1895439578,nw_retrain_0203_converging_moderate_seed20270869,9984.13612327,2922,803.32000000,
3499be3e6e06978d,3200,281433142,nw_retrain_0479_converging_easy_seed20297786,401.38879614,2797,845.37000000,
15226f7e369036d7,3200,1457630045,nw_retrain_0133_vertically_overlapping_moderate_seed20264009,16.61814616,3079,706.85000000,
055116d3c5db3e00,3200,2110134091,nw_retrain_0266_none_easy_seed20276912,5530.21239491,3003,489.87000000,
53c0a66681c60a5d,3200,418922142,nw_retrain_0061_vertically_overlapping_moderate_seed20257346,3328.18257897,2735,474.72000000,
bb07d006fe2d2529,3200,3314015403,nw_retrain_0495_vertically_overlapping_moderate_seed20299354,1468.97995547,3209,1089.04000000,
346003ba083278d9,3200,3219053183,nw_retrain_0095_crossing_easy_seed20260285,3.94883827,3017,586.96000000,
e105f7f50993284a,3200,2533350799,nw_retrain_0562_crossing_moderate_seed22083696,206.42405219,2910,464.71000000,
5715fa990a6b94bf,3200,1966962366,nw_retrain_0413_vertically_overlapping_easy_seed20291842,8629.10348591,2795,821.37000000,
4a9860e738029e27,3200,514161471,nw_retrain_0156_crossing_easy_seed20266132,1775.69847080,2881,646.24000000,
a8fc6367f4a7097c,3200,34469681,nw_retrain_0254_none_easy_seed20275736,3337.00832733,2953,460.40000000,
ca094ed2707189f6,3200,729633286,nw_retrain_0369_crossing_easy_seed20287006,4857.32198001,2875,526.25000000,
3d1da3422f6dbf4f,3200,3009984718,nw_retrain_0570_crossing_easy_seed22084742,7.61402007,3052,811.57000000,
3f675718b164fb5d,3200,2809063272,nw_retrain_0156_crossing_easy_seed20266132,22.01532487,3099,654.69000000,
d33faf97f84f019c,3200,2903734782,nw_retrain_0221_converging_moderate_seed20272633,3544.01515259,2680,585.37000000,
5833a160b019593c,3200,3111764709,nw_retrain_0384_approximately_parallel_moderate_seed20288738,17.07486460,3133,764.46000000,
16fe38cb195bb87a,3200,3464310211,nw_retrain_0479_converging_easy_seed20297786,5127.57044596,3109,953.47000000,
5cdefe652995e70e,3200,2379194935,nw_retrain_0465_vertically_overlapping_hard_seed20296545,3321.55487825,2471,801.53000000,
dd57cc0c6d9c310c,3200,3439289782,nw_retrain_0010_crossing_moderate_seed20251824,8785.87787601,3149,693.12000000,
1f70d749e9170733,3200,4269764983,nw_retrain_0523_converging_easy_seed22079874,4318.61878921,2743,610.86000000,
b8c427e552a85427,3200,40479160,nw_retrain_0310_approximately_parallel_moderate_seed20281224,2007.51973159,3152,872.15000000,
404bc50dbdce5ba8,3200,2690590669,nw_retrain_0150_crossing_easy_seed20265675,1.92560165,3209,702.10000000,
6c32db61fefbd9a5,3200,3401963384,nw_retrain_0346_vertically_overlapping_moderate_seed20285014,12.26157283,3209,682.26000000,
4acdff5436f22900,3200,3423130860,nw_retrain_0323_converging_moderate_seed20282498,1.54475148,3209,1043.67000000,
1318c11c75ae3410,3200,1132262075,nw_retrain_0190_none_easy_seed20269464,12799.32485205,2838,422.35000000,
51d7d326696a76b7,3200,1061813917,nw_retrain_0109_vertically_overlapping_easy_seed20261526,9628.38374427,2675,641.21000000,
ede70b49fd091b0e,3200,1355183857,nw_retrain_0486_none_easy_seed20298603,1912.10940438,3113,425.16000000,
047d9974e2239e58,3200,1018118756,nw_retrain_0365_none_easy_seed20286614,3438.49736261,2876,462.69000000,
c6e819878ead0081,3200,3546268705,nw_retrain_0455_converging_easy_seed20295434,2865.75361681,3209,878.09000000,
f2e2bab5036392d8,3200,3646750967,nw_retrain_0363_vertically_overlapping_hard_seed20286418,6595.45154465,2785,764.72000000,
606d5575598d3fa7,3200,297483160,nw_retrain_0133_vertically_overlapping_moderate_seed20264009,13400.49362964,2811,903.45000000,
7dc69dc7fbf80efa,3200,925659130,nw_retrain_0465_vertically_overlapping_hard_seed20296545,6432.61455188,2738,685.11000000,
be70d55ee05b4cc7,3200,1267094893,nw_retrain_0068_crossing_easy_seed20257639,5117.23747637,2697,674.10000000,
6543c67582dc16c4,3200,2398791895,nw_retrain_0122_vertically_overlapping_easy_seed20262800,10655.95835743,3070,638.43000000,
76ecbe7cb64202b4,3200,2576913144,nw_retrain_0386_none_easy_seed20288803,2572.92436708,3031,455.61000000,
a778379c6d467cab,3200,3292671356,nw_retrain_0553_none_easy_seed22082814,6039.69345660,2506,398.52000000,
ee32550ecab16a31,3200,2010144750,nw_retrain_0224_crossing_easy_seed20273058,4771.91435700,2682,718.01000000,
4453f02b05d461e2,3200,2310872692,nw_retrain_0181_converging_easy_seed20268582,9460.53663038,3091,824.24000000,
e780ac07d98f25df,3200,3752538462,nw_retrain_0486_none_easy_seed20298603,4821.27269699,2460,390.38000000,
76fe4ce9ae930338,3200,2008701491,nw_retrain_0431_none_easy_seed20293082,4710.76283127,3036,510.63000000,
6aed3d042415370d,3200,3605252268,nw_retrain_0369_crossing_easy_seed20287006,1603.13779295,2901,669.86000000,
5623cc4b4fecca80,3200,3054911276,nw_retrain_0024_converging_hard_seed20253196,4419.96269696,2589,942.02000000,
201a785f915f70d5,3200,917430153,nw_retrain_0473_converging_moderate_seed20297198,4.21248908,3043,578.27000000,
3ac648c7979efd7f,3200,1086871344,nw_retrain_0523_converging_easy_seed22079874,32.98679981,3209,552.40000000,
bda49b0665e1404c,3200,865079773,nw_retrain_0175_vertically_overlapping_easy_seed20267994,3.17135283,2856,782.27000000,
add531dfc3bd3db7,3200,2328871750,nw_retrain_0385_crossing_hard_seed20288574,2085.70384434,3077,667.01000000,
e383e7ed660d665b,3200,3234980228,nw_retrain_0010_crossing_moderate_seed20251824,22.28044852,3099,644.57000000,
0600b656d3123301,3200,22113030,nw_retrain_0109_vertically_overlapping_easy_seed20261526,11774.89930478,2925,478.88000000,
aa90161d59cf2bc2,3200,2396811517,nw_retrain_0363_vertically_overlapping_hard_seed20286418,5539.80332306,2859,776.93000000,
7b5546edca310a45,3200,4210143152,nw_retrain_0455_converging_easy_seed20295434,4168.77918898,3093,884.79000000,
3e1f8c8dd960ae50,3200,3196356991,nw_retrain_0122_vertically_overlapping_easy_seed20262800,196.55433824,3209,684.77000000,
d29705c5754de728,3200,2840773054,nw_retrain_0167_approximately_parallel_easy_seed20267472,662.05660342,3209,806.91000000,
12110f503e66f76d,3200,1044189506,nw_retrain_0385_crossing_hard_seed20288574,6996.02415827,2840,542.30000000,
ee37424325b5d7ed,3200,1527840141,nw_retrain_0254_none_easy_seed20275736,8531.04590756,2845,433.04000000,
c14e88b0eb02db1a,3200,2452062397,nw_retrain_0086_vertically_overlapping_hard_seed20259272,4.36447720,3209,542.61000000,
738e0a1cf4af1274,3200,1357129509,nw_retrain_0243_converging_hard_seed20274789,355.54715801,3209,614.91000000,
4c608c5aa9f44743,3200,1216648764,nw_retrain_0359_vertically_overlapping_moderate_seed20286026,19.17949040,3209,587.33000000,
45bbe47d927fbb24,3200,2020601058,nw_retrain_0192_crossing_moderate_seed20269660,13153.09002446,2849,990.29000000,
a1d77229ebb9eb77,3200,980004102,nw_retrain_0192_crossing_moderate_seed20269660,4022.03772385,3031,889.07000000,
df04e9142c448a43,3200,1830329766,nw_retrain_0181_converging_easy_seed20268582,1137.18828547,3209,665.63000000,
9c09fc7cf934d75d,3200,3900938964,nw_retrain_0547_approximately_parallel_moderate_seed22082619,1.48355446,3069,371.97000000,
560d8811f0c39d77,3200,982483099,nw_retrain_0426_vertically_overlapping_hard_seed20292592,25.94579940,2535,315.26000000,
b787415be27cd5f3,3200,1486967618,nw_retrain_0266_none_easy_seed20276912,7030.85767157,2936,423.62000000,
b17dac020a3d865c,3200,1343187531,nw_retrain_0581_converging_hard_seed22085689,16.89658843,2643,187.90000000,
bf5699c19950eeef,3200,763241337,nw_retrain_0141_crossing_easy_seed20264924,4180.52817805,3209,705.24000000,
8684489d951025a0,3200,148563327,nw_retrain_0292_approximately_parallel_easy_seed20279460,12.42788040,2579,194.85000000,
02ba982182ae4558,3200,250495411,nw_retrain_0182_crossing_moderate_seed20268680,36.34361994,2504,308.85000000,
861e9157d2adeb13,3200,3597452600,nw_retrain_0363_vertically_overlapping_hard_seed20286418,146.99029817,2774,982.68000000,
fe1d93f9d56f4932,3200,77761510,nw_retrain_0408_crossing_easy_seed20291090,3971.25154871,2711,398.80000000,
dfd5a359fa5a8b6a,3200,942006985,nw_retrain_0270_approximately_parallel_easy_seed20277435,6.24703910,2597,222.68000000,
337982895a7fa9cf,3200,305215905,nw_retrain_0122_vertically_overlapping_easy_seed20262800,68.78638627,2559,801.26000000,
a33956ec92f6e508,3200,4020943695,nw_retrain_0541_crossing_hard_seed22081769,3.10792396,3209,412.61000000,
62ee22c306331f06,3200,252843651,nw_retrain_0405_vertically_overlapping_hard_seed20290534,64.75297263,2749,576.87000000,
7c59a152a6c9e832,3200,1301260091,nw_retrain_0258_approximately_parallel_easy_seed20276128,23.27748697,2582,273.53000000,
c964766eb8d07cf7,3200,234453816,nw_retrain_0190_none_easy_seed20269464,8734.20979484,2754,416.50000000,
ea52a55c8620ab1e,3200,3043264719,nw_retrain_0322_converging_moderate_seed20282662,7815.23960109,2938,903.17000000,
dbdd60dda38371aa,3200,2818611246,nw_retrain_0296_converging_moderate_seed20279983,7.10774911,2441,823.16000000,
c60b7f2b4bd07fc5,3200,1090689217,nw_retrain_0516_none_easy_seed22079712,3917.37898295,2579,357.99000000,
fe094b6aa8a62c13,3200,1963963870,nw_retrain_0156_crossing_easy_seed20266132,218.93833140,2455,740.63000000,
a639d12acf2f7b4e,3200,2340069138,nw_retrain_0479_converging_easy_seed20297786,5183.88290461,3020,1166.30000000,
8df4d130e20bcb89,3200,1665844730,nw_retrain_0471_none_easy_seed20297002,823.65461515,2785,251.02000000,
a1a120e4c221f328,3200,4169046888,nw_retrain_0292_approximately_parallel_easy_seed20279460,9.42401664,2692,201.25000000,
8eb5c66106a581e2,3200,150258944,nw_retrain_0346_vertically_overlapping_moderate_seed20285014,2.25699263,3053,515.11000000,
a56cc19202f1546f,3200,4258314040,nw_retrain_0437_none_easy_seed20293670,122.55619810,2498,306.99000000,
0b1648b77f18bf26,3200,638522379,nw_retrain_0495_vertically_overlapping_moderate_seed20299354,11583.40835895,2515,583.25000000,
988c88542498273c,3200,1961706048,nw_retrain_0566_vertically_overlapping_moderate_seed22084088,6069.18993233,2709,666.69000000,
60fef264621c29cb,3200,2569314810,nw_retrain_0191_approximately_parallel_easy_seed20269562,0.88677665,3209,245.04000000,
67c2daf3f0983ba4,3200,4036735755,nw_retrain_0473_converging_moderate_seed20297198,7652.04168586,2496,612.48000000,
ed8caa8a3dab56c0,3200,728621193,nw_retrain_0248_vertically_overlapping_easy_seed20275410,421.88143964,2630,533.98000000,
f24e6dc159d6e3a0,3200,1460517421,nw_retrain_0171_crossing_easy_seed20267864,16.43961198,2538,624.09000000,
be6899c69b1c35cb,3200,2679866163,nw_retrain_0431_none_easy_seed20293082,12330.65113598,2728,386.43000000,
bf9ad8a0fd8acc20,3200,1634688539,nw_retrain_0224_crossing_easy_seed20273058,10572.58928747,2599,759.91000000,
9b713fc4b7849f05,3200,18137682,nw_retrain_0191_approximately_parallel_easy_seed20269562,10.75000170,2573,320.11000000,
c9e45be878dc2d63,3200,1155961755,nw_retrain_0546_none_easy_seed22082128,61.39588008,2561,376.73000000,
4abdf8c900f76576,3200,508260339,nw_retrain_0185_none_easy_seed20268974,116.72550073,2539,256.35000000,
96ce8bd2668a5386,3200,2522849467,nw_retrain_0409_vertically_overlapping_easy_seed20291319,52.44615243,2722,682.83000000,
a1496f7d659009d5,3200,3092660114,nw_retrain_0547_approximately_parallel_moderate_seed22082619,10.32294813,2635,449.93000000,
f744ff3da3a9569d,3200,2498116519,nw_retrain_0453_converging_hard_seed20295238,3.94331543,2828,444.47000000,
200b445114f5eaf8,3200,3463243972,nw_retrain_0446_none_easy_seed20294552,19.99963780,2853,214.94000000,
d380971a514f48d6,3200,1880719724,nw_retrain_0365_none_easy_seed20286614,342.11649256,2571,452.62000000,
44c1c9390bd1a2df,3200,3110276895,nw_retrain_0203_converging_moderate_seed20270869,13454.82258765,2606,723.18000000,
0e31f37f584051dc,3200,604729285,nw_retrain_0505_crossing_easy_seed22078110,26.69318125,2779,473.95000000,
c6eceba5e48c26fe,3200,1494149663,nw_retrain_0386_none_easy_seed20288803,3853.14188435,2502,448.82000000,
ec9b273b2f8a46a2,3200,3289773554,nw_retrain_0158_vertically_overlapping_easy_seed20266328,209.03139832,2656,672.05000000,
a39891cdf1c82a05,3200,175258117,nw_retrain_0486_none_easy_seed20298603,6174.02633011,3209,345.94000000,
fed5ace622347e87,3200,3857798888,nw_retrain_0426_vertically_overlapping_hard_seed20292592,0.78533797,3209,283.10000000,
30abd764dd169d82,3200,1381207640,nw_retrain_0436_none_easy_seed20293834,89.53496109,2509,331.75000000,
68c581242f7eb29d,3200,3054883523,nw_retrain_0243_converging_hard_seed20274789,209.43458394,2603,759.38000000,
99947096cbb0ded0,3200,3511311775,nw_retrain_0258_approximately_parallel_easy_seed20276128,44.23071588,2519,244.25000000,
f790bb8b08a106ca,3200,2243979958,nw_retrain_0479_converging_easy_seed20297786,146.87222331,2464,980.26000000,
ece45d7c181249d8,3200,4264683991,nw_retrain_0133_vertically_overlapping_moderate_seed20264009,4816.13406918,2702,986.02000000,
0389be9d9c87670a,3200,352182550,nw_retrain_0415_approximately_parallel_easy_seed20291645,2415.62166724,2629,338.99000000,
c55b66611f5ba66c,3200,218901989,nw_retrain_0523_converging_easy_seed22079874,2.02745977,3109,524.34000000,
41403b0806f68d7f,3200,2177467317,nw_retrain_0409_vertically_overlapping_easy_seed20291319,4871.49029846,2922,615.05000000,
346fc6153d914ef8,3200,1017160607,nw_retrain_0500_crossing_easy_seed20299975,2032.17872341,2536,304.47000000,
8f26449901401093,3200,1340201570,nw_retrain_0175_vertically_overlapping_easy_seed20267994,255.18890454,2540,678.70000000,
20da438b49f8b668,3200,661645431,nw_retrain_0432_converging_moderate_seed20293311,2.40831929,2561,575.00000000,
84e505df0d23713c,3200,3179999702,nw_retrain_0468_converging_moderate_seed20296839,2226.60919656,2749,438.70000000,
603393caf802cd30,3200,32278993,nw_retrain_0150_crossing_easy_seed20265675,35.59635389,2708,986.61000000,
e55df4a71c573a4e,3200,3757040423,nw_retrain_0459_vertically_overlapping_moderate_seed20296088,2.11879656,2643,527.63000000,
04031e17d169c993,3200,1876834357,nw_retrain_0321_crossing_easy_seed20282302,5.04994864,2526,516.48000000,
84c6045be9fd69b4,3200,3702404222,nw_retrain_0468_converging_moderate_seed20296839,3461.49390390,2739,424.58000000,
92ca151b7f555e0b,3200,4180966216,nw_retrain_0192_crossing_moderate_seed20269660,1928.41822242,2794,937.05000000,
c433baf8ca59c1ee,3200,3601117057,nw_retrain_0453_converging_hard_seed20295238,81.14988028,2461,490.75000000,
c85cd352182ac760,3200,1807923712,nw_retrain_0493_approximately_parallel_easy_seed20299158,698.21822073,2667,393.49000000,
d8eec88f13de10d1,3200,1334426679,nw_retrain_0553_none_easy_seed22082814,11395.55441315,2662,436.48000000,
b7224c8e3c36b33c,3200,3405217722,nw_retrain_0187_vertically_overlapping_easy_seed20269170,648.59064807,2470,369.11000000,
5b3f0bea0d1ab1c5,3200,3276042165,nw_retrain_0404_none_easy_seed20290436,33.51633415,2884,277.26000000,
1224f6629ecaead3,3200,719532623,nw_retrain_0134_crossing_moderate_seed20264107,2444.12605636,3209,482.61000000,
d3a9b6ebe5c41b7b,3200,1084083728,nw_retrain_0455_converging_easy_seed20295434,266.57153351,2625,973.36000000,
62dc5969abe525a0,3200,3205970142,nw_retrain_0432_converging_moderate_seed20293311,8266.44440357,2551,601.12000000,
0a871cc314eb02dd,3200,3206940519,nw_retrain_0472_vertically_overlapping_moderate_seed20297231,49.63374359,2444,415.38000000,
68795212a63ea37a,3200,3997907668,nw_retrain_0143_none_easy_seed20264858,84.82698314,2514,270.31000000,
b98cbd29dab86a01,3200,2656576338,nw_retrain_0214_vertically_overlapping_easy_seed20271816,239.19749361,2536,345.97000000,
f1b5a013d0f780f9,3200,3811356942,nw_retrain_0182_crossing_moderate_seed20268680,15.96867779,3124,272.61000000,
ab5321e254410428,3200,3315828899,nw_retrain_0181_converging_easy_seed20268582,11458.24277762,2662,528.96000000,
1434b09327e2b086,3200,401570851,nw_retrain_0122_vertically_overlapping_easy_seed20262800,2.16909986,3173,729.82000000,
bdcedb3a2c2c3681,3200,1884976928,nw_retrain_0459_vertically_overlapping_moderate_seed20296088,4108.88853615,2702,479.66000000,
f331e1a4e42ac529,3200,4117772922,nw_retrain_0326_converging_hard_seed20282923,2.86120896,2974,538.37000000,
56ee3e2059db536c,3200,1742938599,nw_retrain_0445_none_easy_seed20294454,1.42130284,3209,334.78000000,
cb38a3f17e0d90f6,3200,4292539578,nw_retrain_0203_converging_moderate_seed20270869,1438.00255096,2630,919.07000000,
0c22b7b802786daf,3200,2828820585,nw_retrain_0233_converging_hard_seed20273809,2.62456064,3209,815.78000000,
1a04f7c529860912,3200,3637002692,nw_retrain_0214_vertically_overlapping_easy_seed20271816,1.60724808,3209,273.99000000,
a0d492efc1373123,3200,2068342205,nw_retrain_0326_converging_hard_seed20282923,2.25698600,3209,564.27000000,
84328eb41c0fc1b0,3200,3105181332,nw_retrain_0121_vertically_overlapping_moderate_seed20262702,1160.55253013,3193,286.06000000,
b198f7f5e47335c8,3200,2282029861,nw_retrain_0523_converging_easy_seed22079874,3339.37592506,2520,431.49000000,
ad97600b5a19a827,3200,3107401600,nw_retrain_0562_crossing_moderate_seed22083696,1.50743207,3209,422.49000000,
4e338667addfdde6,3200,717303458,nw_retrain_0369_crossing_easy_seed20287006,8634.21763525,2827,541.55000000,
00702398f369f578,3200,4019017657,nw_retrain_0541_crossing_hard_seed22081769,3781.89137515,2659,470.24000000,
542f4b50e7b59ad8,3200,3997460461,nw_retrain_0445_none_easy_seed20294454,4682.77565284,2704,310.74000000,
4d24baa14b31aa62,3200,1357732131,nw_retrain_0179_none_easy_seed20268517,249.23052418,2594,469.70000000,
5fb7a8ca033cb884,3200,1925302258,nw_retrain_0420_converging_moderate_seed20292004,3564.10857860,2529,325.39000000,
36723dd76c160269,3200,105141533,nw_retrain_0392_approximately_parallel_moderate_seed20289260,121.36289417,2447,844.35000000,
5c5d0ef00a9309d7,3200,1052458928,nw_retrain_0408_crossing_easy_seed20291090,4.47080820,3209,460.69000000,
127766732b45b1ea,3200,4287566095,nw_retrain_0332_crossing_moderate_seed20283380,48.87159290,2742,410.51000000,
d453d6659170026c,3200,1737340227,nw_retrain_0404_none_easy_seed20290436,1.94529313,3209,251.48000000,
4e8056cee1ff61ba,3200,2025949646,nw_retrain_0505_crossing_easy_seed22078110,3270.51489344,3209,423.91000000,
b990d2469d4698a4,3200,2998128074,nw_retrain_0495_vertically_overlapping_moderate_seed20299354,10834.72051379,2795,936.41000000,
789a6a534f5918a8,3200,1511458703,nw_retrain_0161_none_easy_seed20266753,199.70061211,2853,324.36000000,
bd19644820032268,3200,3398790398,nw_retrain_0570_crossing_easy_seed22084742,11119.86232671,2994,635.75000000,
8400251b06b8ff1b,3200,159318574,nw_retrain_0250_vertically_overlapping_hard_seed20275475,88.45681180,2754,247.61000000,
0fa77dfa9350b0f4,3200,3362742754,nw_retrain_0121_vertically_overlapping_moderate_seed20262702,2.51353515,2836,274.50000000,
85b1fae49a035de5,3200,1064186880,nw_retrain_0175_vertically_overlapping_easy_seed20267994,6368.33160713,3209,797.27000000,
85b0854627ee5289,3200,1344421643,nw_retrain_0151_approximately_parallel_moderate_seed20265773,3.28678579,3209,613.98000000,
5373813cccabb308,3200,1828497187,nw_retrain_0369_crossing_easy_seed20287006,8771.56217010,2504,593.42000000,
23236b7ee5871bb7,3200,3657441130,nw_retrain_0250_vertically_overlapping_hard_seed20275475,2.72781672,3209,199.42000000,
38b3f3ddf47a9fad,3200,463829855,nw_retrain_0415_approximately_parallel_easy_seed20291645,3535.18132407,2759,395.87000000,
6f550402e7555660,3200,2933090041,nw_retrain_0171_crossing_easy_seed20267864,2.02636693,3209,624.98000000,
d6b169b1d745a177,3200,2574751320,nw_retrain_0413_vertically_overlapping_easy_seed20291842,170.55824035,2491,863.74000000,
c683f69e3931246c,3200,1792585940,nw_retrain_0150_crossing_easy_seed20265675,2.79713596,3209,829.26000000,
17c25845e05f3c98,3200,2842777950,nw_retrain_0581_converging_hard_seed22085689,1.86655619,3209,158.36000000,
3f92e0503b6cb669,3200,2590741992,nw_retrain_0600_converging_easy_seed22087551,18.62201858,2594,364.01000000,
c5abd8f9c643a39e,3200,1177267906,nw_retrain_0309_none_easy_seed20281257,2.28243939,3209,384.93000000,
59c2123c1ae86acf,3200,210174380,nw_retrain_0455_converging_easy_seed20295434,9130.86760290,2470,957.55000000,
7fefee142cf0dfbd,3200,1433345919,nw_retrain_0233_converging_hard_seed20273809,6708.51164489,2473,842.26000000,
f82c41885e38562c,3200,705806711,nw_retrain_0341_converging_moderate_seed20284393,8176.04505095,2822,623.71000000,
927c385e91853190,3200,2237093804,nw_retrain_0243_converging_hard_seed20274789,10933.50589382,3209,614.31000000,
5b473abb762e728d,3200,3277186026,nw_retrain_0254_none_easy_seed20275736,7706.87059301,2627,468.37000000,
63f116025f261388,3200,3825144155,nw_retrain_0346_vertically_overlapping_moderate_seed20285014,2638.25456164,2967,779.56000000,
f520634ee134e34f,3200,867437360,nw_retrain_0344_converging_easy_seed20284556,2.79702320,3209,582.51000000,
361e82b9575b61de,3200,1998905894,nw_retrain_0314_vertically_overlapping_moderate_seed20281747,10711.14988294,2461,670.86000000,
21a8d804d49062a8,3200,4172442824,nw_retrain_0486_none_easy_seed20298603,2.15446190,3168,450.36000000,
b58a33ac4d9c75cf,3200,3702324798,nw_retrain_0310_approximately_parallel_moderate_seed20281224,11618.50165649,2815,648.41000000,
f79ba8c4035d70fe,3200,3533280047,nw_retrain_0472_vertically_overlapping_moderate_seed20297231,0.62674460,3209,397.33000000,
2338793a1cd9ce45,3200,218330935,nw_retrain_0133_vertically_overlapping_moderate_seed20264009,7409.02626988,3209,923.59000000,
2c0a1fc778db7944,3200,1283486432,nw_retrain_0546_none_easy_seed22082128,2105.73772154,3121,476.27000000,
616c81bc145e74e5,3200,2691913141,nw_retrain_0500_crossing_easy_seed20299975,2.88256074,3209,411.01000000,
cefe0715e816b58b,3200,2037851275,nw_retrain_0562_crossing_moderate_seed22083696,114.05621317,2497,471.09000000,
73cfabd2281837b3,3200,1134041159,nw_retrain_0321_crossing_easy_seed20282302,1.85003840,3209,548.07000000,
9e413ca0cad06ee1,3200,1982423026,nw_retrain_0385_crossing_hard_seed20288574,11569.34686704,2866,597.29000000,
9c8a5d84efa89564,3200,558937281,nw_retrain_0471_none_easy_seed20297002,2.19424970,3209,208.25000000,
3ce35bcfc18d015b,3200,3519554547,nw_retrain_0600_converging_easy_seed22087551,2.30009542,3209,346.32000000,
a9ed9b20532ebb62,3200,2614005695,nw_retrain_0341_converging_moderate_seed20284393,10055.80454130,2624,660.06000000,
3f94dc9be5126578,3200,4165171869,nw_retrain_0254_none_easy_seed20275736,2.78621119,2917,516.15000000,
9597c28dcce78749,3200,3294222619,nw_retrain_0181_converging_easy_seed20268582,1.93401172,3209,733.58000000,
7e5a6f19f5132e53,3200,825241970,nw_retrain_0143_none_easy_seed20264858,1.81659401,2674,207.71000000,
058e42e0ef5a4088,3200,517358452,nw_retrain_0224_crossing_easy_seed20273058,10701.34480887,3035,621.95000000,
3f5d92b37321148c,3200,2034236307,nw_retrain_0487_converging_easy_seed20298701,2.89987011,3064,530.29000000,
1a06a0b00ae47c00,3200,2880481281,nw_retrain_0389_vertically_overlapping_easy_seed20289228,6174.52887575,2656,708.41000000,
0c6d9e91c7263c94,3200,3708189838,nw_retrain_0385_crossing_hard_seed20288574,3.83343449,3209,699.15000000,
17cf75fc74a57693,3200,1258737366,nw_retrain_0270_approximately_parallel_easy_seed20277435,0.93304877,3209,200.75000000,
13538198e1f4be6a,3200,1628777403,nw_retrain_0566_vertically_overlapping_moderate_seed22084088,1.80659271,3013,586.34000000,
60aaeabf11bd310f,3200,4116781044,nw_retrain_0332_crossing_moderate_seed20283380,4.43523311,3209,430.19000000,
20997f3e2633c4ab,3200,3130900252,nw_retrain_0416_approximately_parallel_easy_seed20291743,9323.46863191,2864,732.43000000,
646f07abd34ab2da,3200,2654669257,nw_retrain_0134_crossing_moderate_seed20264107,5040.65113152,2479,411.25000000,
2cb5a4dbf52d8a62,3200,2599968140,nw_retrain_0493_approximately_parallel_easy_seed20299158,0.80000000,3209,341.84000000,
530fc67119195a4d,3200,620265066,nw_retrain_0473_converging_moderate_seed20297198,1.06490744,3209,798.31000000,
d269f77634c9c453,3200,531490059,nw_retrain_0158_vertically_overlapping_easy_seed20266328,7.19584364,3209,667.82000000,
e413248dfabcd20a,3200,2768766166,nw_retrain_0167_approximately_parallel_easy_seed20267472,14177.50218234,2746,806.98000000,
922e8834e38e56c9,3200,35419023,nw_retrain_0363_vertically_overlapping_hard_seed20286418,10.39826871,3209,776.81000000,
ce7410ab27bca300,3200,25701842,nw_retrain_0596_approximately_parallel_hard_seed22087028,2794.40939776,2736,581.33000000,
34ca2096a4d05f71,3200,1707890990,nw_retrain_0487_converging_easy_seed20298701,973.93609317,2746,586.05000000,
0867327c59ed078d,3200,2777492777,nw_retrain_0323_converging_moderate_seed20282498,663.41717001,2768,991.48000000,
cf817f2c08f7c2ba,3200,2267598472,nw_retrain_0416_approximately_parallel_easy_seed20291743,5.64153166,2719,876.65000000,
a52e81b08fb5c80f,3200,1897113902,nw_retrain_0386_none_easy_seed20288803,2.07293264,3209,432.12000000,
25748fad8fbf9707,3200,2385296038,nw_retrain_0187_vertically_overlapping_easy_seed20269170,2.75513241,3209,333.90000000,
8500ff23042d0084,3200,4167656594,nw_retrain_0322_converging_moderate_seed20282662,1.51821323,3209,859.93000000,
1460d2c0c86b931d,3200,500018983,nw_retrain_0380_none_easy_seed20288346,5.52566594,3209,431.09000000,
a0ab0c62182ec3c0,3200,2310548792,nw_retrain_0405_vertically_overlapping_hard_seed20290534,2.67567489,3209,488.23000000,
db79ff7dc270e9e5,3200,2675765201,nw_retrain_0221_converging_moderate_seed20272633,90.25746871,2903,778.81000000,
25f7a53a7ccbad15,3200,2667373,nw_retrain_0553_none_easy_seed22082814,1.87385153,3209,409.12000000,
968b6e026afd8d3b,3200,830200514,nw_retrain_0596_approximately_parallel_hard_seed22087028,4.07187893,2632,499.86000000,
d01c5052ece7497d,3200,1983927114,nw_retrain_0344_converging_easy_seed20284556,64.24545647,2755,597.76000000,
57cf7d86aafa2d01,3200,3844082984,nw_retrain_0436_none_easy_seed20293834,2.86414475,3209,348.51000000,
03dbb9115add6179,3200,1708638686,nw_retrain_0420_converging_moderate_seed20292004,0.90445656,3209,388.90000000,
5e27eff46c190484,3200,2019057446,nw_retrain_0365_none_easy_seed20286614,3.29808215,3209,470.66000000,
cb30a035aaccc1db,3200,805549843,nw_retrain_0384_approximately_parallel_moderate_seed20288738,6.02262057,3209,875.92000000,
838d56e38d7f04c9,3200,583601019,nw_retrain_0380_none_easy_seed20288346,7403.26597654,3209,408.09000000,
3bf91fd8832b3e72,3200,3762023717,nw_retrain_0248_vertically_overlapping_easy_seed20275410,2.77888813,3209,620.92000000,
a7290c69b84c863b,3200,3611338097,nw_retrain_0167_approximately_parallel_easy_seed20267472,13170.71457580,2880,686.81000000,
3b19061324be8b2a,3200,944726938,nw_retrain_0392_approximately_parallel_moderate_seed20289260,2.23406894,3209,727.15000000,
3f81160a6b18e258,3200,792733564,nw_retrain_0314_vertically_overlapping_moderate_seed20281747,10725.78782275,2811,469.04000000,
c903679a6c99219e,3200,2634129635,nw_retrain_0185_none_easy_seed20268974,652.29420031,2949,255.14000000,
593cd3ccb56f9439,3200,399186383,nw_retrain_0156_crossing_easy_seed20266132,1.87387177,3209,746.23000000,
72f9eea94bc70d43,3200,2522803241,nw_retrain_0516_none_easy_seed22079712,5234.71330416,3126,427.08000000,
c89c4ba3b4333528,3200,3597741828,nw_retrain_0151_approximately_parallel_moderate_seed20265773,1745.68724994,2446,781.35000000,
ea3b41562fedb48a,3200,1118805327,nw_retrain_0309_none_easy_seed20281257,908.56309152,2471,369.06000000,
965d43fa9b9648a2,3200,1155362984,nw_retrain_0221_converging_moderate_seed20272633,1.35971239,2824,552.78000000,
8af1d8795c2a0c7d,3200,3216410935,nw_retrain_0161_none_easy_seed20266753,232.99628975,2667,313.50000000,
f8352803bdc3ca0b,3200,2047055015,nw_retrain_0192_crossing_moderate_seed20269660,11652.11710160,2953,918.11000000,
2b750425647c23bf,3200,2886710511,nw_retrain_0465_vertically_overlapping_hard_seed20296545,5.24428192,3029,707.96000000,
2743f013f33ccbc9,3200,15266701,nw_retrain_0384_approximately_parallel_moderate_seed20288738,295.73119002,2783,771.78000000,
1765fc7783287457,3200,986514128,nw_retrain_0190_none_easy_seed20269464,1.35818968,2870,490.60000000,
9011f508ad266963,3200,3051372993,nw_retrain_0204_converging_hard_seed20270836,5051.17194311,2958,905.65000000,
9627d9c9f168353c,3200,2859976524,nw_retrain_0266_none_easy_seed20276912,2.04286611,3024,381.40000000,
eb41a26aa07bd1e4,3200,3897897865,nw_retrain_0310_approximately_parallel_moderate_seed20281224,2.01656342,3209,883.27000000,
b1324729747e5769,3200,4229132530,nw_retrain_0204_converging_hard_seed20270836,4493.72369119,3209,1162.32000000,
f1bb7bb67adbce1f,3200,3684611584,nw_retrain_0359_vertically_overlapping_moderate_seed20286026,11267.38625498,2918,695.58000000,
65b32c7f110ac4f7,3200,1305180236,nw_retrain_0413_vertically_overlapping_easy_seed20291842,8426.77614396,3066,859.43000000,
ab789b3132644f6e,3200,880468337,nw_retrain_0141_crossing_easy_seed20264924,1.65198341,3173,731.98000000,
fb359e221c59e2eb,3200,2890670968,nw_retrain_0323_converging_moderate_seed20282498,7595.65258234,3035,952.85000000,
c2a0914bc62145a9,3200,1990944504,nw_retrain_0179_none_easy_seed20268517,1.47916855,3209,387.13000000,
60581b4d4b5f202c,3200,906909478,nw_retrain_0250_vertically_overlapping_hard_seed20275475,9.28424377,3209,194.03000000,
f01082292b70c2dc,3200,1752996080,nw_retrain_0389_vertically_overlapping_easy_seed20289228,11280.92766177,3144,797.11000000,
53450dd5c0712e1a,3200,2679321403,nw_retrain_0570_crossing_easy_seed22084742,2.38956257,3209,709.55000000,
2c532d52bfd8c981,3200,3556674444,nw_retrain_0472_vertically_overlapping_moderate_seed20297231,1803.55070468,2744,302.00000000,
acb18155bdadcc2f,3200,826384076,nw_retrain_0465_vertically_overlapping_hard_seed20296545,7020.96023371,2749,634.10000000,
c975b5cdfb0a5273,3200,1484209411,nw_retrain_0404_none_easy_seed20290436,234.53928989,3209,236.65000000,
de7cbc5c7b4337ec,3200,278025845,nw_retrain_0500_crossing_easy_seed20299975,665.76367822,2562,289.50000000,
0a3a18dbf454f6f2,3200,1744789935,nw_retrain_0445_none_easy_seed20294454,2148.24757309,3209,315.21000000,
c2110c06b422306b,3200,4077372985,nw_retrain_0420_converging_moderate_seed20292004,4.97244783,3209,355.35000000,
daaece164f8c4af3,3200,1387508489,nw_retrain_0596_approximately_parallel_hard_seed22087028,2273.65204972,3209,487.29000000,
b55b6dd3ad116c19,3200,1150772284,nw_retrain_0493_approximately_parallel_easy_seed20299158,108.11485935,3209,326.91000000,
78b8892d204fbc71,3200,352076283,nw_retrain_0432_converging_moderate_seed20293311,8268.24137870,2721,521.80000000,
e97721f05c26eb64,3200,1531747802,nw_retrain_0384_approximately_parallel_moderate_seed20288738,1924.27369433,2837,835.12000000,
4ead05a87108d0bf,3200,3254003074,nw_retrain_0296_converging_moderate_seed20279983,2510.37300760,2456,656.19000000,
934873bdc9543a8a,3200,2876376529,nw_retrain_0309_none_easy_seed20281257,2273.31830963,2958,394.19000000,
14df1cca42e420e1,3200,1309396585,nw_retrain_0322_converging_moderate_seed20282662,4348.93559534,2810,968.73000000,
1ca0c836d9883059,3200,2941412797,nw_retrain_0486_none_easy_seed20298603,6177.09864231,3075,395.11000000,
f54f9a2fc68c36f1,3200,243114269,nw_retrain_0190_none_easy_seed20269464,2556.57781092,2983,390.71000000,
648f34feb099b03f,3200,3035769099,nw_retrain_0392_approximately_parallel_moderate_seed20289260,2842.86600092,2593,803.90000000,
24957f2b1b109d3d,3200,1057894126,nw_retrain_0233_converging_hard_seed20273809,2711.27137837,3209,791.42000000,
d4f3fa1536954fac,3200,609788534,nw_retrain_0431_none_easy_seed20293082,9339.79117289,2786,405.12000000,
f751bcbcf4505542,3200,2440751649,nw_retrain_0203_converging_moderate_seed20270869,10000.51003493,2791,754.57000000,
9b2b2d36ec0d0137,3200,4262308134,nw_retrain_0266_none_easy_seed20276912,5550.53303200,3209,422.85000000,
4aa061422d2bc487,3200,3974173823,nw_retrain_0495_vertically_overlapping_moderate_seed20299354,1145.73663377,3183,900.00000000,
78fc29bd1d62e980,3200,1243954375,nw_retrain_0224_crossing_easy_seed20273058,9.34977084,3209,675.22000000,
1a70f206b3164fc5,3200,1754461320,nw_retrain_0150_crossing_easy_seed20265675,3571.74954364,3209,676.05000000,
ec54fecd9f013b4b,3200,1086263976,nw_retrain_0465_vertically_overlapping_hard_seed20296545,6485.14242536,2539,671.30000000,
b6b585c9a6360780,3200,3758394283,nw_retrain_0296_converging_moderate_seed20279983,203.75643152,3209,734.43000000,
f7ab741d507c61cc,3200,1871304371,nw_retrain_0386_none_easy_seed20288803,244.38373035,2958,444.53000000,
f9d5fefaad799310,3200,3464383093,nw_retrain_0385_crossing_hard_seed20288574,10023.58811729,2899,515.61000000,
67fb2e4d5d2523f2,3200,2492150727,nw_retrain_0181_converging_easy_seed20268582,13753.51165304,2854,603.11000000,
fb1eccd400a13a33,3200,888373044,nw_retrain_0167_approximately_parallel_easy_seed20267472,265.41947392,3209,747.64000000,
ca1ac18acfb6a623,3200,2485085031,nw_retrain_0190_none_easy_seed20269464,6.07546629,3209,313.36000000,
f6851de689407ddd,3200,2267189368,nw_retrain_0203_converging_moderate_seed20270869,2477.92833231,2463,550.35000000,
6b9467f088cb74b4,3200,3947734468,nw_retrain_0341_converging_moderate_seed20284393,57.07881061,3188,503.37000000,
ba86ee80f7543c98,3200,869594835,nw_retrain_0192_crossing_moderate_seed20269660,13138.13613178,2753,796.32000000,
362773318bd493c3,3200,591623831,nw_retrain_0141_crossing_easy_seed20264924,125.87270657,3025,440.70000000,
26a4622372c632c7,3200,964502013,nw_retrain_0151_approximately_parallel_moderate_seed20265773,15.96054156,2521,649.97000000,
b5a380466b40fc9a,3200,4032169892,nw_retrain_0156_crossing_easy_seed20266132,1.79264945,3209,543.48000000,
5fa078350bf38cc9,3200,1555642479,nw_retrain_0158_vertically_overlapping_easy_seed20266328,1661.82018231,2940,546.87000000,
94e6069403334e0e,3200,989470068,nw_retrain_0243_converging_hard_seed20274789,4.40654057,3208,674.77000000,
4a4fd70448327768,3200,111850825,nw_retrain_0296_converging_moderate_seed20279983,4740.83500393,3035,615.18000000,
c64635d963839731,3200,3314722551,nw_retrain_0309_none_easy_seed20281257,1473.14154911,2501,287.56000000,
b9e6b4418d6e2af5,3200,35004958,nw_retrain_0309_none_easy_seed20281257,882.97122515,2515,274.05000000,
553664217714d610,3200,2100919418,nw_retrain_0359_vertically_overlapping_moderate_seed20286026,56.08459129,2756,601.15000000,
b58620d35cad46c4,3200,2472697661,nw_retrain_0363_vertically_overlapping_hard_seed20286418,146.99016820,2711,733.53000000,
6bf489cfe26d6ba0,3200,2979264897,nw_retrain_0431_none_easy_seed20293082,3274.73313949,2888,332.45000000,
9e5505404c592818,3200,3334235572,nw_retrain_0437_none_easy_seed20293670,4.58512492,3209,311.16000000,
6f66967e500b05e6,3200,1175166041,nw_retrain_0446_none_easy_seed20294552,1.56298122,3209,188.15000000,
641bf79edfc930f1,3200,17963012,nw_dual_val_060,7.50610749,2604,715.00000000,
