scenario_uid,row,params_sha256,set,k_prefix,hr_J_star_cont,difficulty,sets
nw_retrain_0103_approximately_parallel_easy_seed20260938,1328,258b94c31afb3f84,high25,6,2.4949642459015138,easy,high25
nw_retrain_0292_approximately_parallel_easy_seed20279460,4445,89cfe74800a6ff4a,high25,3,34.06956800426432,easy,high25|sens10
nw_retrain_0110_none_easy_seed20261624,1501,82f2fe976b6df642,high25,4,25.42608303324595,easy,high25
nw_retrain_0292_approximately_parallel_easy_seed20279460,4420,a430aba3d95deba1,high25,6,31.246249435292214,easy,high25|sens10
nw_retrain_0270_approximately_parallel_easy_seed20277435,4389,c26fe2025fffe091,high25,4,11.028923135481188,easy,high25|sens10
nw_retrain_0103_approximately_parallel_easy_seed20260938,1321,f323f3b1eecd190b,high25,2,4.326334497845965,easy,high25
nw_retrain_0110_none_easy_seed20261624,1445,18e4428d70938a7f,high25,3,3.181493352948512,easy,high25
nw_retrain_0581_converging_hard_seed22085689,9371,09be3ff0d0bf7a10,high25,4,4.136426239973802,hard,high25|sens10
nw_retrain_0258_approximately_parallel_easy_seed20276128,4205,5284f91de3741685,high25,3,38.36860551945997,easy,high25|sens10
nw_retrain_0258_approximately_parallel_easy_seed20276128,4196,788c89c70639a76b,high25,4,54.17465311474546,easy,high25|sens10
nw_dual_val_060,14372,641bf79edfc930f1,high25,4,7.506107487780573,near-boundary,high25
nw_dual_val_058,14181,3f48b8a8d77b9100,high25,4,2.2970404264903546,moderate,high25
nw_retrain_0191_approximately_parallel_easy_seed20269562,3289,2080ea7ba902c48c,high25,2,3.105989952772392,easy,high25|sens10
nw_dual_val_059,14259,460d7b7968be68e1,high25,1,100.72428974119369,hard,high25
nw_retrain_0270_approximately_parallel_easy_seed20277435,4314,6e475074b58fb391,high25,2,43.379691241110194,easy,high25|sens10
nw_retrain_0250_vertically_overlapping_hard_seed20275475,4012,cd95853af4e96cc4,high25,5,27.519226264644992,hard,high25
nw_retrain_0250_vertically_overlapping_hard_seed20275475,4088,a19602177b49ea68,high25,1,2.231345307132126,hard,high25|sens10
nw_retrain_0600_converging_easy_seed22087551,9517,00dcec78234d982b,high25,5,5.475971951192998,easy,high25|sens10
nw_retrain_0191_approximately_parallel_easy_seed20269562,3200,f9a446006212bf06,high25,6,95.42085371282658,easy,high25|sens10
nw_retrain_0600_converging_easy_seed22087551,9551,0cf21026673b1ff0,high25,2,15.330082519275347,easy,high25|sens10
nw_retrain_0453_converging_hard_seed20295238,7436,9b0bfcc2c987bc17,high25,5,139.2339471856585,hard,high25|sens10
nw_retrain_0426_vertically_overlapping_hard_seed20292592,6942,5716e9fc478fcd8a,high25,2,1.4743398051684171,hard,high25|sens10
nw_retrain_0214_vertically_overlapping_easy_seed20271816,3512,2ae8673f86c06584,high25,4,126.16183645228438,easy,high25|sens10
nw_retrain_0214_vertically_overlapping_easy_seed20271816,3568,80b449c8c100dd6f,high25,1,3.735698452798309,easy,high25
nw_retrain_0453_converging_hard_seed20295238,7472,c599acb67b7fac01,high25,2,225.4222403519607,hard,high25|sens10
nw_retrain_0471_none_easy_seed20297002,7853,c9e00ccc72778a3f,high25,3,216.32255976403684,easy,high25|sens10
nw_retrain_0182_crossing_moderate_seed20268680,2929,1d5ca008c82716eb,high25,3,197.97623540305247,moderate,high25
nw_retrain_0471_none_easy_seed20297002,7837,e962291922612d2a,high25,6,275.8776223717831,easy,high25|sens10
nw_retrain_0121_vertically_overlapping_moderate_seed20262702,1601,79e93a12e4a6e99d,high25,2,29.37171783180569,moderate,high25
nw_retrain_0121_vertically_overlapping_moderate_seed20262702,1660,fcf22bed69c3b781,high25,4,6.6281173184111575,moderate,high25
nw_retrain_0187_vertically_overlapping_easy_seed20269170,3052,e2da8cbd3a3a2989,high25,6,512.765436921931,easy,high25|sens10
nw_retrain_0547_approximately_parallel_moderate_seed22082619,9016,ef592433065a198f,high25,6,5.093346922160078,moderate,high25|sens10
nw_retrain_0426_vertically_overlapping_hard_seed20292592,6899,200cf0a96b98b27e,high25,5,328.5917155712069,hard,high25|sens10
nw_retrain_0446_none_easy_seed20294552,7427,f447c227d342241f,high25,3,4.625199900980207,easy,high25|sens10
nw_retrain_0143_none_easy_seed20264858,1984,d481acd0ff1335ae,high25,3,706.5721258162786,easy,high25|sens10
nw_retrain_0472_vertically_overlapping_moderate_seed20297231,7943,5617d64d0ac60e75,high25,5,1817.5263894389616,moderate,high25
nw_retrain_0143_none_easy_seed20264858,2006,623f121f3eca26ca,high25,4,511.1087834574933,easy,high25|sens10
nw_retrain_0541_crossing_hard_seed22081769,8836,625624b660283feb,high25,3,362.0623790128982,hard,high25|sens10
nw_retrain_0493_approximately_parallel_easy_seed20299158,8349,bbb6a5dfea1c06e3,high25,4,2414.852301564788,easy,high25|sens10
nw_retrain_0248_vertically_overlapping_easy_seed20275410,3976,16835c63845fec50,high25,4,889.6460163695963,easy,high25|sens10
nw_retrain_0487_converging_easy_seed20298701,8297,f96abb4c229c3073,high25,3,22.48365187809509,easy,high25|sens10
nw_retrain_0179_none_easy_seed20268517,2710,e3fcecd764414b2a,high25,6,2194.4303062914764,easy,high25|sens10
nw_retrain_0185_none_easy_seed20268974,3017,9297edd3ae953dcf,high25,1,662.3570628936131,easy,high25|sens10
nw_retrain_0420_converging_moderate_seed20292004,6812,a8f26ebe5a3cf853,high25,5,644.4482929282295,moderate,high25|sens10
nw_retrain_0309_none_easy_seed20281257,4570,c64635d963839731,high25,6,1519.6536369801722,easy,high25|sens10
nw_retrain_0437_none_easy_seed20293670,7214,b4666aac86cb9b27,high25,4,809.9695175778563,easy,high25|sens10
nw_retrain_0596_approximately_parallel_hard_seed22087028,9465,663822f6914444a6,high25,5,667.0598341030632,hard,high25|sens10
nw_retrain_0332_crossing_moderate_seed20283380,5169,222d2ff89994cb91,high25,1,956.6211037909044,moderate,high25|sens10
nw_retrain_0187_vertically_overlapping_easy_seed20269170,3056,ec8d6cce2a1902ab,high25,2,14.767602410658135,easy,high25
nw_retrain_0344_converging_easy_seed20284556,5353,da1ad810def2de15,high25,2,772.8484753193208,easy,high25|sens10
nw_retrain_0596_approximately_parallel_hard_seed22087028,9501,5c66ff1734f80e1f,high25,3,734.7769098492339,hard,high25
nw_retrain_0420_converging_moderate_seed20292004,6811,e510f81256385121,high25,2,8.251393054648164,moderate,high25
nw_retrain_0487_converging_easy_seed20298701,8292,39dfc0f9ca06bd4c,high25,5,863.8147131695512,easy,high25|sens10
nw_retrain_0405_vertically_overlapping_hard_seed20290534,6362,f3a6c73b646819f5,high25,4,787.4217661984915,hard,high25
nw_retrain_0500_crossing_easy_seed20299975,8552,a181f6f715b68d81,high25,3,763.6581638259387,easy,high25|sens10
nw_retrain_0344_converging_easy_seed20284556,5326,c7abf2ce29a4b86e,high25,5,827.8926587849467,easy,high25|sens10
nw_retrain_0505_crossing_easy_seed22078110,8565,798330d61fc8d280,high25,5,976.647413459669,easy,high25|sens10
nw_retrain_0562_crossing_moderate_seed22083696,9167,4b7ea55a3bc4d2c1,high25,1,955.5912941873228,moderate,high25
nw_retrain_0326_converging_hard_seed20282923,5031,786d12370dd9f3c8,high25,5,2488.373900923505,hard,high25|sens10
nw_retrain_0505_crossing_easy_seed22078110,8633,1b7fb224885208be,high25,1,1193.1541051543709,easy,high25|sens10
nw_retrain_0415_approximately_parallel_easy_seed20291645,6659,fb3429a8c6905aa9,high25,4,2417.4501957190137,easy,high25|sens10
nw_retrain_0468_converging_moderate_seed20296839,7792,87279ee188d7a871,high25,3,34.690050041287115,moderate,high25|sens10
nw_retrain_0171_crossing_easy_seed20267864,2660,f130150288bedac0,high25,3,2220.4866279370044,easy,high25|sens10
nw_retrain_0546_none_easy_seed22082128,8870,6672b8bde3062c44,high25,4,3756.3378956771658,easy,high25|sens10
nw_retrain_0546_none_easy_seed22082128,8965,89b4ec2ec94b6fbe,high25,3,966.5694773846044,easy,high25|sens10
nw_retrain_0445_none_easy_seed20294454,7279,9313f89c7885f356,high25,3,3503.4488742618555,easy,high25
nw_retrain_0436_none_easy_seed20293834,7148,febe99dab570e3d6,high25,3,7.277254485873683,easy,high25|sens10
nw_retrain_0404_none_easy_seed20290436,6229,9c64f3dfa1e952d8,high25,1,1377.829306274612,easy,high25|sens10
nw_retrain_0141_crossing_easy_seed20264924,1934,406bd6b49cf161d3,high25,2,81.78423270698005,easy,high25
nw_retrain_0175_vertically_overlapping_easy_seed20267994,2680,0719c5caa063d069,high25,1,1125.7784477224272,easy,high25|sens10
nw_retrain_0014_vertically_overlapping_hard_seed20252216,186,a051ffcfe50a7476,high25,6,1932.573419806969,hard,high25
nw_retrain_0332_crossing_moderate_seed20283380,5121,41bb9e3850e791f0,high25,4,1277.6598516241424,moderate,high25|sens10
nw_retrain_0134_crossing_moderate_seed20264107,1846,46432a96f014aeb8,high25,2,2930.069110692176,moderate,high25
nw_retrain_0014_vertically_overlapping_hard_seed20252216,197,bb9cd04bc25aada0,high25,1,3989.463977978328,hard,high25
nw_retrain_0017_approximately_parallel_moderate_seed20252641,313,da934c49f54fc714,high25,5,2686.9890335120303,moderate,high25
nw_retrain_0091_approximately_parallel_moderate_seed20259762,1062,a94ce4bc829be4ce,high25,5,2071.9906185991163,moderate,high25
nw_retrain_0436_none_easy_seed20293834,7114,6a940a8071a1a022,high25,4,534.249682315114,easy,high25|sens10
nw_retrain_0017_approximately_parallel_moderate_seed20252641,338,f3efa1f5256baea6,high25,2,2498.744068996999,moderate,high25
nw_retrain_0061_vertically_overlapping_moderate_seed20257346,598,48dbfd2198b881b6,high25,2,2693.0349160123865,moderate,high25
nw_retrain_0091_approximately_parallel_moderate_seed20259762,1065,9294450065d0949b,high25,3,19.712307045096825,moderate,high25
nw_retrain_0384_approximately_parallel_moderate_seed20288738,5886,ef319601cdf9c2f2,high25,4,2538.722442339644,moderate,high25
nw_retrain_0321_crossing_easy_seed20282302,4854,716d6f10a3511f71,high25,3,8.858302787631983,easy,high25|sens10
nw_retrain_0016_vertically_overlapping_easy_seed20252543,271,c9ee92001185da84,high25,3,1922.4304587515564,easy,high25
nw_retrain_0161_none_easy_seed20266753,2437,d3cd72a19f82d623,high25,3,3.953242247378877,easy,high25
nw_retrain_0204_converging_hard_seed20270836,3441,ad3848c855142117,high25,4,1678.9979283380817,hard,high25|sens10
nw_retrain_0161_none_easy_seed20266753,2444,4085075eba4080fb,high25,6,2200.8839356217386,easy,high25|sens10
nw_retrain_0516_none_easy_seed22079712,8636,2a0e3946651e5cd2,high25,5,126.62684675385508,easy,high25|sens10
nw_retrain_0016_vertically_overlapping_easy_seed20252543,246,c69299a5ebff1e88,high25,5,2618.8750826727864,easy,high25
nw_retrain_0405_vertically_overlapping_hard_seed20290534,6348,bb30eda3314d7fc9,high25,2,2091.4411258762093,hard,high25|sens10
nw_retrain_0119_converging_moderate_seed20262637,1526,27933d2b5a5c9a72,high25,6,1877.7898790643137,moderate,high25
nw_retrain_0459_vertically_overlapping_moderate_seed20296088,7656,dd1c8a7d71349743,high25,5,152.8058458920184,moderate,high25|sens10
nw_retrain_0493_approximately_parallel_easy_seed20299158,8302,0d243af45a2609f7,high25,2,2400.5205939628786,easy,high25|sens10
nw_retrain_0077_none_easy_seed20258521,736,89b9566d266fcf9b,high25,2,1744.1559265848043,easy,high25
nw_retrain_0472_vertically_overlapping_moderate_seed20297231,7945,6f8b5ee2f5c04544,high25,2,22.3323589800694,moderate,high25|sens10
nw_retrain_0409_vertically_overlapping_easy_seed20291319,6503,30c0149d7ab3d1e0,high25,4,2319.8702544017733,easy,high25|sens10
nw_retrain_0099_vertically_overlapping_easy_seed20260677,1191,b7ae40997d278b7e,high25,4,4881.2925142503145,easy,high25
nw_retrain_0243_converging_hard_seed20274789,3884,94e6069403334e0e,high25,4,59.87455771024178,hard,high25|sens10
nw_retrain_0365_none_easy_seed20286614,5604,eb1cd1a502472920,high25,4,8.741633394538013,easy,high25|sens10
nw_retrain_0006_none_easy_seed20251432,17,cdaa2727cbe28d1f,high25,2,5585.502724970488,easy,high25
nw_retrain_0006_none_easy_seed20251432,81,53e7cd301243ddcb,high25,4,2136.493461061321,easy,high25
nw_retrain_0322_converging_moderate_seed20282662,4961,c4824f8733dfaf74,high25,2,5219.478161372961,moderate,high25
nw_retrain_0566_vertically_overlapping_moderate_seed22084088,9277,0d3a99fdbbcc5e44,high25,3,50.7076445811211,moderate,high25|sens10
nw_retrain_0516_none_easy_seed22079712,8705,954a6b8ee9e8cd07,high25,3,2357.461760242192,easy,high25|sens10
nw_retrain_0266_none_easy_seed20276912,4272,da96fbb48c489337,high25,4,5253.729451248799,easy,high25|sens10
nw_retrain_0416_approximately_parallel_easy_seed20291743,6757,6d4c28979eeb7b06,high25,6,757.199744079016,easy,high25|sens10
nw_retrain_0233_converging_hard_seed20273809,3746,954f1f020d49b2af,high25,5,3673.328019546776,hard,high25|sens10
nw_retrain_0432_converging_moderate_seed20293311,7028,6982f8da5f266111,high25,4,6106.98471389869,moderate,high25
nw_retrain_0089_none_easy_seed20259828,946,6ae5f76a4d9163d7,high25,5,1011.8103256234148,easy,high25
nw_retrain_0077_none_easy_seed20258521,782,2f0092a1b1120e84,high25,4,8.372377421399342,easy,high25
nw_retrain_0158_vertically_overlapping_easy_seed20266328,2346,372f2918007000d9,high25,3,3698.249310309292,easy,high25|sens10
nw_retrain_0459_vertically_overlapping_moderate_seed20296088,7601,f6184da583af9dde,high25,3,343.8332013184611,moderate,high25|sens10
nw_retrain_0416_approximately_parallel_easy_seed20291743,6789,aabc8136f7b20d79,high25,1,2130.001126980337,easy,high25|sens10
nw_retrain_0089_none_easy_seed20259828,1006,8d5fca303bba0414,high25,2,2206.5682257069525,easy,high25
nw_retrain_0099_vertically_overlapping_easy_seed20260677,1248,d7af8bb6869470af,high25,1,1185.3671430785264,easy,high25
nw_retrain_0151_approximately_parallel_moderate_seed20265773,2198,be227bc3ad19d427,high25,3,2679.457193086132,moderate,high25|sens10
nw_retrain_0413_vertically_overlapping_easy_seed20291842,6571,d540af6c1a4c8f5f,high25,3,305.34462831878574,easy,high25|sens10
nw_retrain_0314_vertically_overlapping_moderate_seed20281747,4715,f4cf58a04e38ab00,high25,5,10298.056900375375,moderate,high25|sens10
nw_retrain_0119_converging_moderate_seed20262637,1556,af5da15b1c3ab037,high25,1,2201.1609632188133,moderate,high25
nw_retrain_0570_crossing_easy_seed22084742,9294,ecf74989133b5096,high25,4,3866.128296957625,easy,high25|sens10
nw_retrain_0068_crossing_easy_seed20257639,665,2f9caa5a916a05a1,high25,3,2993.6030907721606,easy,high25
nw_retrain_0095_crossing_easy_seed20260285,1148,af2bd0b136fdc07c,high25,5,3174.4401475077543,easy,high25
nw_retrain_0473_converging_moderate_seed20297198,8072,55016b190083f782,high25,1,2349.516017284025,moderate,high25|sens10
nw_retrain_0224_crossing_easy_seed20273058,3761,336556c3a4eb2898,high25,1,2298.071689280501,easy,high25
nw_retrain_0389_vertically_overlapping_easy_seed20289228,6141,a637da17c5dce228,high25,3,5895.214757527112,easy,high25|sens10
nw_retrain_0408_crossing_easy_seed20291090,6402,d3f3df509435dd86,high25,1,2368.688780786093,easy,high25|sens10
nw_retrain_0380_none_easy_seed20288346,5777,234c0458cf3879f4,high25,2,2894.076911060973,easy,high25|sens10
nw_retrain_0437_none_easy_seed20293670,7203,3b0b7e1f744d134d,high25,1,199.04426147905747,easy,high25|sens10
nw_retrain_0024_converging_hard_seed20253196,529,aa8551c22373a827,high25,2,4823.144530695763,hard,high25
nw_retrain_0309_none_easy_seed20281257,4593,18240b7a8078ff85,high25,2,318.94980982003426,easy,high25
nw_retrain_0432_converging_moderate_seed20293311,7103,b0c1710ee4a3f896,high25,1,8432.176902866797,moderate,high25|sens10
nw_retrain_0392_approximately_parallel_moderate_seed20289260,6192,959827a4c3b5cae6,high25,3,646.7100193638794,moderate,high25
nw_retrain_0310_approximately_parallel_moderate_seed20281224,4728,35859cf87d558e58,high25,5,2916.6963390024766,moderate,high25|sens10
nw_retrain_0204_converging_hard_seed20270836,3482,3073040c44fa6596,high25,1,2525.716238225064,hard,high25|sens10
nw_retrain_0322_converging_moderate_seed20282662,4924,1bd590bba536e199,high25,4,516.9020256410882,moderate,high25|sens10
nw_retrain_0233_converging_hard_seed20273809,3832,59f10099c66f79ff,high25,1,9672.50267011287,hard,high25
nw_retrain_0141_crossing_easy_seed20264924,1923,89bfc3cf4bf9efdf,high25,6,1211.035877732117,easy,high25|sens10
nw_retrain_0296_converging_moderate_seed20279983,4477,023ce3af1aca069c,high25,6,5108.337200629869,moderate,high25
nw_retrain_0203_converging_moderate_seed20270869,3416,84088192758f1684,high25,3,7373.379577080293,moderate,high25|sens10
nw_retrain_0479_converging_easy_seed20297786,8098,1f5b84401a5c59ff,high25,6,3092.0485836752387,easy,high25|sens10
nw_retrain_0553_none_easy_seed22082814,9090,a2b781efd312c543,high25,3,2293.428390389986,easy,high25|sens10
nw_retrain_0495_vertically_overlapping_moderate_seed20299354,8507,ba4577250ca81970,high25,2,110.6059116766192,moderate,high25
nw_retrain_0133_vertically_overlapping_moderate_seed20264009,1806,1e6972aeab7aef70,high25,5,2845.5907471217824,moderate,high25
nw_retrain_0266_none_easy_seed20276912,4344,80870c8199159ad7,high25,3,2821.843091482757,easy,high25
nw_retrain_0061_vertically_overlapping_moderate_seed20257346,570,c981332ba6853e8e,high25,4,598.2193419172593,moderate,high25
nw_retrain_0095_crossing_easy_seed20260285,1143,8dfcbfd28d246fc9,high25,3,2743.178251629647,easy,high25
nw_retrain_0413_vertically_overlapping_easy_seed20291842,6566,906e052370845764,high25,4,5891.295543473097,easy,high25|sens10
nw_retrain_0562_crossing_moderate_seed22083696,9100,c8c9829ed9719aaa,high25,4,2950.785950634064,moderate,high25|sens10
nw_retrain_0156_crossing_easy_seed20266132,2276,c49ac7f1d7f9ebbc,high25,3,5326.370862636737,easy,high25|sens10
nw_retrain_0570_crossing_easy_seed22084742,9320,ac540d3dc666c657,high25,2,2867.7507273203664,easy,high25|sens10
nw_retrain_0254_none_easy_seed20275736,4118,346d73f39ab43f24,high25,3,463.8458165652193,easy,high25|sens10
nw_retrain_0369_crossing_easy_seed20287006,5732,fff3149294042b2f,high25,4,2069.470609622408,easy,high25|sens10
nw_retrain_0156_crossing_easy_seed20266132,2292,88ef105dfb790209,high25,5,3187.5326984065987,easy,high25|sens10
nw_retrain_0479_converging_easy_seed20297786,8201,c810a300125ea818,high25,2,2706.1577542268424,easy,high25|sens10
nw_retrain_0384_approximately_parallel_moderate_seed20288738,5849,3496a93ea6af7740,high25,3,2928.815607593206,moderate,high25
nw_retrain_0465_vertically_overlapping_hard_seed20296545,7703,7d670d26cbe76c41,high25,2,6356.505896504506,hard,high25|sens10
nw_retrain_0221_converging_moderate_seed20272633,3618,53d5633772459377,high25,5,6496.972487499671,moderate,high25|sens10
nw_retrain_0010_crossing_moderate_seed20251824,129,6a7bf766b10b5a77,high25,1,11747.394851239318,moderate,high25
nw_retrain_0310_approximately_parallel_moderate_seed20281224,4698,57b6bb15592ed347,high25,1,60.90421998349025,moderate,high25|sens10
nw_retrain_0523_converging_easy_seed22079874,8780,248e4268de816bcf,high25,5,1305.8938422516085,easy,high25|sens10
nw_retrain_0323_converging_moderate_seed20282498,5006,9e017aa85a23a0c8,high25,2,3094.430514657981,moderate,high25|sens10
nw_retrain_0150_crossing_easy_seed20265675,2102,e5fd23b416176ca0,high25,2,3109.0550768630683,easy,high25
nw_retrain_0346_vertically_overlapping_moderate_seed20285014,5484,bad6cdf47f5a9f63,high25,1,3286.2870733634327,moderate,high25|sens10
nw_retrain_0109_vertically_overlapping_easy_seed20261526,1350,96f792dcc20b7e49,high25,5,12746.195503509683,easy,high25
nw_retrain_0190_none_easy_seed20269464,3133,a3d0f667cf415af7,high25,4,9577.009200503951,easy,high25
nw_retrain_0455_converging_easy_seed20295434,7644,4601e79bf6ca2d7f,high25,1,1278.1372580344694,easy,high25|sens10
nw_retrain_0431_none_easy_seed20293082,7050,709b76f9fa6b7062,high25,4,1912.316942951113,easy,high25
nw_retrain_0365_none_easy_seed20286614,5653,7f4f07f3a093e57b,high25,1,115.83093414579363,easy,high25|sens10
nw_retrain_0486_none_easy_seed20298603,8232,b2dc97d890289d20,high25,1,215.9282580032923,easy,high25|sens10
nw_retrain_0363_vertically_overlapping_hard_seed20286418,5533,0403a4321c7d1c19,high25,3,9938.631865803003,hard,high25|sens10
nw_retrain_0133_vertically_overlapping_moderate_seed20264009,1785,26ae98153ea51402,high25,3,10055.32950241004,moderate,high25
nw_retrain_0465_vertically_overlapping_hard_seed20296545,7704,6b2ad76f46c27e92,high25,5,3112.199254653266,hard,high25|sens10
nw_retrain_0068_crossing_easy_seed20257639,634,b43896af407e9f3f,high25,4,8533.941447630448,easy,high25
nw_retrain_0122_vertically_overlapping_easy_seed20262800,1710,af418bc1ae9a82b5,high25,3,7209.331652683838,easy,high25
nw_retrain_0224_crossing_easy_seed20273058,3699,6953874c08230820,high25,5,1291.880172194407,easy,high25|sens10
nw_retrain_0386_none_easy_seed20288803,6094,2bbd14926cb261be,high25,2,102.61251245964029,easy,high25
nw_retrain_0181_converging_easy_seed20268582,2833,04bcb4f29fd69e80,high25,1,12987.134425177896,easy,high25
nw_retrain_0553_none_easy_seed22082814,9080,645100c7d883a075,high25,4,9641.605601444073,easy,high25
nw_retrain_0024_converging_hard_seed20253196,503,f3bae78205d2f13e,high25,5,938.138413295732,hard,high25
nw_retrain_0369_crossing_easy_seed20287006,5714,6a6f83852e071778,high25,2,5162.564468839218,easy,high25|sens10
nw_retrain_0431_none_easy_seed20293082,6989,2a32fb5d4469d7e7,high25,2,1125.3314712588303,easy,high25
nw_retrain_0486_none_easy_seed20298603,8198,c19517cd1c028947,high25,4,8638.094925682031,easy,high25|sens10
nw_retrain_0473_converging_moderate_seed20297198,7993,fde3190a1f698a5e,high25,5,3818.081364319743,moderate,high25|sens10
nw_retrain_0175_vertically_overlapping_easy_seed20267994,2630,c07031cf0eb421ec,high25,4,3877.45091799684,easy,high25
nw_retrain_0523_converging_easy_seed22079874,8752,35c22ab0623731e9,high25,1,4451.283536049849,easy,high25|sens10
nw_retrain_0385_crossing_hard_seed20288574,5929,35411dae89adeb0e,high25,2,7366.454029538834,hard,high25
nw_retrain_0010_crossing_moderate_seed20251824,93,e3154a47a2f2585e,high25,4,4168.7244595178745,moderate,high25
nw_retrain_0455_converging_easy_seed20295434,7549,0e68c63d931451c6,high25,4,23.173022021846627,easy,high25|sens10
nw_retrain_0363_vertically_overlapping_hard_seed20286418,5564,65179c068de0aa2d,high25,4,1368.3878553855538,hard,high25|sens10
nw_retrain_0109_vertically_overlapping_easy_seed20261526,1425,31358164775f67e7,high25,3,7558.681456668141,easy,high25
nw_retrain_0167_approximately_parallel_easy_seed20267472,2554,721035e193726d54,high25,3,5051.520582811877,easy,high25|sens10
nw_retrain_0122_vertically_overlapping_easy_seed20262800,1717,2fcfcc73922f0ed3,high25,4,6608.107590654648,easy,high25
nw_retrain_0385_crossing_hard_seed20288574,5950,aebe8da0ceaf97f8,high25,4,12576.039574324815,hard,high25
nw_retrain_0086_vertically_overlapping_hard_seed20259272,938,8e5830a70b1cbaf2,high25,2,5882.187430545674,hard,high25
nw_retrain_0254_none_easy_seed20275736,4084,c0ae9abd225700a9,high25,4,2617.674922342996,easy,high25|sens10
nw_retrain_0192_crossing_moderate_seed20269660,3280,e06f73d06b82e141,high25,5,6858.672374915408,moderate,high25|sens10
nw_retrain_0192_crossing_moderate_seed20269660,3337,256a2b6209da657a,high25,2,10582.513335707734,moderate,high25|sens10
nw_retrain_0243_converging_hard_seed20274789,3893,32c0d97d7d8f63dd,high25,2,8731.379075387158,hard,high25|sens10
nw_retrain_0203_converging_moderate_seed20270869,3354,3c201278169e3bb3,high25,5,1597.5473119020808,moderate,high25
nw_retrain_0359_vertically_overlapping_moderate_seed20286026,5461,150bb7f41bdd8cfc,high25,1,9736.708903921572,moderate,high25
nw_retrain_0181_converging_easy_seed20268582,2861,3b036d86504feb06,high25,4,11769.24559840644,easy,high25|sens10
nw_retrain_0363_vertically_overlapping_hard_seed20286418,5552,b58620d35cad46c4,low25,5,146.9901682044753,hard,low25
nw_retrain_0547_approximately_parallel_moderate_seed22082619,9024,fe557e1dfba0e731,low25,2,3.2799032996538995,moderate,low25
nw_retrain_0141_crossing_easy_seed20264924,1952,4f064d5aa2d907a7,low25,4,4181.800360560305,easy,low25
nw_retrain_0426_vertically_overlapping_hard_seed20292592,6892,a5cb4c7c1f3deb12,low25,5,25.94349517651285,hard,low25
nw_retrain_0266_none_easy_seed20276912,4276,80c4fea819cf04aa,low25,5,7030.861177743296,easy,low25
nw_retrain_0122_vertically_overlapping_easy_seed20262800,1700,0391f080c0400bfc,low25,6,68.83634358733197,easy,low25
nw_retrain_0581_converging_hard_seed22085689,9372,5a9f3ab26537b70e,low25,6,16.93472842909187,hard,low25
nw_retrain_0182_crossing_moderate_seed20268680,2932,420789159526090a,low25,6,36.41079992981488,moderate,low25
nw_retrain_0296_converging_moderate_seed20279983,4500,10f09a5376e06aa2,low25,2,4740.828063550128,moderate,low25
nw_retrain_0292_approximately_parallel_easy_seed20279460,4406,b7fc90750200545a,low25,6,12.434848715821438,easy,low25
nw_retrain_0408_crossing_easy_seed20291090,6436,e47fba14103ac98e,low25,4,3971.187223495304,easy,low25
nw_retrain_0405_vertically_overlapping_hard_seed20290534,6344,67c5855c4bc03927,low25,5,64.76107409682304,hard,low25
nw_retrain_0541_crossing_hard_seed22081769,8822,3d802fcdc97a6953,low25,1,6.0599758132106105,hard,low25
nw_retrain_0270_approximately_parallel_easy_seed20277435,4321,2b39b776d035f3dc,low25,6,6.303701676812628,easy,low25
nw_retrain_0258_approximately_parallel_easy_seed20276128,4208,c94293ab3280ce88,low25,3,23.264614739802266,easy,low25
nw_retrain_0479_converging_easy_seed20297786,8125,2f649a67f6732ce6,low25,2,5183.977924287978,easy,low25
nw_retrain_0322_converging_moderate_seed20282662,4944,a5affe837daa4878,low25,2,7815.2214693812275,moderate,low25
nw_retrain_0296_converging_moderate_seed20279983,4544,176c3c83d7f2d80b,low25,5,7.149216676217294,moderate,low25
nw_retrain_0190_none_easy_seed20269464,3129,632cafa4aa00ae6c,low25,4,8734.190225765224,easy,low25
nw_retrain_0156_crossing_easy_seed20266132,2252,6ed47c97966d5506,low25,6,218.9176444136101,easy,low25
nw_retrain_0516_none_easy_seed22079712,8692,ae5d7de2059d1395,low25,6,3917.356975622412,easy,low25
nw_retrain_0346_vertically_overlapping_moderate_seed20285014,5365,010bf96886708af2,low25,5,2.376768846815728,moderate,low25
nw_retrain_0566_vertically_overlapping_moderate_seed22084088,9236,1162380d0eaaeeae,low25,4,6069.215499111565,moderate,low25
nw_retrain_0471_none_easy_seed20297002,7857,398c3b74deb8680c,low25,5,823.6277645578336,easy,low25
nw_retrain_0495_vertically_overlapping_moderate_seed20299354,8397,1512cc03444da244,low25,6,11583.46744616206,moderate,low25
nw_retrain_0292_approximately_parallel_easy_seed20279460,4424,8f8c9247194625ef,low25,3,9.454959118615957,easy,low25
nw_retrain_0437_none_easy_seed20293670,7249,a169785e6cfabe9f,low25,6,122.64402625832768,easy,low25
nw_retrain_0473_converging_moderate_seed20297198,8021,69e465fc3d270ac0,low25,5,7652.073472887624,moderate,low25
nw_retrain_0171_crossing_easy_seed20267864,2581,4b5574ef83a9ae39,low25,6,16.476822373354697,easy,low25
nw_retrain_0248_vertically_overlapping_easy_seed20275410,3968,b1bf4fb77053addb,low25,6,421.8932733284679,easy,low25
nw_retrain_0224_crossing_easy_seed20273058,3694,4691c071209bdb2a,low25,4,10572.624701442028,easy,low25
nw_retrain_0191_approximately_parallel_easy_seed20269562,3220,3f8b79b2a9a3c5df,low25,1,0.8411598639635269,easy,low25
nw_retrain_0431_none_easy_seed20293082,7009,883b5d9de8af5803,low25,5,12330.6959024125,easy,low25
nw_retrain_0409_vertically_overlapping_easy_seed20291319,6546,e605701f8802d5fb,low25,4,52.48523177757295,easy,low25
nw_retrain_0546_none_easy_seed22082128,8913,4720d5018f4efeb2,low25,6,61.46368231622113,easy,low25
nw_retrain_0191_approximately_parallel_easy_seed20269562,3241,89eac38e52dc98ac,low25,6,90.66373165941076,easy,low25
nw_retrain_0547_approximately_parallel_moderate_seed22082619,8952,55a562072c187475,low25,6,10.369731402861971,moderate,low25
nw_retrain_0185_none_easy_seed20268974,2952,bd7ebcdb67615b83,low25,6,116.8392783199485,easy,low25
nw_retrain_0453_converging_hard_seed20295238,7497,7f72d43eb455a018,low25,2,38.863334074071446,hard,low25
nw_retrain_0203_converging_moderate_seed20270869,3398,d0447c33e1f6b40f,low25,1,13454.772161853409,moderate,low25
nw_retrain_0446_none_easy_seed20294552,7349,dc25b47ebd166cd8,low25,5,20.037009091880662,easy,low25
nw_retrain_0365_none_easy_seed20286614,5612,33e06a5d4c2e8715,low25,6,561.2423055215768,easy,low25
nw_retrain_0505_crossing_easy_seed22078110,8588,90b3ca06a28c6e4d,low25,5,26.74855532033677,easy,low25
nw_retrain_0158_vertically_overlapping_easy_seed20266328,2376,6ad46422b394da09,low25,4,209.01794125375667,easy,low25
nw_retrain_0386_none_easy_seed20288803,5990,7ed0ed76e3734736,low25,6,3860.361008352813,easy,low25
nw_retrain_0479_converging_easy_seed20297786,8133,03b5a25ee95e9d1e,low25,6,146.93321038092793,easy,low25
nw_retrain_0486_none_easy_seed20298603,8225,6c8ec7cee42cf88f,low25,4,6174.012681586934,easy,low25
nw_retrain_0243_converging_hard_seed20274789,3824,a31d2217b1e95069,low25,5,209.50092239007168,hard,low25
nw_retrain_0133_vertically_overlapping_moderate_seed20264009,1760,cd21de43e2b75eb1,low25,5,4817.104418812462,moderate,low25
nw_retrain_0436_none_easy_seed20293834,7164,f54ef001f06eb139,low25,6,89.52286801422751,easy,low25
nw_retrain_0426_vertically_overlapping_hard_seed20292592,6878,6fe17a4ce591bb36,low25,2,3.084416627910472,hard,low25
nw_retrain_0258_approximately_parallel_easy_seed20276128,4200,23ca041c18b0f61b,low25,6,44.25762337999517,easy,low25
nw_retrain_0523_converging_easy_seed22079874,8731,f85e0bbf4c3fde5f,low25,3,2.311761746938638,easy,low25
nw_retrain_0415_approximately_parallel_easy_seed20291645,6657,2caaae53afa77c2a,low25,4,2415.8117099468286,easy,low25
nw_retrain_0409_vertically_overlapping_easy_seed20291319,6513,e9e6766bea4feb42,low25,2,4873.091270082653,easy,low25
nw_retrain_0175_vertically_overlapping_easy_seed20267994,2696,e9f8aa0d1c706fa9,low25,6,255.26786085094844,easy,low25
nw_retrain_0150_crossing_easy_seed20265675,2092,900485cd41eb8534,low25,5,35.31130825149804,easy,low25
nw_retrain_0432_converging_moderate_seed20293311,7069,3e4d1e2da11adbcb,low25,2,5.052696734885188,moderate,low25
nw_retrain_0500_crossing_easy_seed20299975,8524,bca70cb06e54c1f5,low25,5,2032.091004226964,easy,low25
nw_retrain_0468_converging_moderate_seed20296839,7780,688ad67bef89946a,low25,3,2226.6980042629143,moderate,low25
nw_retrain_0192_crossing_moderate_seed20269660,3286,cf9fe4065fa650cc,low25,5,1928.306731150165,moderate,low25
nw_retrain_0459_vertically_overlapping_moderate_seed20296088,7624,5528e6e922b97cb5,low25,3,2.0281123974289623,moderate,low25
nw_retrain_0321_crossing_easy_seed20282302,4813,81a4fef32de675b4,low25,6,4.987707004408771,easy,low25
nw_retrain_0468_converging_moderate_seed20296839,7824,28de8edff58481aa,low25,5,3461.401440437556,moderate,low25
nw_retrain_0453_converging_hard_seed20295238,7481,74787c3681201165,low25,6,81.24338945692473,hard,low25
nw_retrain_0455_converging_easy_seed20295434,7564,e405d4456c990eae,low25,5,267.9629939750726,easy,low25
nw_retrain_0493_approximately_parallel_easy_seed20299158,8328,fc9d07ddc26d15fc,low25,6,698.1225671501107,easy,low25
nw_retrain_0553_none_easy_seed22082814,9065,672b44b13adca00e,low25,4,11400.77657635566,easy,low25
nw_retrain_0187_vertically_overlapping_easy_seed20269170,3096,6783fd7f5d59c022,low25,6,653.765717077516,easy,low25
nw_retrain_0432_converging_moderate_seed20293311,7045,f78b9eee2a991642,low25,4,8266.543332131952,moderate,low25
nw_retrain_0134_crossing_moderate_seed20264107,1832,88307f1a29a2861e,low25,2,2444.2655279119035,moderate,low25
nw_retrain_0404_none_easy_seed20290436,6292,127fcdc137445bc4,low25,5,33.67176817509067,easy,low25
nw_retrain_0472_vertically_overlapping_moderate_seed20297231,7937,d1bccd35e7e96adb,low25,6,49.7473790198537,moderate,low25
nw_retrain_0181_converging_easy_seed20268582,2853,dc25e0ec677af082,low25,6,11458.359271122508,easy,low25
nw_retrain_0143_none_easy_seed20264858,1998,c410182ee4aeadb7,low25,6,84.97332609722727,easy,low25
nw_retrain_0214_vertically_overlapping_easy_seed20271816,3574,3a453a02e1bda3f8,low25,6,239.21313952553,easy,low25
nw_retrain_0122_vertically_overlapping_easy_seed20262800,1754,e0c512ea466dcd39,low25,1,22.030403812042856,easy,low25
nw_retrain_0182_crossing_moderate_seed20268680,2918,892e1254e09ce8d5,low25,3,16.361723456309583,moderate,low25
nw_retrain_0203_converging_moderate_seed20270869,3389,6e0f736b61a7ae2b,low25,5,1442.7821491291888,moderate,low25
nw_retrain_0459_vertically_overlapping_moderate_seed20296088,7638,79eeed5d80c66e92,low25,6,4109.1353498815415,moderate,low25
nw_retrain_0233_converging_hard_seed20273809,3812,c0611413c5ef33ca,low25,3,6.462606062904934,hard,low25
nw_retrain_0326_converging_hard_seed20282923,5057,db3a4852dad7b56c,low25,4,3.1721206498953887,hard,low25
nw_retrain_0445_none_easy_seed20294454,7352,dbdbe7bd7d604f45,low25,1,3.78975957366501,easy,low25
nw_retrain_0326_converging_hard_seed20282923,5042,f1a97e29130c1c42,low25,1,3.1342649201826167,hard,low25
nw_retrain_0214_vertically_overlapping_easy_seed20271816,3548,0d3d85306471672a,low25,2,1.5603500048230226,easy,low25
nw_retrain_0523_converging_easy_seed22079874,8757,7f4a0965834f83f5,low25,6,3339.5235420238146,easy,low25
nw_retrain_0121_vertically_overlapping_moderate_seed20262702,1636,ae7393f181307cc2,low25,2,1161.2926977838604,moderate,low25
nw_retrain_0562_crossing_moderate_seed22083696,9131,1710a0473f46924c,low25,2,5.472246565869595,moderate,low25
nw_retrain_0369_crossing_easy_seed20287006,5669,6652a51a59926a47,low25,1,8634.062082015202,easy,low25
nw_retrain_0541_crossing_hard_seed22081769,8853,330d850433cc2790,low25,6,3782.047914181319,hard,low25
nw_retrain_0392_approximately_parallel_moderate_seed20289260,6208,c3664fa6c9330517,low25,4,121.43144730315488,moderate,low25
nw_retrain_0179_none_easy_seed20268517,2724,7bf91053a11432e6,low25,5,249.39166267450992,easy,low25
nw_retrain_0445_none_easy_seed20294454,7316,de9ff45824bf58ed,low25,5,4682.610067926328,easy,low25
nw_retrain_0408_crossing_easy_seed20291090,6434,be505b5b86e01366,low25,2,6.563696231548744,easy,low25
nw_retrain_0495_vertically_overlapping_moderate_seed20299354,8453,e3999d03df85a426,low25,3,10834.345839442902,moderate,low25
nw_retrain_0420_converging_moderate_seed20292004,6792,98f58b7071df2f70,low25,6,3567.649667649423,moderate,low25
nw_retrain_0332_crossing_moderate_seed20283380,5140,af16963619457121,low25,4,48.70656913594514,moderate,low25
nw_retrain_0570_crossing_easy_seed22084742,9286,4c8fa2335fed7b58,low25,4,11121.013603535652,easy,low25
nw_retrain_0404_none_easy_seed20290436,6288,1a437a75e655409b,low25,2,5.197669531133716,easy,low25
nw_retrain_0505_crossing_easy_seed22078110,8568,e46d9797bae62616,low25,1,3270.736265629649,easy,low25
nw_retrain_0175_vertically_overlapping_easy_seed20267994,2666,ef447dae38fc7f86,low25,1,6368.987494502686,easy,low25
nw_retrain_0161_none_easy_seed20266753,2429,6d6636152a4aa633,low25,3,199.91021327152137,easy,low25
nw_retrain_0151_approximately_parallel_moderate_seed20265773,2180,4ec1d7da7e98349b,low25,3,7.779631061020793,moderate,low25
nw_retrain_0369_crossing_easy_seed20287006,5698,4300178c735266d0,low25,5,8771.783391413905,easy,low25
nw_retrain_0250_vertically_overlapping_hard_seed20275475,4020,5d96c8478a1a2fca,low25,5,88.42038828134905,hard,low25
nw_retrain_0121_vertically_overlapping_moderate_seed20262702,1628,b7a290b8fece6aa0,low25,4,2.341122217119079,moderate,low25
nw_retrain_0413_vertically_overlapping_easy_seed20291842,6585,7ab3b110a40b8c73,low25,6,170.32218260935227,easy,low25
nw_retrain_0150_crossing_easy_seed20265675,2112,e7974b23848f2033,low25,2,7.720442287669507,easy,low25
nw_retrain_0431_none_easy_seed20293082,6964,5ae2f2e134f8d1ec,low25,2,8950.262639740053,easy,low25
nw_retrain_0171_crossing_easy_seed20267864,2624,c89eec67ab05a38c,low25,2,4.125453916260579,easy,low25
nw_retrain_0250_vertically_overlapping_hard_seed20275475,4044,bc1e4cb70d92a7f8,low25,3,3.001797647876334,hard,low25
nw_retrain_0415_approximately_parallel_easy_seed20291645,6661,054a2d83e0803c2c,low25,2,3534.8804376640524,easy,low25
nw_retrain_0455_converging_easy_seed20295434,7545,9c373da2d13c7d01,low25,2,9130.56630459119,easy,low25
nw_retrain_0233_converging_hard_seed20273809,3752,a28d4fb4ddc3b367,low25,6,6708.196554020622,hard,low25
nw_retrain_0600_converging_easy_seed22087551,9560,6974d1257036cc32,low25,6,18.37417347959874,easy,low25
nw_retrain_0581_converging_hard_seed22085689,9365,3de07614d012db66,low25,1,2.2084932468132754,hard,low25
nw_retrain_0309_none_easy_seed20281257,4577,e10f9e7e24a61112,low25,2,31.806873697761297,easy,low25
nw_retrain_0341_converging_moderate_seed20284393,5217,9ddc93cdea60c478,low25,3,8185.458321474783,moderate,low25
nw_retrain_0243_converging_hard_seed20274789,3904,5d63ed4f786e1bc5,low25,1,10934.542289260877,hard,low25
nw_retrain_0346_vertically_overlapping_moderate_seed20285014,5382,a8723ebbd5852c33,low25,3,2643.532413444349,moderate,low25
nw_retrain_0254_none_easy_seed20275736,4120,ecc0f49f092c9df0,low25,4,7710.694222811591,easy,low25
nw_retrain_0344_converging_easy_seed20284556,5281,6474939337434dea,low25,2,15.737329271928452,easy,low25
nw_retrain_0133_vertically_overlapping_moderate_seed20264009,1765,809549d05e6f6b93,low25,2,7414.907099829413,moderate,low25
nw_retrain_0314_vertically_overlapping_moderate_seed20281747,4712,eaff423bf461946d,low25,5,10710.769725105609,moderate,low25
nw_retrain_0310_approximately_parallel_moderate_seed20281224,4657,e4fa7231565dc001,low25,5,11617.786540845384,moderate,low25
nw_retrain_0486_none_easy_seed20298603,8195,468ade2e4c6e34e3,low25,1,17.463789600231706,easy,low25
nw_retrain_0472_vertically_overlapping_moderate_seed20297231,7973,7c3ab0e3680ca207,low25,2,1.935824500076745,moderate,low25
nw_retrain_0546_none_easy_seed22082128,8961,bbd9fc1cef44e976,low25,3,2109.773897504131,easy,low25
nw_retrain_0321_crossing_easy_seed20282302,4803,223fba770203f52b,low25,3,6.175926063120144,easy,low25
nw_retrain_0385_crossing_hard_seed20288574,5916,402ccabce4258789,low25,4,11570.237858203596,hard,low25
nw_retrain_0500_crossing_easy_seed20299975,8512,faf53a1a55d07e65,low25,2,9.049089774526305,easy,low25
nw_retrain_0562_crossing_moderate_seed22083696,9144,42b9808631cf244a,low25,6,114.530580069599,moderate,low25
nw_retrain_0446_none_easy_seed20294552,7372,861ea8361ffba051,low25,1,3.140163553739706,easy,low25
nw_retrain_0341_converging_moderate_seed20284393,5256,628de09334b99a04,low25,5,10056.624379515775,moderate,low25
nw_retrain_0181_converging_easy_seed20268582,2856,8d45eef612d8b9c4,low25,2,7.982126118708022,easy,low25
nw_retrain_0359_vertically_overlapping_moderate_seed20286026,5482,38dd98d2bd692051,low25,6,55.57238854636283,moderate,low25
nw_retrain_0254_none_easy_seed20275736,4078,536daa38f8ec3396,low25,3,4.93949143946121,easy,low25
nw_retrain_0600_converging_easy_seed22087551,9594,28ccf7dc3be9cee8,low25,1,6.698237294862392,easy,low25
nw_retrain_0471_none_easy_seed20297002,7898,82b4a0526370a4b9,low25,1,8.138252884675683,easy,low25
nw_retrain_0224_crossing_easy_seed20273058,3685,601e6b8813e6ee0e,low25,2,10702.33450302519,easy,low25
nw_retrain_0389_vertically_overlapping_easy_seed20289228,6110,243d07b0b2061f1d,low25,5,6174.760771588882,easy,low25
nw_retrain_0487_converging_easy_seed20298701,8269,0b713c179c20f79b,low25,1,4.377825074099039,easy,low25
nw_retrain_0385_crossing_hard_seed20288574,5977,bf67c6c57655fa96,low25,3,10.80903854868328,hard,low25
nw_retrain_0143_none_easy_seed20264858,2070,77d708748c9b8e38,low25,3,6.669926333782627,easy,low25
nw_retrain_0416_approximately_parallel_easy_seed20291743,6742,50c587b5ca053dbd,low25,3,9326.388365105597,easy,low25
nw_retrain_0566_vertically_overlapping_moderate_seed22084088,9208,4616983e5ec32c50,low25,1,3.680913894097677,moderate,low25
nw_retrain_0270_approximately_parallel_easy_seed20277435,4365,461536257533d3d3,low25,1,1.8842792315650536,easy,low25
nw_retrain_0332_crossing_moderate_seed20283380,5180,9245d81f53879e56,low25,2,3.762465493477343,moderate,low25
nw_retrain_0473_converging_moderate_seed20297198,8036,65f921781aef5345,low25,1,6.829479705525166,moderate,low25
nw_retrain_0134_crossing_moderate_seed20264107,1885,1ffa64021986f564,low25,6,5041.274347829126,moderate,low25
nw_retrain_0158_vertically_overlapping_easy_seed20266328,2404,e23c1f3b50d514f5,low25,2,32.48761902884481,easy,low25
nw_retrain_0167_approximately_parallel_easy_seed20267472,2500,cf9528cb9d2677c2,low25,4,14182.317912300869,easy,low25
nw_retrain_0493_approximately_parallel_easy_seed20299158,8376,f4c3fc761cbee22d,low25,2,2.158088307798154,easy,low25
nw_retrain_0363_vertically_overlapping_hard_seed20286418,5544,9ee9186ad2ec71e1,low25,2,29.216862241274004,hard,low25
nw_retrain_0323_converging_moderate_seed20282498,4977,14481326b0d4f2df,low25,5,665.6434016513025,moderate,low25
nw_retrain_0596_approximately_parallel_hard_seed22087028,9469,29fc53526c999158,low25,4,2795.535769733576,hard,low25
nw_retrain_0416_approximately_parallel_easy_seed20291743,6748,d6341672a8103b95,low25,5,4.593490015267166,easy,low25
nw_retrain_0487_converging_easy_seed20298701,8228,2342237c2b34b28f,low25,5,974.8573454599816,easy,low25
nw_retrain_0322_converging_moderate_seed20282662,4970,fa7a69cc50ba9432,low25,4,12.44476855879416,moderate,low25
nw_retrain_0386_none_easy_seed20288803,6031,6f10eb442f8809b6,low25,1,9.218135296200042,easy,low25
nw_retrain_0221_converging_moderate_seed20272633,3596,aaf6f839e3b8d4b4,low25,5,89.60335738501033,moderate,low25
nw_retrain_0187_vertically_overlapping_easy_seed20269170,3041,dfa04d7994a27e9a,low25,2,5.752082379225691,easy,low25
nw_retrain_0405_vertically_overlapping_hard_seed20290534,6325,73c1910e65f0b3ca,low25,2,5.529194336983901,hard,low25
nw_retrain_0380_none_easy_seed20288346,5779,a8ef3c42cd78ec31,low25,2,26.34643995438572,easy,low25
nw_retrain_0596_approximately_parallel_hard_seed22087028,9450,29bea56fc4284594,low25,3,17.381038401961955,hard,low25
nw_retrain_0553_none_easy_seed22082814,9112,7da66708bebf7d2c,low25,2,55.798012875037614,easy,low25
nw_retrain_0344_converging_easy_seed20284556,5310,9deec7109258aebd,low25,6,119.70138626124506,easy,low25
nw_retrain_0384_approximately_parallel_moderate_seed20288738,5879,19c87725112f338a,low25,1,58.83742974091477,moderate,low25
nw_retrain_0365_none_easy_seed20286614,5652,c35ab60f83323d15,low25,1,8.861101533138747,easy,low25
nw_retrain_0437_none_easy_seed20293670,7200,305c0976ddafeba5,low25,1,19.322440709521945,easy,low25
nw_retrain_0420_converging_moderate_seed20292004,6804,32262bfa3bf89e96,low25,1,5.285610869924785,moderate,low25
nw_retrain_0436_none_easy_seed20293834,7149,374d1d360c9dd8eb,low25,3,4.927739908999064,easy,low25
nw_retrain_0248_vertically_overlapping_easy_seed20275410,3941,34e5f0fe4c30a276,low25,1,90.3997708721563,easy,low25
nw_retrain_0392_approximately_parallel_moderate_seed20289260,6213,db7444bda983c025,low25,3,16.95270491951731,moderate,low25
nw_retrain_0167_approximately_parallel_easy_seed20267472,2532,87ecb4ae04c254a7,low25,3,13176.845574261177,easy,low25
nw_retrain_0380_none_easy_seed20288346,5753,7e553e1f100ebffd,low25,4,7410.206985630611,easy,low25
nw_retrain_0156_crossing_easy_seed20266132,2282,b5a380466b40fc9a,low25,1,24.29796226606005,easy,low25
nw_retrain_0314_vertically_overlapping_moderate_seed20281747,4732,91338978cd8caaf1,low25,3,10726.525842734834,moderate,low25
nw_retrain_0151_approximately_parallel_moderate_seed20265773,2216,5c6e1f37b00ba4b1,low25,6,1748.2382695006688,moderate,low25
nw_retrain_0185_none_easy_seed20268974,2974,41e13c36af4e92ee,low25,2,654.521348578594,easy,low25
nw_retrain_0516_none_easy_seed22079712,8676,a37ab8bcb539cc8c,low25,2,5237.86633150778,easy,low25
nw_retrain_0192_crossing_moderate_seed20269660,3313,5f8e0a6ba3cbbf49,low25,3,11649.869362395537,moderate,low25
nw_retrain_0221_converging_moderate_seed20272633,3656,1156281e82dc86cc,low25,1,7.664579261816177,moderate,low25
nw_retrain_0309_none_easy_seed20281257,4584,b9e6b4418d6e2af5,low25,6,906.2066763294602,easy,low25
nw_retrain_0465_vertically_overlapping_hard_seed20296545,7748,2ca82db57b4e9ce5,low25,2,68.15030832282994,hard,low25
nw_retrain_0384_approximately_parallel_moderate_seed20288738,5889,149c8756fd139df2,low25,6,292.9902627994219,moderate,low25
nw_retrain_0161_none_easy_seed20266753,2420,9fdd9c047a874071,low25,4,230.0307967918499,easy,low25
nw_retrain_0204_converging_hard_seed20270836,3462,0aaedd8b3be4d569,low25,3,5055.356766047145,hard,low25
nw_retrain_0310_approximately_parallel_moderate_seed20281224,4709,269c325e55d43dd0,low25,1,18.010306111431056,moderate,low25
nw_retrain_0204_converging_hard_seed20270836,3476,b63254fc19940bf3,low25,4,4493.4930605561,hard,low25
nw_retrain_0190_none_easy_seed20269464,3137,8aab4119c2cb5d72,low25,1,9.976327377179636,easy,low25
nw_retrain_0266_none_easy_seed20276912,4328,006492d99b9247a5,low25,3,6.922008403328034,easy,low25
nw_retrain_0413_vertically_overlapping_easy_seed20291842,6617,be2d20ab033a0f73,low25,3,8430.209336428403,easy,low25
nw_retrain_0359_vertically_overlapping_moderate_seed20286026,5488,cad2c0aeeaca0d5d,low25,2,11288.52519467686,moderate,low25
nw_retrain_0141_crossing_easy_seed20264924,1965,db7da9892d3576c0,low25,2,10.141963684096684,easy,low25
nw_retrain_0323_converging_moderate_seed20282498,4981,fc0e2bf9aa8e7d0b,low25,2,7596.402494049407,moderate,low25
nw_retrain_0389_vertically_overlapping_easy_seed20289228,6088,36ba2fba9f65a5e4,low25,1,11279.336779850131,easy,low25
nw_retrain_0570_crossing_easy_seed22084742,9310,3f37beb68c900d8f,low25,1,31.774707499056376,easy,low25
nw_retrain_0179_none_easy_seed20268517,2735,df8d1bd9a0c7befd,low25,1,54.703076786082896,easy,low25
nw_retrain_0465_vertically_overlapping_hard_seed20296545,7680,8faa2bb2547df714,low25,5,7036.25988238862,hard,low25
nw_retrain_0250_vertically_overlapping_hard_seed20275475,4058,959a330d60acda6d,sens10,4,45.46110126703087,hard,sens10
nw_retrain_0472_vertically_overlapping_moderate_seed20297231,7941,3ad19e2f75a837a5,sens10,5,2441.0303875220184,moderate,sens10
nw_retrain_0214_vertically_overlapping_easy_seed20271816,3570,fd0b40572e62f087,sens10,1,776.5177356966379,easy,sens10
nw_retrain_0500_crossing_easy_seed20299975,8534,ce3b6e5c79ee14f5,sens10,4,3.1027999591762088,easy,sens10
nw_retrain_0404_none_easy_seed20290436,6252,b6384d19d27028e1,sens10,4,1063.82008255659,easy,sens10
nw_retrain_0596_approximately_parallel_hard_seed22087028,9496,d8d0ee379b78cc1d,sens10,2,3345.317003553351,hard,sens10
nw_retrain_0445_none_easy_seed20294454,7277,97157f4f43705f2e,sens10,3,3503.077003929796,easy,sens10
nw_retrain_0420_converging_moderate_seed20292004,6829,449bc0b7cfa0b7f2,sens10,2,1695.3217169764462,moderate,sens10
nw_retrain_0322_converging_moderate_seed20282662,4929,418e09253803a19c,sens10,2,2700.6389538691387,moderate,sens10
nw_retrain_0384_approximately_parallel_moderate_seed20288738,5862,d63dc077221c8813,sens10,3,250.5611818384289,moderate,sens10
nw_retrain_0296_converging_moderate_seed20279983,4511,7cefe86003b99e7e,sens10,6,4669.530381901759,moderate,sens10
nw_retrain_0432_converging_moderate_seed20293311,7031,856a6fe8440a3788,sens10,4,6093.587461644735,moderate,sens10
nw_retrain_0309_none_easy_seed20281257,4641,92e56f90c7f757b1,sens10,1,1.8070381994203943,easy,sens10
nw_retrain_0392_approximately_parallel_moderate_seed20289260,6145,ed8da133a827681e,sens10,4,5203.918637407519,moderate,sens10
nw_retrain_0233_converging_hard_seed20273809,3787,c706bcf434ba098a,sens10,2,6211.306243868748,hard,sens10
nw_retrain_0190_none_easy_seed20269464,3143,b66de8ce9d98580e,sens10,4,419.2705232000757,easy,sens10
nw_retrain_0431_none_easy_seed20293082,7010,99d443498818cbfb,sens10,5,12330.170901285814,easy,sens10
nw_retrain_0151_approximately_parallel_moderate_seed20265773,2160,62d7ef7c68e24c6c,sens10,5,3083.58426723237,moderate,sens10
nw_retrain_0181_converging_easy_seed20268582,2860,067f915c46236dda,sens10,4,8630.733674066043,easy,sens10
nw_retrain_0495_vertically_overlapping_moderate_seed20299354,8516,f84e6c9e66469c7d,sens10,2,840.4894365752897,moderate,sens10
nw_retrain_0266_none_easy_seed20276912,4269,aa7eacb256f77145,sens10,3,2309.020718489515,easy,sens10
nw_retrain_0224_crossing_easy_seed20273058,3740,9249ddd5654fb9b6,sens10,3,3343.119521826921,easy,sens10
nw_retrain_0150_crossing_easy_seed20265675,2105,844b76c9a45c49b2,sens10,2,9058.755454016858,easy,sens10
nw_retrain_0296_converging_moderate_seed20279983,4501,4a4fd70448327768,sens10,2,4740.835003929737,moderate,low25|sens10
nw_retrain_0181_converging_easy_seed20268582,2830,4f5e546782f0e80e,sens10,2,9570.73378867379,easy,sens10
nw_retrain_0431_none_easy_seed20293082,6966,d835dc86b0c81dc7,sens10,2,8950.508037809452,easy,low25|sens10
nw_retrain_0385_crossing_hard_seed20288574,5968,3be954870e2203f5,sens10,1,5583.158740058521,hard,sens10
nw_retrain_0386_none_easy_seed20288803,6012,a65e25b319436b02,sens10,3,5025.359575386808,easy,sens10
nw_retrain_0190_none_easy_seed20269464,3189,943bf6c08013a1c4,sens10,3,5579.431778495243,easy,sens10
nw_retrain_0203_converging_moderate_seed20270869,3367,23897352255c1d9c,sens10,5,8241.136116756526,moderate,high25|sens10
nw_retrain_0341_converging_moderate_seed20284393,5268,fd46fd5eb7be0ecb,sens10,1,7465.371286503149,moderate,sens10
nw_retrain_0103_approximately_parallel_easy_seed20260938,1331,8830807e23438c19,high25,6,7.144021936176039,easy,high25
nw_retrain_0292_approximately_parallel_easy_seed20279460,4447,07f2f76053a4f256,high25,3,41.07923818830517,easy,high25|sens10
nw_retrain_0110_none_easy_seed20261624,1503,8a2ebb3c2cf7004b,high25,4,32.60235430327692,easy,high25
nw_retrain_0292_approximately_parallel_easy_seed20279460,4423,a969f245c43a8f13,high25,6,23.232179885878416,easy,high25|sens10
nw_retrain_0270_approximately_parallel_easy_seed20277435,4395,9716ab98c6a01d64,high25,4,19.980596457775857,easy,high25|sens10
nw_retrain_0103_approximately_parallel_easy_seed20260938,1323,b262433f657617e6,high25,2,14.215874235801344,easy,high25
nw_retrain_0110_none_easy_seed20261624,1446,0ffb668a9ca7f24d,high25,3,13.62961325107163,easy,high25
nw_retrain_0581_converging_hard_seed22085689,9414,a324420df82c5e11,high25,4,14.745709179879752,hard,high25|sens10
nw_retrain_0258_approximately_parallel_easy_seed20276128,4206,44503b94bbce83dd,high25,3,26.07588531508205,easy,high25|sens10
nw_retrain_0258_approximately_parallel_easy_seed20276128,4198,eec34aa3eefaa2b6,high25,4,39.99942350907077,easy,high25|sens10
nw_dual_val_060,14394,700bf7bfa66f7741,high25,4,30.26588897677683,near-boundary,high25
nw_dual_val_058,14183,9610d548ddc6c6dd,high25,4,25.62781026229987,moderate,high25
nw_retrain_0191_approximately_parallel_easy_seed20269562,3291,c8153bcea3c7a406,high25,2,30.00264779441992,easy,high25|sens10
nw_dual_val_059,14272,7424fe8071c561fe,high25,1,131.26684552547087,hard,high25
nw_retrain_0270_approximately_parallel_easy_seed20277435,4315,9d3644eafb12056c,high25,2,7.582775111421913,easy,high25|sens10
nw_retrain_0250_vertically_overlapping_hard_seed20275475,4015,0147e0854a749aab,high25,5,66.9543001749972,hard,high25
nw_retrain_0250_vertically_overlapping_hard_seed20275475,4091,14c2e0c17c68e86f,high25,1,43.54588590836436,hard,high25|sens10
nw_retrain_0600_converging_easy_seed22087551,9519,a63b8aa13b2fcfcf,high25,5,51.75138778508378,easy,high25|sens10
nw_retrain_0191_approximately_parallel_easy_seed20269562,3202,9d8a3a2365f5ef3f,high25,6,44.1000411981766,easy,high25|sens10
nw_retrain_0600_converging_easy_seed22087551,9576,2eec092206abbd75,high25,2,103.40023688673902,easy,high25|sens10
nw_retrain_0453_converging_hard_seed20295238,7438,3484e33d30775da4,high25,5,238.89973345036728,hard,high25|sens10
nw_retrain_0426_vertically_overlapping_hard_seed20292592,6948,f4156b9656ffe5a8,high25,2,117.54238529244526,hard,high25|sens10
nw_retrain_0214_vertically_overlapping_easy_seed20271816,3515,1fb18cd9b4004967,high25,4,1.0895938297247914,easy,high25|sens10
nw_retrain_0214_vertically_overlapping_easy_seed20271816,3605,f3bd143928c7e5bc,high25,1,149.67594012018483,easy,high25|sens10
nw_retrain_0453_converging_hard_seed20295238,7498,d8b3d2f6c622c049,high25,2,44.87501549961696,hard,high25|sens10
nw_retrain_0471_none_easy_seed20297002,7855,b2b289e94f65ec32,high25,3,24.28829515596615,easy,high25|sens10
nw_retrain_0182_crossing_moderate_seed20268680,2931,ef29eb5e669d9c5f,high25,3,4.346569143067186,moderate,high25
nw_retrain_0471_none_easy_seed20297002,7838,3cc82dc4577da353,high25,6,75.46141148729635,easy,high25|sens10
nw_retrain_0121_vertically_overlapping_moderate_seed20262702,1602,ad52fd871b87353c,high25,2,233.58666776582635,moderate,high25
nw_retrain_0121_vertically_overlapping_moderate_seed20262702,1661,f2f8f52d4090d014,high25,4,211.00347240394763,moderate,high25
nw_retrain_0187_vertically_overlapping_easy_seed20269170,3053,477926659615bb12,high25,6,307.0847330840382,easy,high25|sens10
nw_retrain_0547_approximately_parallel_moderate_seed22082619,9019,43ebd3cec467db75,high25,6,240.8230279530179,moderate,high25|sens10
nw_retrain_0426_vertically_overlapping_hard_seed20292592,6924,d9584a06e4d1e03c,high25,5,564.4885717712232,hard,high25|sens10
nw_retrain_0446_none_easy_seed20294552,7433,f080661e645b6360,high25,3,399.0245257290834,easy,high25|sens10
nw_retrain_0143_none_easy_seed20264858,1986,dbe93fd500b8c5d2,high25,3,267.66157649300084,easy,high25|sens10
nw_retrain_0472_vertically_overlapping_moderate_seed20297231,7987,504369db41836b04,high25,5,2261.388273891672,moderate,high25
nw_retrain_0143_none_easy_seed20264858,2007,ff4603fe68519981,high25,4,19.57115844179481,easy,high25|sens10
nw_retrain_0541_crossing_hard_seed22081769,8837,8ea912ebd3c9c4f7,high25,3,906.1664361906256,hard,high25|sens10
nw_retrain_0493_approximately_parallel_easy_seed20299158,8350,0a9d91e9dd56cfe5,high25,4,2968.183106293206,easy,high25|sens10
nw_retrain_0248_vertically_overlapping_easy_seed20275410,3979,8a15bfdc9f73c007,high25,4,327.2547541875854,easy,high25|sens10
nw_retrain_0487_converging_easy_seed20298701,8298,0e108cce67c3448c,high25,3,627.1679863192854,easy,high25|sens10
nw_retrain_0179_none_easy_seed20268517,2779,3c11d5294bbf9567,high25,6,1571.4407744796963,easy,high25|sens10
nw_retrain_0185_none_easy_seed20268974,3025,f699c1acb5950d8e,high25,1,33.3346946417069,easy,high25|sens10
nw_retrain_0420_converging_moderate_seed20292004,6814,5216c7b0d1089e91,high25,5,14.861721405699427,moderate,high25|sens10
nw_retrain_0309_none_easy_seed20281257,4586,3626755fb333201c,high25,6,863.0259627798102,easy,high25|sens10
nw_retrain_0437_none_easy_seed20293670,7239,fa39068c5490fa53,high25,4,1470.780186534618,easy,high25|sens10
nw_retrain_0596_approximately_parallel_hard_seed22087028,9475,0a31f2a1bf79754c,high25,5,4.532653181488986,hard,high25|sens10
nw_retrain_0332_crossing_moderate_seed20283380,5175,e7591de682726a09,high25,1,284.45272941074643,moderate,high25|sens10
nw_retrain_0187_vertically_overlapping_easy_seed20269170,3059,05b2d8748e98938e,high25,2,718.7449058345147,easy,high25
nw_retrain_0344_converging_easy_seed20284556,5354,16f97fc32f8b7df7,high25,2,66.94740851081006,easy,high25|sens10
nw_retrain_0596_approximately_parallel_hard_seed22087028,9503,487b7190597fc221,high25,3,25.040329171686263,hard,high25
nw_retrain_0420_converging_moderate_seed20292004,6827,c14e9af731a301ae,high25,2,727.290486312699,moderate,high25
nw_retrain_0487_converging_easy_seed20298701,8309,8c3c0b4c4fcb7f37,high25,5,119.39602173513596,easy,high25|sens10
nw_retrain_0405_vertically_overlapping_hard_seed20290534,6363,01bddd14c3d698a0,high25,4,37.82516308410939,hard,high25
nw_retrain_0500_crossing_easy_seed20299975,8554,81f1b1c6d366e511,high25,3,4.588772867286136,easy,high25|sens10
nw_retrain_0344_converging_easy_seed20284556,5327,a9b059183ad3a5ab,high25,5,52.1150840084438,easy,high25|sens10
nw_retrain_0505_crossing_easy_seed22078110,8567,99411bbcbe8de032,high25,5,1756.294795987371,easy,high25|sens10
nw_retrain_0562_crossing_moderate_seed22083696,9196,ed16bf6afd70c0f7,high25,1,154.1058070264717,moderate,high25
nw_retrain_0326_converging_hard_seed20282923,5062,cb3fe5326dda4edf,high25,5,1663.2720662797124,hard,high25|sens10
nw_retrain_0505_crossing_easy_seed22078110,8634,5a18332242fd322f,high25,1,313.23056219164835,easy,high25|sens10
nw_retrain_0415_approximately_parallel_easy_seed20291645,6667,66d10b992e924d5b,high25,4,1507.1111274396185,easy,high25|sens10
nw_retrain_0468_converging_moderate_seed20296839,7876,e046346065928fbf,high25,3,957.3907916783128,moderate,high25|sens10
nw_retrain_0171_crossing_easy_seed20267864,2663,47e7e0780e19c6f3,high25,3,1266.2914151903076,easy,high25|sens10
nw_retrain_0546_none_easy_seed22082128,8902,5c230513dfdbb702,high25,4,2799.247173276178,easy,high25|sens10
nw_retrain_0546_none_easy_seed22082128,8966,192cfc6f95aef76c,high25,3,4.111980218896663,easy,high25|sens10
nw_retrain_0445_none_easy_seed20294454,7383,d93f3778ab48ad9a,high25,3,2490.47829919226,easy,high25
nw_retrain_0436_none_easy_seed20293834,7231,13c6ff112424bc61,high25,3,1030.4713660798295,easy,high25|sens10
nw_retrain_0404_none_easy_seed20290436,6230,d2c1e2042a4bc868,high25,1,294.52611022409667,easy,high25|sens10
nw_retrain_0141_crossing_easy_seed20264924,1935,362773318bd493c3,high25,2,1201.045971994295,easy,high25
nw_retrain_0175_vertically_overlapping_easy_seed20267994,2682,7e8a5507f755d118,high25,1,2273.142058700824,easy,high25|sens10
nw_retrain_0014_vertically_overlapping_hard_seed20252216,187,3021c5695924393b,high25,6,3083.873892465198,hard,high25
nw_retrain_0332_crossing_moderate_seed20283380,5122,c26289c7aa7ebbc5,high25,4,11.55744674680636,moderate,high25|sens10
nw_retrain_0134_crossing_moderate_seed20264107,1874,2688e024695b1096,high25,2,1663.0754294107871,moderate,high25
nw_retrain_0014_vertically_overlapping_hard_seed20252216,208,7337b65a65b429b7,high25,1,5267.645404308386,hard,high25
nw_retrain_0017_approximately_parallel_moderate_seed20252641,314,376e05286106c74b,high25,5,3975.298568594681,moderate,high25
nw_retrain_0091_approximately_parallel_moderate_seed20259762,1063,109262b096313e8a,high25,5,770.3141751960637,moderate,high25
nw_retrain_0436_none_easy_seed20293834,7115,ed4983d8126f7b9b,high25,4,1842.4200317991551,easy,high25|sens10
nw_retrain_0017_approximately_parallel_moderate_seed20252641,381,d32c4c9bc1342b12,high25,2,3817.270944264988,moderate,high25
nw_retrain_0061_vertically_overlapping_moderate_seed20257346,626,185e5595ddbd93da,high25,2,4024.890437472896,moderate,high25
nw_retrain_0091_approximately_parallel_moderate_seed20259762,1066,fe92d6b48792d933,high25,3,1355.1503712822723,moderate,high25
nw_retrain_0384_approximately_parallel_moderate_seed20288738,5896,50b12a7c2814f4a2,high25,4,3887.177356347708,moderate,high25
nw_retrain_0321_crossing_easy_seed20282302,4873,81f1114be1910ac9,high25,3,1425.4328580124247,easy,high25|sens10
nw_retrain_0016_vertically_overlapping_easy_seed20252543,274,7404123a96c3b7d5,high25,3,486.2018597546568,easy,high25
nw_retrain_0161_none_easy_seed20266753,2443,7ed0e20a22de6b83,high25,3,1446.5010202120948,easy,high25
nw_retrain_0204_converging_hard_seed20270836,3470,234a43f1913e3d6b,high25,4,213.46608441822613,hard,high25|sens10
nw_retrain_0161_none_easy_seed20266753,2445,0e17fb947da695d1,high25,6,733.8620124504884,easy,high25|sens10
nw_retrain_0516_none_easy_seed22079712,8637,1f4c57c977d98966,high25,5,1622.100820980282,easy,high25|sens10
nw_retrain_0016_vertically_overlapping_easy_seed20252543,292,a64362c47a62400f,high25,5,1083.6220736601856,easy,high25
nw_retrain_0405_vertically_overlapping_hard_seed20290534,6397,92feaaadefad4b42,high25,2,508.30752696899646,hard,high25|sens10
nw_retrain_0119_converging_moderate_seed20262637,1561,6ee8aaa0873a5a31,high25,6,276.31806872814167,moderate,high25
nw_retrain_0459_vertically_overlapping_moderate_seed20296088,7658,e1ae87354eb408d4,high25,5,1775.8173512213236,moderate,high25|sens10
nw_retrain_0493_approximately_parallel_easy_seed20299158,8341,0889ad92b8f1c24d,high25,2,740.3296372836917,easy,high25
nw_retrain_0077_none_easy_seed20258521,739,f86aee60e591c79d,high25,2,75.57838856125043,easy,high25
nw_retrain_0472_vertically_overlapping_moderate_seed20297231,7999,61a6c50119ea0d70,high25,2,1756.0462345593446,moderate,high25|sens10
nw_retrain_0409_vertically_overlapping_easy_seed20291319,6549,68857b0fe1f16074,high25,4,566.9495491374976,easy,high25|sens10
nw_retrain_0099_vertically_overlapping_easy_seed20260677,1222,9c78339dbbafd77e,high25,4,6645.369604377057,easy,high25
nw_retrain_0243_converging_hard_seed20274789,3885,3a4cba0d4062a9fc,high25,4,1844.8137132227307,hard,high25|sens10
nw_retrain_0365_none_easy_seed20286614,5622,ad5ec7fbf9dabfd0,high25,4,1831.8960204849416,easy,high25|sens10
nw_retrain_0006_none_easy_seed20251432,74,fcbcc511e9c60fb5,high25,2,7448.342528559726,easy,high25
nw_retrain_0006_none_easy_seed20251432,82,f3467cc82a0a1f02,high25,4,4000.148387241833,easy,high25
nw_retrain_0322_converging_moderate_seed20282662,4963,02491e8eae97216b,high25,2,7103.022131179149,moderate,high25
nw_retrain_0566_vertically_overlapping_moderate_seed22084088,9278,29436e14acb0b06f,high25,3,1942.6104334177835,moderate,high25|sens10
nw_retrain_0516_none_easy_seed22079712,8706,dc8dc85b989bd39f,high25,3,456.666226529123,easy,high25|sens10
nw_retrain_0266_none_easy_seed20276912,4273,8a69b25abf84d537,high25,4,3330.2805259211345,easy,high25|sens10
nw_retrain_0416_approximately_parallel_easy_seed20291743,6758,b179bf236dd2b886,high25,6,2683.26546318187,easy,high25|sens10
nw_retrain_0233_converging_hard_seed20273809,3775,75eb0a122ae461ea,high25,5,1746.5686561445514,hard,high25|sens10
nw_retrain_0432_converging_moderate_seed20293311,7029,a2915aceeb171950,high25,4,4132.717725700203,moderate,high25
nw_retrain_0089_none_easy_seed20259828,958,172307e9a6b1c1d5,high25,5,3006.334618227386,easy,high25
nw_retrain_0077_none_easy_seed20258521,783,dcd913a37266b019,high25,4,2012.0529606038888,easy,high25
nw_retrain_0158_vertically_overlapping_easy_seed20266328,2399,5fa078350bf38cc9,high25,3,1693.6131239209535,easy,high25|sens10
nw_retrain_0459_vertically_overlapping_moderate_seed20296088,7622,e6388453e4afb80d,high25,3,2354.509896049385,moderate,high25|sens10
nw_retrain_0416_approximately_parallel_easy_seed20291743,6817,db2454637a6c55a8,high25,1,78.19963544629894,easy,high25|sens10
nw_retrain_0089_none_easy_seed20259828,1007,a31af0a5fd21fca6,high25,2,141.30331726931408,easy,high25
nw_retrain_0099_vertically_overlapping_easy_seed20260677,1251,6df8349a8ac95fea,high25,1,3334.5797887984304,easy,high25
nw_retrain_0151_approximately_parallel_moderate_seed20265773,2199,0497b4445deceecf,high25,3,529.9796103942625,moderate,high25|sens10
nw_retrain_0413_vertically_overlapping_easy_seed20291842,6604,3ea25011d4720ba6,high25,3,2458.471196645298,easy,high25|sens10
nw_retrain_0314_vertically_overlapping_moderate_seed20281747,4720,601a0a2abe41a247,high25,5,8135.159782679241,moderate,high25|sens10
nw_retrain_0119_converging_moderate_seed20262637,1558,87139c6cfe61a6ea,high25,1,20.01448166698062,moderate,high25
nw_retrain_0570_crossing_easy_seed22084742,9339,6d68006515a35146,high25,4,6051.053490036537,easy,high25|sens10
nw_retrain_0068_crossing_easy_seed20257639,669,00890f8e6bd54e71,high25,3,5215.866506682064,easy,high25
nw_retrain_0095_crossing_easy_seed20260285,1178,02f8094f7b60e8f7,high25,5,951.650141076588,easy,high25
nw_retrain_0473_converging_moderate_seed20297198,8073,a2d3531f056d10a8,high25,1,94.62919022066151,moderate,high25|sens10
nw_retrain_0224_crossing_easy_seed20273058,3763,80b9acd525eae40e,high25,1,23.417118244866664,easy,high25
nw_retrain_0389_vertically_overlapping_easy_seed20289228,6142,3b3fc7148e939324,high25,3,3542.085058704417,easy,high25|sens10
nw_retrain_0408_crossing_easy_seed20291090,6447,05835b96a06e3542,high25,1,12.038182942236704,easy,high25|sens10
nw_retrain_0380_none_easy_seed20288346,5785,6bf10567eb6fbd33,high25,2,526.347453180853,easy,high25|sens10
nw_retrain_0437_none_easy_seed20293670,7258,62bdb83aa6d9aa56,high25,1,2571.908765840126,easy,high25|sens10
nw_retrain_0024_converging_hard_seed20253196,530,9eabe62a632dec3e,high25,2,7207.5010480060655,hard,high25
nw_retrain_0309_none_easy_seed20281257,4595,88c4f0909e1d71b0,high25,2,2721.883211822332,easy,high25
nw_retrain_0432_converging_moderate_seed20293311,7105,cef3a7ce44c73f3c,high25,1,6025.635567854599,moderate,high25|sens10
nw_retrain_0392_approximately_parallel_moderate_seed20289260,6195,0b0d78dcb5a6feb1,high25,3,3070.30758714334,moderate,high25
nw_retrain_0310_approximately_parallel_moderate_seed20281224,4729,25b1dc0b178bb94d,high25,5,459.3630225790821,moderate,high25|sens10
nw_retrain_0204_converging_hard_seed20270836,3492,ed7cfd456db89e88,high25,1,54.74600816698005,hard,high25|sens10
nw_retrain_0322_converging_moderate_seed20282662,4925,81d65a1c17bca8db,high25,4,2991.769090764223,moderate,high25|sens10
nw_retrain_0233_converging_hard_seed20273809,3833,cfa8366c10fa33cb,high25,1,7098.468589578049,hard,high25
nw_retrain_0141_crossing_easy_seed20264924,1989,0884f8b79e1153b1,high25,6,3791.285390952956,easy,high25|sens10
nw_retrain_0296_converging_moderate_seed20279983,4556,3a0cf91abdaa2fe2,high25,6,2505.948413989154,moderate,high25
nw_retrain_0203_converging_moderate_seed20270869,3417,7b8999cc508f9e08,high25,3,9986.837122593926,moderate,high25
nw_retrain_0479_converging_easy_seed20297786,8099,3499be3e6e06978d,high25,6,477.9695036125411,easy,high25|sens10
nw_retrain_0553_none_easy_seed22082814,9091,e9c5c3230e1a5ca4,high25,3,4910.549521425298,easy,high25|sens10
nw_retrain_0495_vertically_overlapping_moderate_seed20299354,8652,bb07d006fe2d2529,high25,2,2808.173841333812,moderate,high25
nw_retrain_0133_vertically_overlapping_moderate_seed20264009,1807,15226f7e369036d7,high25,5,124.73858447750708,moderate,high25
nw_retrain_0266_none_easy_seed20276912,4347,055116d3c5db3e00,high25,3,5543.196168192376,easy,high25
nw_retrain_0061_vertically_overlapping_moderate_seed20257346,595,53c0a66681c60a5d,high25,4,3330.665248864501,moderate,high25
nw_retrain_0095_crossing_easy_seed20260285,1197,346003ba083278d9,high25,3,4.620267389685273,easy,high25
nw_retrain_0413_vertically_overlapping_easy_seed20291842,6599,5715fa990a6b94bf,high25,4,8631.95120892175,easy,high25|sens10
nw_retrain_0562_crossing_moderate_seed22083696,9140,e105f7f50993284a,high25,4,207.13430911869548,moderate,high25|sens10
nw_retrain_0156_crossing_easy_seed20266132,2279,4a9860e738029e27,high25,3,2501.4212670250686,easy,high25|sens10
nw_retrain_0570_crossing_easy_seed22084742,9321,3d1da3422f6dbf4f,high25,2,36.57222236857887,easy,high25|sens10
nw_retrain_0254_none_easy_seed20275736,4119,a8fc6367f4a7097c,high25,3,3337.0769044251856,easy,high25|sens10
nw_retrain_0369_crossing_easy_seed20287006,5733,ca094ed2707189f6,high25,4,4950.667234516232,easy,high25|sens10
nw_retrain_0156_crossing_easy_seed20266132,2294,3f675718b164fb5d,high25,5,303.5800057351889,easy,high25|sens10
nw_retrain_0479_converging_easy_seed20297786,8206,16fe38cb195bb87a,high25,2,5616.55353646733,easy,high25|sens10
nw_retrain_0384_approximately_parallel_moderate_seed20288738,5850,5833a160b019593c,high25,3,17.074864603974405,moderate,high25
nw_retrain_0465_vertically_overlapping_hard_seed20296545,7746,5cdefe652995e70e,high25,2,3423.1620097360865,hard,high25|sens10
nw_retrain_0221_converging_moderate_seed20272633,3648,d33faf97f84f019c,high25,5,3544.2104164061443,moderate,high25|sens10
nw_retrain_0010_crossing_moderate_seed20251824,176,dd57cc0c6d9c310c,high25,1,8785.87787601069,moderate,high25
nw_retrain_0310_approximately_parallel_moderate_seed20281224,4724,b8c427e552a85427,high25,1,3051.141140503244,moderate,high25|sens10
nw_retrain_0523_converging_easy_seed22079874,8787,1f70d749e9170733,high25,5,4318.718915759811,easy,high25|sens10
nw_retrain_0323_converging_moderate_seed20282498,5007,4acdff5436f22900,high25,2,24.44533922761504,moderate,high25|sens10
nw_retrain_0150_crossing_easy_seed20265675,2137,404bc50dbdce5ba8,high25,2,2.0979378557586683,easy,high25
nw_retrain_0346_vertically_overlapping_moderate_seed20285014,5487,6c32db61fefbd9a5,high25,1,177.27363024341793,moderate,high25|sens10
nw_retrain_0109_vertically_overlapping_easy_seed20261526,1375,51d7d326696a76b7,high25,5,9628.383744268363,easy,high25
nw_retrain_0190_none_easy_seed20269464,3154,1318c11c75ae3410,high25,4,12800.163269871098,easy,high25
nw_retrain_0455_converging_easy_seed20295434,7646,c6e819878ead0081,high25,1,4577.078671769281,easy,high25|sens10
nw_retrain_0431_none_easy_seed20293082,7051,6bf489cfe26d6ba0,high25,4,5212.89316798498,easy,high25
nw_retrain_0365_none_easy_seed20286614,5654,047d9974e2239e58,high25,1,3439.274433095046,easy,high25|sens10
nw_retrain_0486_none_easy_seed20298603,8234,ede70b49fd091b0e,high25,1,3547.1409600727948,easy,high25|sens10
nw_retrain_0363_vertically_overlapping_hard_seed20286418,5627,f2e2bab5036392d8,high25,3,6604.528269734069,hard,high25|sens10
nw_retrain_0133_vertically_overlapping_moderate_seed20264009,1815,606d5575598d3fa7,high25,3,13407.686664591663,moderate,high25
nw_retrain_0465_vertically_overlapping_hard_seed20296545,7709,7dc69dc7fbf80efa,high25,5,6476.1933718346045,hard,high25
nw_retrain_0068_crossing_easy_seed20257639,694,be70d55ee05b4cc7,high25,4,5117.190520835737,easy,high25
nw_retrain_0122_vertically_overlapping_easy_seed20262800,1711,6543c67582dc16c4,high25,3,10656.186448975768,easy,high25
nw_retrain_0224_crossing_easy_seed20273058,3727,ee32550ecab16a31,high25,5,4773.200001638773,easy,high25|sens10
nw_retrain_0386_none_easy_seed20288803,6095,76ecbe7cb64202b4,high25,2,3607.951345064092,easy,high25
nw_retrain_0181_converging_easy_seed20268582,2885,4453f02b05d461e2,high25,1,9460.357797679995,easy,high25
nw_retrain_0553_none_easy_seed22082814,9084,a778379c6d467cab,high25,4,6091.723350133819,easy,high25
nw_retrain_0024_converging_hard_seed20253196,516,5623cc4b4fecca80,high25,5,4491.103881070706,hard,high25
nw_retrain_0369_crossing_easy_seed20287006,5759,6aed3d042415370d,high25,2,1607.113595199261,easy,high25|sens10
nw_retrain_0431_none_easy_seed20293082,6990,76fe4ce9ae930338,high25,2,4714.151299854388,easy,high25|sens10
nw_retrain_0486_none_easy_seed20298603,8215,e780ac07d98f25df,high25,4,4833.739949352777,easy,high25
nw_retrain_0473_converging_moderate_seed20297198,7995,201a785f915f70d5,high25,5,9.599586882713048,moderate,high25|sens10
nw_retrain_0175_vertically_overlapping_easy_seed20267994,2644,bda49b0665e1404c,high25,4,48.78148989669167,easy,high25
nw_retrain_0523_converging_easy_seed22079874,8753,3ac648c7979efd7f,high25,1,468.6748458851592,easy,high25|sens10
nw_retrain_0385_crossing_hard_seed20288574,5930,add531dfc3bd3db7,high25,2,3316.228516718643,hard,high25
nw_retrain_0010_crossing_moderate_seed20251824,145,e383e7ed660d665b,high25,4,33.73790492063684,moderate,high25
nw_retrain_0455_converging_easy_seed20295434,7550,7b5546edca310a45,high25,4,4168.041817989739,easy,high25|sens10
nw_retrain_0363_vertically_overlapping_hard_seed20286418,5594,aa90161d59cf2bc2,high25,4,5549.892821532013,hard,high25|sens10
nw_retrain_0109_vertically_overlapping_easy_seed20261526,1426,0600b656d3123301,high25,3,11776.958610759992,easy,high25
nw_retrain_0167_approximately_parallel_easy_seed20267472,2557,d29705c5754de728,high25,3,724.949112591167,easy,high25
nw_retrain_0122_vertically_overlapping_easy_seed20262800,1718,3e1f8c8dd960ae50,high25,4,1342.8237140555923,easy,high25
nw_retrain_0385_crossing_hard_seed20288574,5956,12110f503e66f76d,high25,4,6996.274099873037,hard,high25
nw_retrain_0086_vertically_overlapping_hard_seed20259272,939,c14e88b0eb02db1a,high25,2,15.0841185064129,hard,high25
nw_retrain_0254_none_easy_seed20275736,4085,ee37424325b5d7ed,high25,4,8541.05711471128,easy,high25|sens10
nw_retrain_0192_crossing_moderate_seed20269660,3319,45bbe47d927fbb24,high25,5,13152.86576273585,moderate,high25
nw_retrain_0192_crossing_moderate_seed20269660,3394,a1d77229ebb9eb77,high25,2,4127.1115652943145,moderate,high25|sens10
nw_retrain_0243_converging_hard_seed20274789,3895,738e0a1cf4af1274,high25,2,2141.028705574766,hard,high25|sens10
nw_retrain_0359_vertically_overlapping_moderate_seed20286026,5463,4c608c5aa9f44743,high25,1,124.0436439205841,moderate,high25
nw_retrain_0181_converging_easy_seed20268582,2862,df04e9142c448a43,high25,4,2147.833569719648,easy,high25
nw_retrain_0363_vertically_overlapping_hard_seed20286418,5555,861e9157d2adeb13,low25,5,146.9902981746232,hard,low25
nw_retrain_0547_approximately_parallel_moderate_seed22082619,9025,9c09fc7cf934d75d,low25,2,3.280999407864514,moderate,low25
nw_retrain_0141_crossing_easy_seed20264924,1955,bf5699c19950eeef,low25,4,4181.798512373282,easy,low25
nw_retrain_0426_vertically_overlapping_hard_seed20292592,6893,560d8811f0c39d77,low25,5,25.945799397713994,hard,low25
nw_retrain_0266_none_easy_seed20276912,4279,b787415be27cd5f3,low25,5,7030.857940103712,easy,low25
nw_retrain_0122_vertically_overlapping_easy_seed20262800,1703,337982895a7fa9cf,low25,6,68.84040662051834,easy,low25
nw_retrain_0581_converging_hard_seed22085689,9373,b17dac020a3d865c,low25,6,16.928838252632907,hard,low25
nw_retrain_0182_crossing_moderate_seed20268680,2933,02ba982182ae4558,low25,6,36.41725179629058,moderate,low25
nw_retrain_0292_approximately_parallel_easy_seed20279460,4407,8684489d951025a0,low25,6,12.42788040093221,easy,low25
nw_retrain_0408_crossing_easy_seed20291090,6439,fe1d93f9d56f4932,low25,4,3971.1942163063777,easy,low25
nw_retrain_0405_vertically_overlapping_hard_seed20290534,6345,62ee22c306331f06,low25,5,64.7529726271084,hard,low25
nw_retrain_0541_crossing_hard_seed22081769,8875,a33956ec92f6e508,low25,1,6.068156336884364,hard,low25
nw_retrain_0270_approximately_parallel_easy_seed20277435,4322,dfd5a359fa5a8b6a,low25,6,6.294737978085177,easy,low25
nw_retrain_0258_approximately_parallel_easy_seed20276128,4210,7c59a152a6c9e832,low25,3,23.27748696732353,easy,low25
nw_retrain_0479_converging_easy_seed20297786,8127,a639d12acf2f7b4e,low25,2,5183.962045828957,easy,low25
nw_retrain_0322_converging_moderate_seed20282662,4945,ea52a55c8620ab1e,low25,2,7815.239601086687,moderate,low25
nw_retrain_0296_converging_moderate_seed20279983,4545,dbdd60dda38371aa,low25,5,7.16839684618638,moderate,low25
nw_retrain_0190_none_easy_seed20269464,3130,c964766eb8d07cf7,low25,4,8734.209794839591,easy,low25
nw_retrain_0156_crossing_easy_seed20266132,2254,fe094b6aa8a62c13,low25,6,218.93833140086164,easy,low25
nw_retrain_0516_none_easy_seed22079712,8695,c60b7f2b4bd07fc5,low25,6,3917.378982952082,easy,low25
nw_retrain_0346_vertically_overlapping_moderate_seed20285014,5367,8eb5c66106a581e2,low25,5,2.3533389255559194,moderate,low25
nw_retrain_0566_vertically_overlapping_moderate_seed22084088,9237,988c88542498273c,low25,4,6069.189932327371,moderate,low25
nw_retrain_0471_none_easy_seed20297002,7859,8df4d130e20bcb89,low25,5,823.6546151506528,easy,low25
nw_retrain_0495_vertically_overlapping_moderate_seed20299354,8398,0b1648b77f18bf26,low25,6,11583.49623363162,moderate,low25
nw_retrain_0292_approximately_parallel_easy_seed20279460,4427,a1a120e4c221f328,low25,3,9.424016635326296,easy,low25
nw_retrain_0437_none_easy_seed20293670,7250,a56cc19202f1546f,low25,6,122.61308274730452,easy,low25
nw_retrain_0473_converging_moderate_seed20297198,8022,67c2daf3f0983ba4,low25,5,7652.041685857135,moderate,low25
nw_retrain_0171_crossing_easy_seed20267864,2582,f24e6dc159d6e3a0,low25,6,16.44462333154547,easy,low25
nw_retrain_0248_vertically_overlapping_easy_seed20275410,3970,ed8caa8a3dab56c0,low25,6,421.859463916388,easy,low25
nw_retrain_0224_crossing_easy_seed20273058,3695,bf9ad8a0fd8acc20,low25,4,10572.589287468392,easy,low25
nw_retrain_0191_approximately_parallel_easy_seed20269562,3221,60fef264621c29cb,low25,1,0.876826111670027,easy,low25
nw_retrain_0431_none_easy_seed20293082,7011,be6899c69b1c35cb,low25,5,12330.658451083298,easy,low25
nw_retrain_0409_vertically_overlapping_easy_seed20291319,6547,96ce8bd2668a5386,low25,4,52.44615242656629,easy,low25
nw_retrain_0546_none_easy_seed22082128,8915,c9e45be878dc2d63,low25,6,61.420792945474425,easy,low25
nw_retrain_0191_approximately_parallel_easy_seed20269562,3242,9b713fc4b7849f05,low25,6,90.7096613190364,easy,low25
nw_retrain_0547_approximately_parallel_moderate_seed22082619,8954,a1496f7d659009d5,low25,6,10.322948125541672,moderate,low25
nw_retrain_0185_none_easy_seed20268974,2954,4abdf8c900f76576,low25,6,116.79240823581485,easy,low25
nw_retrain_0453_converging_hard_seed20295238,7499,f744ff3da3a9569d,low25,2,38.815721852295056,hard,low25
nw_retrain_0203_converging_moderate_seed20270869,3399,44c1c9390bd1a2df,low25,1,13454.822587646706,moderate,low25
nw_retrain_0446_none_easy_seed20294552,7350,200b445114f5eaf8,low25,5,19.98580804192955,easy,low25
nw_retrain_0365_none_easy_seed20286614,5613,d380971a514f48d6,low25,6,561.1873121536823,easy,low25
nw_retrain_0505_crossing_easy_seed22078110,8589,0e31f37f584051dc,low25,5,26.692567085941768,easy,low25
nw_retrain_0158_vertically_overlapping_easy_seed20266328,2378,ec9b273b2f8a46a2,low25,4,209.0742899793444,easy,low25
nw_retrain_0386_none_easy_seed20288803,5991,c6eceba5e48c26fe,low25,6,3860.301629462967,easy,low25
nw_retrain_0479_converging_easy_seed20297786,8135,f790bb8b08a106ca,low25,6,146.87222330681075,easy,low25
nw_retrain_0486_none_easy_seed20298603,8226,a39891cdf1c82a05,low25,4,6173.949290772179,easy,low25
nw_retrain_0243_converging_hard_seed20274789,3825,68c581242f7eb29d,low25,5,209.43458393864856,hard,low25
nw_retrain_0133_vertically_overlapping_moderate_seed20264009,1763,ece45d7c181249d8,low25,5,4817.037094037008,moderate,low25
nw_retrain_0436_none_easy_seed20293834,7165,30abd764dd169d82,low25,6,89.59387804129082,easy,low25
nw_retrain_0426_vertically_overlapping_hard_seed20292592,6959,fed5ace622347e87,low25,2,3.155794327511736,hard,low25
nw_retrain_0258_approximately_parallel_easy_seed20276128,4201,99947096cbb0ded0,low25,6,44.32942825170871,easy,low25
nw_retrain_0523_converging_easy_seed22079874,8770,c55b66611f5ba66c,low25,3,2.239819817242468,easy,low25
nw_retrain_0415_approximately_parallel_easy_seed20291645,6658,0389be9d9c87670a,low25,4,2415.8840060026464,easy,low25
nw_retrain_0409_vertically_overlapping_easy_seed20291319,6515,41403b0806f68d7f,low25,2,4873.016591051405,easy,low25
nw_retrain_0175_vertically_overlapping_easy_seed20267994,2698,8f26449901401093,low25,6,255.1889045388189,easy,low25
nw_retrain_0150_crossing_easy_seed20265675,2093,603393caf802cd30,low25,5,35.39614890988131,easy,low25
nw_retrain_0432_converging_moderate_seed20293311,7070,20da438b49f8b668,low25,2,5.140173368285195,moderate,low25
nw_retrain_0500_crossing_easy_seed20299975,8527,346fc6153d914ef8,low25,5,2032.178713347676,easy,low25
nw_retrain_0468_converging_moderate_seed20296839,7783,84e505df0d23713c,low25,3,2226.609196558906,moderate,low25
nw_retrain_0192_crossing_moderate_seed20269660,3287,92ca151b7f555e0b,low25,5,1928.217680345007,moderate,low25
nw_retrain_0459_vertically_overlapping_moderate_seed20296088,7627,e55df4a71c573a4e,low25,3,2.118796561342637,moderate,low25
nw_retrain_0321_crossing_easy_seed20282302,4815,04031e17d169c993,low25,6,5.079064477004681,easy,low25
nw_retrain_0468_converging_moderate_seed20296839,7827,84c6045be9fd69b4,low25,5,3461.493903895612,moderate,low25
nw_retrain_0453_converging_hard_seed20295238,7482,c433baf8ca59c1ee,low25,6,81.14988027557085,hard,low25
nw_retrain_0455_converging_easy_seed20295434,7565,d3a9b6ebe5c41b7b,low25,5,268.0565175601235,easy,low25
nw_retrain_0493_approximately_parallel_easy_seed20299158,8329,c85cd352182ac760,low25,6,698.2182207272613,easy,low25
nw_retrain_0553_none_easy_seed22082814,9067,d8eec88f13de10d1,low25,4,11400.874446432766,easy,low25
nw_retrain_0187_vertically_overlapping_easy_seed20269170,3098,b7224c8e3c36b33c,low25,6,653.8637275070621,easy,low25
nw_retrain_0432_converging_moderate_seed20293311,7047,62dc5969abe525a0,low25,4,8266.444403566433,moderate,low25
nw_retrain_0134_crossing_moderate_seed20264107,1835,1224f6629ecaead3,low25,2,2444.164940722116,moderate,low25
nw_retrain_0404_none_easy_seed20290436,6294,5b3f0bea0d1ab1c5,low25,5,33.56963094126662,easy,low25
nw_retrain_0472_vertically_overlapping_moderate_seed20297231,7938,0a871cc314eb02dd,low25,6,49.63374358895844,moderate,low25
nw_retrain_0181_converging_easy_seed20268582,2854,ab5321e254410428,low25,6,11458.242777615758,easy,low25
nw_retrain_0143_none_easy_seed20264858,1999,68795212a63ea37a,low25,6,84.85199008224323,easy,low25
nw_retrain_0214_vertically_overlapping_easy_seed20271816,3575,b98cbd29dab86a01,low25,6,239.33599906710765,easy,low25
nw_retrain_0122_vertically_overlapping_easy_seed20262800,1755,1434b09327e2b086,low25,1,21.90247450079456,easy,low25
nw_retrain_0182_crossing_moderate_seed20268680,2919,f1b5a013d0f780f9,low25,3,16.492537675283774,moderate,low25
nw_retrain_0203_converging_moderate_seed20270869,3390,cb38a3f17e0d90f6,low25,5,1442.6498429775538,moderate,low25
nw_retrain_0459_vertically_overlapping_moderate_seed20296088,7639,bdcedb3a2c2c3681,low25,6,4108.99947907474,moderate,low25
nw_retrain_0233_converging_hard_seed20273809,3836,0c22b7b802786daf,low25,3,6.599778780368289,hard,low25
nw_retrain_0326_converging_hard_seed20282923,5058,f331e1a4e42ac529,low25,4,3.311010078943255,hard,low25
nw_retrain_0445_none_easy_seed20294454,7353,56ee3e2059db536c,low25,1,3.650217383988755,easy,low25
nw_retrain_0326_converging_hard_seed20282923,5050,a0d492efc1373123,low25,1,2.9937171532424127,hard,low25
nw_retrain_0214_vertically_overlapping_easy_seed20271816,3550,1a04f7c529860912,low25,2,1.702297989931877,easy,low25
nw_retrain_0523_converging_easy_seed22079874,8759,b198f7f5e47335c8,low25,6,3339.375925057964,easy,low25
nw_retrain_0121_vertically_overlapping_moderate_seed20262702,1639,84328eb41c0fc1b0,low25,2,1161.1441641625006,moderate,low25
nw_retrain_0562_crossing_moderate_seed22083696,9192,ad97600b5a19a827,low25,2,5.622688221715336,moderate,low25
nw_retrain_0369_crossing_easy_seed20287006,5671,4e338667addfdde6,low25,1,8634.217635252915,easy,low25
nw_retrain_0541_crossing_hard_seed22081769,8854,00702398f369f578,low25,6,3781.8913751495465,hard,low25
nw_retrain_0392_approximately_parallel_moderate_seed20289260,6210,36723dd76c160269,low25,4,121.58931472174956,moderate,low25
nw_retrain_0179_none_easy_seed20268517,2726,4d24baa14b31aa62,low25,5,249.23052417833765,easy,low25
nw_retrain_0445_none_easy_seed20294454,7317,542f4b50e7b59ad8,low25,5,4682.775652835935,easy,low25
nw_retrain_0408_crossing_easy_seed20291090,6435,5c5d0ef00a9309d7,low25,2,6.395042137762195,easy,low25
nw_retrain_0495_vertically_overlapping_moderate_seed20299354,8455,b990d2469d4698a4,low25,3,10834.520303401525,moderate,low25
nw_retrain_0420_converging_moderate_seed20292004,6794,5fb7a8ca033cb884,low25,6,3567.472751828194,moderate,low25
nw_retrain_0332_crossing_moderate_seed20283380,5143,127766732b45b1ea,low25,4,48.88657745507395,moderate,low25
nw_retrain_0570_crossing_easy_seed22084742,9287,bd19644820032268,low25,4,11120.820927769286,easy,low25
nw_retrain_0404_none_easy_seed20290436,6290,d453d6659170026c,low25,2,4.998998048531554,easy,low25
nw_retrain_0505_crossing_easy_seed22078110,8569,4e8056cee1ff61ba,low25,1,3270.536090105796,easy,low25
nw_retrain_0175_vertically_overlapping_easy_seed20267994,2667,85b1fae49a035de5,low25,1,6369.18861413297,easy,low25
nw_retrain_0161_none_easy_seed20266753,2431,789a6a534f5918a8,low25,3,199.698863481572,easy,low25
nw_retrain_0151_approximately_parallel_moderate_seed20265773,2182,85b0854627ee5289,low25,3,7.5654258939147985,moderate,low25
nw_retrain_0369_crossing_easy_seed20287006,5699,5373813cccabb308,low25,5,8771.562170104264,easy,low25
nw_retrain_0250_vertically_overlapping_hard_seed20275475,4021,8400251b06b8ff1b,low25,5,88.64581468415227,hard,low25
nw_retrain_0121_vertically_overlapping_moderate_seed20262702,1629,0fa77dfa9350b0f4,low25,4,2.5738672652784484,moderate,low25
nw_retrain_0413_vertically_overlapping_easy_seed20291842,6587,d6b169b1d745a177,low25,6,170.55824034631144,easy,low25
nw_retrain_0150_crossing_easy_seed20265675,2138,c683f69e3931246c,low25,2,7.965413417141549,easy,low25
nw_retrain_0171_crossing_easy_seed20267864,2626,6f550402e7555660,low25,2,3.876954561783201,easy,low25
nw_retrain_0250_vertically_overlapping_hard_seed20275475,4045,23236b7ee5871bb7,low25,3,3.272482957424636,hard,low25
nw_retrain_0415_approximately_parallel_easy_seed20291645,6662,38b3f3ddf47a9fad,low25,2,3535.181324072002,easy,low25
nw_retrain_0455_converging_easy_seed20295434,7547,59c2123c1ae86acf,low25,2,9130.867602896858,easy,low25
nw_retrain_0233_converging_hard_seed20273809,3755,7fefee142cf0dfbd,low25,6,6708.511644891156,hard,low25
nw_retrain_0600_converging_easy_seed22087551,9562,3f92e0503b6cb669,low25,6,18.691962073275054,easy,low25
nw_retrain_0581_converging_hard_seed22085689,9418,17c25845e05f3c98,low25,1,2.529219440529162,hard,low25
nw_retrain_0309_none_easy_seed20281257,4633,c5abd8f9c643a39e,low25,2,31.481958571359737,easy,low25
nw_retrain_0341_converging_moderate_seed20284393,5219,f82c41885e38562c,low25,3,8185.819017067875,moderate,low25
nw_retrain_0243_converging_hard_seed20274789,3907,927c385e91853190,low25,1,10934.910346082635,hard,low25
nw_retrain_0346_vertically_overlapping_moderate_seed20285014,5383,63f116025f261388,low25,3,2643.162411639744,moderate,low25
nw_retrain_0254_none_easy_seed20275736,4122,5b473abb762e728d,low25,4,7710.324120702648,easy,low25
nw_retrain_0344_converging_easy_seed20284556,5283,f520634ee134e34f,low25,2,16.10745056557516,easy,low25
nw_retrain_0133_vertically_overlapping_moderate_seed20264009,1767,2338793a1cd9ce45,low25,2,7414.536850176097,moderate,low25
nw_retrain_0314_vertically_overlapping_moderate_seed20281747,4713,361e82b9575b61de,low25,5,10711.149882940928,moderate,low25
nw_retrain_0310_approximately_parallel_moderate_seed20281224,4659,b58a33ac4d9c75cf,low25,5,11618.172718301696,moderate,low25
nw_retrain_0486_none_easy_seed20298603,8244,21a8d804d49062a8,low25,1,17.075445454353957,easy,low25
nw_retrain_0472_vertically_overlapping_moderate_seed20297231,7998,f79ba8c4035d70fe,low25,2,2.329194825020528,moderate,low25
nw_retrain_0546_none_easy_seed22082128,8962,2c0a1fc778db7944,low25,3,2110.191277380727,easy,low25
nw_retrain_0321_crossing_easy_seed20282302,4879,73cfabd2281837b3,low25,3,5.755737134630239,easy,low25
nw_retrain_0385_crossing_hard_seed20288574,5919,9e413ca0cad06ee1,low25,4,11569.80536547707,hard,low25
nw_retrain_0500_crossing_easy_seed20299975,8514,616c81bc145e74e5,low25,2,8.611917186913834,easy,low25
nw_retrain_0562_crossing_moderate_seed22083696,9146,cefe0715e816b58b,low25,6,114.05621316844292,moderate,low25
nw_retrain_0446_none_easy_seed20294552,7400,6f66967e500b05e6,low25,1,2.6516453116635605,easy,low25
nw_retrain_0341_converging_moderate_seed20284393,5257,a9ed9b20532ebb62,low25,5,10057.11336063766,moderate,low25
nw_retrain_0181_converging_easy_seed20268582,2859,9597c28dcce78749,low25,2,7.489008310599413,easy,low25
nw_retrain_0359_vertically_overlapping_moderate_seed20286026,5483,553664217714d610,low25,6,56.08459128651927,moderate,low25
nw_retrain_0254_none_easy_seed20275736,4079,3f94dc9be5126578,low25,3,4.406317912023821,easy,low25
nw_retrain_0600_converging_easy_seed22087551,9595,3ce35bcfc18d015b,low25,1,7.235993260911166,easy,low25
nw_retrain_0471_none_easy_seed20297002,7900,9c8a5d84efa89564,low25,1,7.596329283942119,easy,low25
nw_retrain_0224_crossing_easy_seed20273058,3687,058e42e0ef5a4088,low25,2,10702.900012569058,easy,low25
nw_retrain_0389_vertically_overlapping_easy_seed20289228,6111,1a06a0b00ae47c00,low25,5,6175.335625570992,easy,low25
nw_retrain_0487_converging_easy_seed20298701,8270,3f5d92b37321148c,low25,1,4.955049752618187,easy,low25
nw_retrain_0385_crossing_hard_seed20288574,5978,0c6d9e91c7263c94,low25,3,10.231161072470016,hard,low25
nw_retrain_0143_none_easy_seed20264858,2071,7e5a6f19f5132e53,low25,3,6.063798608075134,easy,low25
nw_retrain_0416_approximately_parallel_easy_seed20291743,6743,20997f3e2633c4ab,low25,3,9327.000064812044,easy,low25
nw_retrain_0566_vertically_overlapping_moderate_seed22084088,9209,13538198e1f4be6a,low25,1,4.306303808939097,moderate,low25
nw_retrain_0270_approximately_parallel_easy_seed20277435,4366,17cf75fc74a57693,low25,1,1.2284498745027417,easy,low25
nw_retrain_0332_crossing_moderate_seed20283380,5183,60aaeabf11bd310f,low25,2,4.435233107212076,moderate,low25
nw_retrain_0473_converging_moderate_seed20297198,8037,530fc67119195a4d,low25,1,6.143626972875642,moderate,low25
nw_retrain_0134_crossing_moderate_seed20264107,1886,646f07abd34ab2da,low25,6,5040.583854496402,moderate,low25
nw_retrain_0158_vertically_overlapping_easy_seed20266328,2405,d269f77634c9c453,low25,2,33.220823338435856,easy,low25
nw_retrain_0167_approximately_parallel_easy_seed20267472,2503,e413248dfabcd20a,low25,4,14181.571988302188,easy,low25
nw_retrain_0493_approximately_parallel_easy_seed20299158,8377,2cb5a4dbf52d8a62,low25,2,2.9227253554238204,easy,low25
nw_retrain_0363_vertically_overlapping_hard_seed20286418,5547,922e8834e38e56c9,low25,2,29.99441680693129,hard,low25
nw_retrain_0323_converging_moderate_seed20282498,4978,0867327c59ed078d,low25,5,666.4255419217953,moderate,low25
nw_retrain_0596_approximately_parallel_hard_seed22087028,9471,ce7410ab27bca300,low25,4,2794.709472980139,hard,low25
nw_retrain_0416_approximately_parallel_easy_seed20291743,6749,cf817f2c08f7c2ba,low25,5,5.439792188480041,easy,low25
nw_retrain_0487_converging_easy_seed20298701,8231,34ca2096a4d05f71,low25,5,975.7353394334964,easy,low25
nw_retrain_0322_converging_moderate_seed20282662,4971,8500ff23042d0084,low25,4,13.343193540844876,moderate,low25
nw_retrain_0386_none_easy_seed20288803,6061,a52e81b08fb5c80f,low25,1,10.121160644178836,easy,low25
nw_retrain_0221_converging_moderate_seed20272633,3598,db79ff7dc270e9e5,low25,5,90.52377419757426,moderate,low25
nw_retrain_0187_vertically_overlapping_easy_seed20269170,3043,25748fad8fbf9707,low25,2,4.816818291594509,easy,low25
nw_retrain_0405_vertically_overlapping_hard_seed20290534,6428,a0ab0c62182ec3c0,low25,2,4.576738989457938,hard,low25
nw_retrain_0380_none_easy_seed20288346,5817,1460d2c0c86b931d,low25,2,25.312329755143587,easy,low25
nw_retrain_0596_approximately_parallel_hard_seed22087028,9451,968b6e026afd8d3b,low25,3,18.43208152292944,hard,low25
nw_retrain_0553_none_easy_seed22082814,9115,25f7a53a7ccbad15,low25,2,56.854428038420046,easy,low25
nw_retrain_0344_converging_easy_seed20284556,5311,d01c5052ece7497d,low25,6,120.88861851241256,easy,low25
nw_retrain_0384_approximately_parallel_moderate_seed20288738,5909,cb30a035aaccc1db,low25,1,57.59917046924809,moderate,low25
nw_retrain_0365_none_easy_seed20286614,5655,5e27eff46c190484,low25,1,7.549675813946811,easy,low25
nw_retrain_0437_none_easy_seed20293670,7298,9e5505404c592818,low25,1,17.971023904834865,easy,low25
nw_retrain_0420_converging_moderate_seed20292004,6822,03dbb9115add6179,low25,1,6.767897987711192,moderate,low25
nw_retrain_0436_none_easy_seed20293834,7151,57cf7d86aafa2d01,low25,3,3.39949791600118,easy,low25
nw_retrain_0248_vertically_overlapping_easy_seed20275410,3967,3bf91fd8832b3e72,low25,1,91.959655548427,easy,low25
nw_retrain_0392_approximately_parallel_moderate_seed20289260,6214,3b19061324be8b2a,low25,3,15.39112078298072,moderate,low25
nw_retrain_0167_approximately_parallel_easy_seed20267472,2533,a7290c69b84c863b,low25,3,13175.270469200135,easy,low25
nw_retrain_0380_none_easy_seed20288346,5755,838d56e38d7f04c9,low25,4,7408.598194252962,easy,low25
nw_retrain_0156_crossing_easy_seed20266132,2283,593cd3ccb56f9439,low25,1,22.611775032434466,easy,low25
nw_retrain_0314_vertically_overlapping_moderate_seed20281747,4734,3f81160a6b18e258,low25,3,10728.303661972888,moderate,low25
nw_retrain_0151_approximately_parallel_moderate_seed20265773,2217,c89c4ba3b4333528,low25,6,1746.3567502904718,moderate,low25
nw_retrain_0185_none_easy_seed20268974,2975,c903679a6c99219e,low25,2,652.5820978447658,easy,low25
nw_retrain_0516_none_easy_seed22079712,8677,72f9eea94bc70d43,low25,2,5239.906412699318,easy,low25
nw_retrain_0192_crossing_moderate_seed20269660,3315,f8352803bdc3ca0b,low25,3,11652.117101595088,moderate,low25
nw_retrain_0221_converging_moderate_seed20272633,3657,965d43fa9b9648a2,low25,1,5.401768689897895,moderate,low25
nw_retrain_0309_none_easy_seed20281257,4585,ea3b41562fedb48a,low25,6,908.5630915182588,easy,low25
nw_retrain_0465_vertically_overlapping_hard_seed20296545,7750,2b750425647c23bf,low25,2,70.86401356594233,hard,low25
nw_retrain_0384_approximately_parallel_moderate_seed20288738,5890,2743f013f33ccbc9,low25,6,295.73119002406344,moderate,low25
nw_retrain_0161_none_easy_seed20266753,2421,8af1d8795c2a0c7d,low25,4,232.99628974955505,easy,low25
nw_retrain_0204_converging_hard_seed20270836,3463,9011f508ad266963,low25,3,5052.352953884483,hard,low25
nw_retrain_0310_approximately_parallel_moderate_seed20281224,4711,eb41a26aa07bd1e4,low25,1,14.819954301583651,moderate,low25
nw_retrain_0204_converging_hard_seed20270836,3478,b1324729747e5769,low25,4,4496.758518112336,hard,low25
nw_retrain_0190_none_easy_seed20269464,3144,1765fc7783287457,low25,1,13.394939629924345,easy,low25
nw_retrain_0266_none_easy_seed20276912,4330,9627d9c9f168353c,low25,3,3.161364507182824,easy,low25
nw_retrain_0413_vertically_overlapping_easy_seed20291842,6618,65b32c7f110ac4f7,low25,3,8434.038083885218,easy,low25
nw_retrain_0359_vertically_overlapping_moderate_seed20286026,5491,f1bb7bb67adbce1f,low25,2,11292.520082627438,moderate,low25
nw_retrain_0141_crossing_easy_seed20264924,1966,ab789b3132644f6e,low25,2,6.053128813065536,easy,low25
nw_retrain_0323_converging_moderate_seed20282498,4982,fb359e221c59e2eb,low25,2,7600.886099270218,moderate,low25
nw_retrain_0389_vertically_overlapping_easy_seed20289228,6089,f01082292b70c2dc,low25,1,11284.54540787545,easy,low25
nw_retrain_0570_crossing_easy_seed22084742,9311,53450dd5c0712e1a,low25,1,25.547980232523084,easy,low25
nw_retrain_0179_none_easy_seed20268517,2748,c2a0914bc62145a9,low25,1,61.70033420186488,easy,low25
nw_retrain_0465_vertically_overlapping_hard_seed20296545,7681,acb18155bdadcc2f,low25,5,7023.721926855007,hard,low25
nw_retrain_0250_vertically_overlapping_hard_seed20275475,4067,60581b4d4b5f202c,sens10,4,20.360084602332307,hard,sens10
nw_retrain_0472_vertically_overlapping_moderate_seed20297231,7942,2c532d52bfd8c981,sens10,5,1872.9864644759875,moderate,sens10
nw_retrain_0500_crossing_easy_seed20299975,8535,de7cbc5c7b4337ec,sens10,4,665.7636782156518,easy,sens10
nw_retrain_0404_none_easy_seed20290436,6304,c975b5cdfb0a5273,sens10,4,234.6577158845279,easy,sens10
nw_retrain_0596_approximately_parallel_hard_seed22087028,9537,daaece164f8c4af3,sens10,2,2276.081036722872,hard,sens10
nw_retrain_0445_none_easy_seed20294454,7282,0a3a18dbf454f6f2,sens10,3,2330.118953232575,easy,sens10
nw_retrain_0420_converging_moderate_seed20292004,6830,c2110c06b422306b,sens10,2,47.36017613793193,moderate,sens10
nw_retrain_0322_converging_moderate_seed20282662,4962,14df1cca42e420e1,sens10,2,4348.935595339958,moderate,sens10
nw_retrain_0384_approximately_parallel_moderate_seed20288738,5869,e97721f05c26eb64,sens10,3,2036.0183400570768,moderate,sens10
nw_retrain_0493_approximately_parallel_easy_seed20299158,8417,b55b6dd3ad116c19,sens10,2,367.1209720465631,easy,sens10
nw_retrain_0296_converging_moderate_seed20279983,4557,4ead05a87108d0bf,sens10,6,2510.810684862401,moderate,sens10
nw_retrain_0432_converging_moderate_seed20293311,7044,78b8892d204fbc71,sens10,4,8268.241378703748,moderate,sens10
nw_retrain_0309_none_easy_seed20281257,4643,934873bdc9543a8a,sens10,1,2277.745488024995,easy,sens10
nw_retrain_0392_approximately_parallel_moderate_seed20289260,6198,648f34feb099b03f,sens10,4,2860.520722002847,moderate,sens10
nw_retrain_0233_converging_hard_seed20273809,3828,24957f2b1b109d3d,sens10,2,3841.877790242129,hard,sens10
nw_retrain_0486_none_easy_seed20298603,8224,1ca0c836d9883059,sens10,4,6177.010523348814,easy,sens10
nw_retrain_0190_none_easy_seed20269464,3160,f54f9a2fc68c36f1,sens10,4,2910.1999563284808,easy,sens10
nw_retrain_0203_converging_moderate_seed20270869,3419,f751bcbcf4505542,sens10,3,10000.43414636023,moderate,sens10
nw_retrain_0431_none_easy_seed20293082,7020,d4f3fa1536954fac,sens10,5,9342.776406237956,easy,sens10
nw_retrain_0151_approximately_parallel_moderate_seed20265773,2175,26a4622372c632c7,sens10,5,37.025951389791736,moderate,sens10
nw_retrain_0495_vertically_overlapping_moderate_seed20299354,8653,4aa061422d2bc487,sens10,2,4061.559847389239,moderate,sens10
nw_retrain_0266_none_easy_seed20276912,4346,9b2b2d36ec0d0137,sens10,3,5555.848142578794,easy,sens10
nw_retrain_0224_crossing_easy_seed20273058,3742,78fc29bd1d62e980,sens10,3,72.99749306341042,easy,sens10
nw_retrain_0150_crossing_easy_seed20265675,2106,1a70f206b3164fc5,sens10,2,5681.379660816747,easy,sens10
nw_retrain_0465_vertically_overlapping_hard_seed20296545,7711,ec54fecd9f013b4b,sens10,5,6515.921145130593,hard,sens10
nw_retrain_0296_converging_moderate_seed20279983,4608,b6b585c9a6360780,sens10,2,896.14349826352,moderate,sens10
nw_retrain_0167_approximately_parallel_easy_seed20267472,2556,fb1eccd400a13a33,sens10,3,1189.7096620660277,easy,sens10
nw_retrain_0181_converging_easy_seed20268582,2831,67fb2e4d5d2523f2,sens10,2,13755.53321135166,easy,sens10
nw_retrain_0385_crossing_hard_seed20288574,5969,f9d5fefaad799310,sens10,1,10033.31911701564,hard,sens10
nw_retrain_0386_none_easy_seed20288803,6059,f7ab741d507c61cc,sens10,3,325.18045016381313,easy,sens10
nw_retrain_0190_none_easy_seed20269464,3229,ca1ac18acfb6a623,sens10,3,66.97857333851134,easy,sens10
nw_retrain_0203_converging_moderate_seed20270869,3403,f6851de689407ddd,sens10,5,2485.311644386992,moderate,sens10
nw_retrain_0192_crossing_moderate_seed20269660,3318,ba86ee80f7543c98,sens10,5,13138.136131782485,moderate,sens10
nw_retrain_0341_converging_moderate_seed20284393,5271,6b9467f088cb74b4,sens10,1,557.6406959901597,moderate,sens10
