scenario_uid,difficulty,group_id,unit_rank,branch_id,k_prefix,n_seg_used,hr_params_sha256,registered_J_star_cont,registered_budget,registered_evals_total,registered_joint_pass_ratio,registered_n_completions,registered_any_feasible
nw_dual_val_012,near-boundary,11,0,0,0,1,8cbdfe80b49691fc,1.7083577737436122,400.0,410.0,0.0,210.0,0.0
nw_dual_val_012,near-boundary,11,0,1,0,1,f9775c397b749a48,3.251211972955819,200.0,220.0,0.0,110.0,0.0
nw_dual_val_012,near-boundary,11,0,2,0,1,0104a0697d340c5e,0.7822914843984295,400.0,409.0,0.0142857142857142,210.0,0.0
nw_dual_val_012,near-boundary,11,0,3,0,1,645287833e274dc6,1.31220722918995,400.0,410.0,0.0,210.0,0.0
nw_dual_val_012,near-boundary,13,1,0,1,2,d3a50a10f6b13708,157.33680681046573,200.0,220.0,0.0,110.0,0.0
nw_dual_val_012,near-boundary,13,1,1,1,2,d1cfa61175528b22,4.205656478858172,200.0,220.0,0.0,110.0,0.0
nw_dual_val_012,near-boundary,13,1,2,1,2,703588914815bed9,20.869800612117498,200.0,220.0,0.0,110.0,0.0
nw_dual_val_012,near-boundary,13,1,3,1,2,d08d047b83a4315c,2.279656589459752,200.0,220.0,0.0,110.0,0.0
nw_dual_val_012,near-boundary,4,2,0,4,5,441e4cb569fe22a8,21.787959478367824,200.0,220.0,0.0,110.0,0.0
nw_dual_val_012,near-boundary,4,2,1,4,5,9c9dae68744f4bfa,56.92609469094139,200.0,220.0,0.0,110.0,0.0
nw_dual_val_012,near-boundary,4,2,2,4,5,aa53a02e3e80521a,7.652481764165181,200.0,220.0,0.0,110.0,0.0
nw_dual_val_012,near-boundary,4,2,3,4,5,4d7b44140d09af51,8.04548623469078,200.0,220.0,0.0,110.0,0.0
nw_dual_val_012,near-boundary,17,3,0,4,5,b2df99a5efbcb358,81.33244642991023,200.0,220.0,0.0,110.0,0.0
nw_dual_val_012,near-boundary,17,3,1,4,5,9ec58181890285d3,80.60368356362042,200.0,220.0,0.0,110.0,0.0
nw_dual_val_012,near-boundary,17,3,2,4,5,c56607cc82ee8827,93.82750543174754,200.0,220.0,0.0,110.0,0.0
nw_dual_val_012,near-boundary,17,3,3,4,5,ab864a71ac888ca6,22.994744851304795,200.0,220.0,0.0,110.0,0.0
nw_dual_val_012,near-boundary,19,4,0,6,7,2f7b918a5180c88a,5.416860411254192,200.0,220.0,0.0,110.0,0.0
nw_dual_val_012,near-boundary,19,4,1,6,7,a7a58d7785f31b18,5.059229769170918,200.0,220.0,0.0,110.0,0.0
nw_dual_val_012,near-boundary,19,4,2,6,7,49b5da94d11d94a3,4.536764805636901,400.0,410.0,0.0,210.0,0.0
nw_dual_val_012,near-boundary,19,4,3,6,7,297d5c072bf1bcb9,3.4657546129597234,400.0,410.0,0.0,210.0,0.0
nw_dual_val_013,moderate,12,0,0,0,1,c91d04593c20aa57,0.8052629269824889,200.0,220.0,0.0363636363636363,110.0,0.0
nw_dual_val_013,moderate,12,0,1,0,1,968e52e85b503433,1.2828733111469666,200.0,220.0,0.009090909090909,110.0,0.0
nw_dual_val_013,moderate,12,0,2,0,1,42910349d754864d,37.10391378844158,200.0,220.0,0.0,110.0,0.0
nw_dual_val_013,moderate,12,0,3,0,1,8ca8c632faefb439,1.2797376617722085,200.0,220.0,0.0,110.0,0.0
nw_dual_val_013,moderate,9,1,0,2,3,023deab493c9a644,1.0636679775317424,400.0,410.0,0.0476190476190476,210.0,0.0
nw_dual_val_013,moderate,9,1,1,2,3,54d5813531027977,0.961568542673686,400.0,410.0,0.0,210.0,0.0
nw_dual_val_013,moderate,9,1,2,2,3,ce23a5468878d31c,0.8088728371383582,400.0,410.0,0.0047619047619047,210.0,0.0
nw_dual_val_013,moderate,9,1,3,2,3,d1ddf8e091eb3135,1.0145913599648944,400.0,410.0,0.0095238095238095,210.0,0.0
nw_dual_val_013,moderate,14,2,0,4,5,4e6bd92564573690,64.17745255380494,200.0,220.0,0.0,110.0,0.0
nw_dual_val_013,moderate,14,2,1,4,5,3845dd325ea29f93,61.58402867528205,200.0,220.0,0.0,110.0,0.0
nw_dual_val_013,moderate,14,2,2,4,5,06d7db18c83ea602,46.76222635286936,200.0,220.0,0.0,110.0,0.0
nw_dual_val_013,moderate,14,2,3,4,5,2a8c49fa99513d88,63.84909032881384,200.0,220.0,0.0,110.0,0.0
nw_dual_val_013,moderate,0,3,0,6,7,ffe8261f4195656b,26.67644994378573,400.0,409.0,0.0,210.0,0.0
nw_dual_val_013,moderate,0,3,1,6,7,e393a71cc68906c8,26.667737257419205,400.0,410.0,0.0,210.0,0.0
nw_dual_val_013,moderate,0,3,2,6,7,6b1abedcda57634c,26.806172509615102,400.0,410.0,0.0,210.0,0.0
nw_dual_val_013,moderate,0,3,3,6,7,679dca4b7d0ffaef,26.77014960326904,400.0,409.0,0.0,210.0,0.0
nw_dual_val_013,moderate,17,4,0,6,7,fc433e8b7d0021fa,24.650869739487263,200.0,220.0,0.0,110.0,0.0
nw_dual_val_013,moderate,17,4,1,6,7,4a6cfdab85b0000c,6.04336122536085,200.0,220.0,0.0,110.0,0.0
nw_dual_val_013,moderate,17,4,2,6,7,231377105cf61891,10.644257052059295,200.0,220.0,0.0,110.0,0.0
nw_dual_val_013,moderate,17,4,3,6,7,810ca02ee80c8ff4,24.705363010715192,200.0,220.0,0.0,110.0,0.0
nw_dual_val_015,hard,7,0,0,0,1,c75f0b47cd74aeae,2.5132884175867924,200.0,220.0,0.0,110.0,0.0
nw_dual_val_015,hard,7,0,1,0,1,f21a866ead8514b7,0.5523014136827546,200.0,220.0,0.0363636363636363,110.0,0.0
nw_dual_val_015,hard,7,0,2,0,1,86ae0acfb5dacbfa,2.0328603724910184,200.0,220.0,0.0,110.0,0.0
nw_dual_val_015,hard,7,0,3,0,1,16016184643e8b6d,135.44679955501118,200.0,220.0,0.0,110.0,0.0
nw_dual_val_015,hard,12,1,0,2,3,a0b9af185eafccdc,3.031000830941279,200.0,220.0,0.0,110.0,0.0
nw_dual_val_015,hard,12,1,1,2,3,543abb6f68fd358d,0.824016913460044,400.0,409.0,0.0476190476190476,210.0,0.0
nw_dual_val_015,hard,12,1,2,2,3,b84d00bb477a3056,1.141642735729235,400.0,410.0,0.0,210.0,0.0
nw_dual_val_015,hard,12,1,3,2,3,ba136e973dd45bd3,2.811036815270718,200.0,220.0,0.0,110.0,0.0
nw_dual_val_015,hard,16,2,0,4,5,5b22b7d9894c7ef5,3.886639859321751,200.0,220.0,0.0,110.0,0.0
nw_dual_val_015,hard,16,2,1,4,5,4201f6a71e6b3717,6.427345909222887,200.0,220.0,0.0,110.0,0.0
nw_dual_val_015,hard,16,2,2,4,5,6f3eb9f73f6fd9d2,9.695807448989438,200.0,220.0,0.0,110.0,0.0
nw_dual_val_015,hard,16,2,3,4,5,cc3066f7ea3ee0e9,1.2674093963061006,200.0,220.0,0.009090909090909,110.0,0.0
nw_dual_val_015,hard,8,3,0,5,6,953509b673a59564,191.19001455044588,400.0,409.0,0.0,210.0,0.0
nw_dual_val_015,hard,8,3,1,5,6,074f2ed60734919e,191.02853016883972,400.0,410.0,0.0,210.0,0.0
nw_dual_val_015,hard,8,3,2,5,6,c2f6a8ec7ab00ad3,191.26726888431176,400.0,410.0,0.0,210.0,0.0
nw_dual_val_015,hard,8,3,3,5,6,6c4213fa3c4e8e6b,191.11446770174192,400.0,410.0,0.0,210.0,0.0
nw_dual_val_015,hard,13,4,0,6,7,bcad1e4f4b996373,124.60587940004334,400.0,409.0,0.0,210.0,0.0
nw_dual_val_015,hard,13,4,1,6,7,3b21adf160b45f29,124.52662827341828,400.0,409.0,0.0,210.0,0.0
nw_dual_val_015,hard,13,4,2,6,7,a412444d9b688d39,124.43108136122112,400.0,410.0,0.0,210.0,0.0
nw_dual_val_015,hard,13,4,3,6,7,420ffa13d87ebc54,124.54455495187878,400.0,409.0,0.0,210.0,0.0
nw_dual_val_023,near-boundary,6,0,0,0,1,bcf94e3e57069524,0.8232906363376524,200.0,220.0,0.0454545454545454,110.0,0.0
nw_dual_val_023,near-boundary,6,0,1,0,1,8428b3fd14b42611,2.8060936023867966,200.0,220.0,0.0,110.0,0.0
nw_dual_val_023,near-boundary,6,0,2,0,1,39c9fc455629d1d3,2.254254295321107,200.0,220.0,0.0,110.0,0.0
nw_dual_val_023,near-boundary,6,0,3,0,1,13d23354750c1b18,1.3151449824993315,200.0,220.0,0.0,110.0,0.0
nw_dual_val_023,near-boundary,4,1,0,2,3,7115a3deac1ddce8,1.3242803984162868,200.0,220.0,0.0272727272727272,110.0,0.0
nw_dual_val_023,near-boundary,4,1,1,2,3,978ea2a1b91ebb0b,0.7655620902437221,400.0,410.0,0.0333333333333333,210.0,0.0
nw_dual_val_023,near-boundary,4,1,2,2,3,4d3b80ace5195554,2.8464543730875147,200.0,220.0,0.0,110.0,0.0
nw_dual_val_023,near-boundary,4,1,3,2,3,2e5fdcdc9caf5e11,0.8295269253557915,400.0,409.0,0.0952380952380952,210.0,1.0
nw_dual_val_023,near-boundary,5,2,0,3,4,03e4afcc20c1af1e,108.69962803312904,200.0,220.0,0.0,110.0,0.0
nw_dual_val_023,near-boundary,5,2,1,3,4,e322faa98b9be734,109.46524954802004,200.0,220.0,0.0,110.0,0.0
nw_dual_val_023,near-boundary,5,2,2,3,4,a32bec3c3ca672bd,85.15086212569804,200.0,220.0,0.0,110.0,0.0
nw_dual_val_023,near-boundary,5,2,3,3,4,982833889b586371,180.2085482838836,200.0,220.0,0.0,110.0,0.0
nw_dual_val_023,near-boundary,12,3,0,5,6,b0024c421cfbaf1c,2.196644362984946,400.0,410.0,0.0,210.0,0.0
nw_dual_val_023,near-boundary,12,3,1,5,6,c2c4bba6fd089559,2.1129545001932497,400.0,410.0,0.0,210.0,0.0
nw_dual_val_023,near-boundary,12,3,2,5,6,5678cc1617f572e1,2.1307808532375767,400.0,409.0,0.0,210.0,0.0
nw_dual_val_023,near-boundary,12,3,3,5,6,a67d04830cf79835,2.1107450953017843,400.0,410.0,0.0,210.0,0.0
nw_dual_val_023,near-boundary,17,4,0,6,7,26b21bdfd8aabe1c,193.1517707270709,400.0,346.0,0.0,210.0,0.0
nw_dual_val_023,near-boundary,17,4,1,6,7,235a7c8b4f6be992,193.3201688203419,400.0,409.0,0.0,210.0,0.0
nw_dual_val_023,near-boundary,17,4,2,6,7,9c6ba0bf2d30dd8e,193.2371915563777,400.0,376.0,0.0,210.0,0.0
nw_dual_val_023,near-boundary,17,4,3,6,7,03a7bddb65276d90,193.3136740972216,400.0,346.0,0.0,210.0,0.0
nw_dual_val_025,moderate,2,0,0,0,1,05241630f3f92916,3.764042720636409,200.0,220.0,0.0,110.0,0.0
nw_dual_val_025,moderate,2,0,1,0,1,e48910469e51ea48,0.6985486539608157,400.0,410.0,0.0238095238095238,210.0,0.0
nw_dual_val_025,moderate,2,0,2,0,1,28874b4934a7c7b8,0.893286970277597,400.0,410.0,0.0476190476190476,210.0,0.0
nw_dual_val_025,moderate,2,0,3,0,1,47481d63adf08840,0.9502764418384556,400.0,410.0,0.0285714285714285,210.0,0.0
nw_dual_val_025,moderate,13,1,0,1,2,4a3a0c51aa666c08,83.30612216834834,200.0,219.0,0.0,110.0,0.0
nw_dual_val_025,moderate,13,1,1,1,2,f8bd766e957479d6,81.93826888387622,400.0,410.0,0.0,210.0,0.0
nw_dual_val_025,moderate,13,1,2,1,2,0ec751b85c26aa3f,82.20089217616378,400.0,410.0,0.0,210.0,0.0
nw_dual_val_025,moderate,13,1,3,1,2,81c0f51378caa462,82.14121880610149,400.0,410.0,0.0,210.0,0.0
nw_dual_val_025,moderate,19,2,0,2,3,4cdbf4b3e36a0ee3,1.0070635561327557,400.0,410.0,0.1047619047619047,210.0,0.0
nw_dual_val_025,moderate,19,2,1,2,3,0ce8eac616116893,1.121263799018674,400.0,410.0,0.0952380952380952,210.0,0.0
nw_dual_val_025,moderate,19,2,2,2,3,60812d5529ded162,1.3661018326671042,200.0,220.0,0.0818181818181818,110.0,0.0
nw_dual_val_025,moderate,19,2,3,2,3,165a003aeb4f3632,18.269905182925708,200.0,220.0,0.0,110.0,0.0
nw_dual_val_025,moderate,17,3,0,4,5,ca21930714649c8d,57.58636976663202,200.0,220.0,0.0,110.0,0.0
nw_dual_val_025,moderate,17,3,1,4,5,c18c66a728accd10,56.378927095201206,200.0,220.0,0.0,110.0,0.0
nw_dual_val_025,moderate,17,3,2,4,5,ba5b8276f70da65c,46.485685895679545,200.0,220.0,0.0,110.0,0.0
nw_dual_val_025,moderate,17,3,3,4,5,0cb6146c45a1dff1,50.3140440611546,200.0,220.0,0.0,110.0,0.0
nw_dual_val_025,moderate,11,4,0,6,7,5213224e4b322e81,16.01955136777495,400.0,393.0,0.0,210.0,0.0
nw_dual_val_025,moderate,11,4,1,6,7,9dd43feb14ed606b,16.01511862865993,400.0,410.0,0.0,210.0,0.0
nw_dual_val_025,moderate,11,4,2,6,7,cd31553c2824a79a,14.40686373673604,400.0,410.0,0.0,210.0,0.0
nw_dual_val_025,moderate,11,4,3,6,7,b64a9ed46ce26f0e,16.01678951657514,400.0,409.0,0.0,210.0,0.0
nw_dual_val_027,hard,2,0,0,0,1,d5198db1b7827836,1.9165333036069128,200.0,220.0,0.0,110.0,0.0
nw_dual_val_027,hard,2,0,1,0,1,ac88892d36246b1e,1.8748602500776503,200.0,220.0,0.0,110.0,0.0
nw_dual_val_027,hard,2,0,2,0,1,4346b78576895a19,3.352513524588684,200.0,220.0,0.0,110.0,0.0
nw_dual_val_027,hard,2,0,3,0,1,7ea127f5c6c9acbb,1.503366525711593,200.0,220.0,0.009090909090909,110.0,0.0
nw_dual_val_027,hard,15,1,0,2,3,142ffa4215aff4cc,5.528443965627801,200.0,220.0,0.0,110.0,0.0
nw_dual_val_027,hard,15,1,1,2,3,5ddddd45e279351f,6.048171337715367,200.0,220.0,0.0,110.0,0.0
nw_dual_val_027,hard,15,1,2,2,3,97b9c032d9145be6,6.600686681685335,200.0,220.0,0.0,110.0,0.0
nw_dual_val_027,hard,15,1,3,2,3,7cbe94b405b56c38,42.8926465927118,200.0,219.0,0.0,110.0,0.0
nw_dual_val_027,hard,13,2,0,3,4,368f07aae4501e2a,2.857845191201671,400.0,410.0,0.0,210.0,0.0
nw_dual_val_027,hard,13,2,1,3,4,4eed1fb75a2b3bf2,6.824797434080045,200.0,220.0,0.0,110.0,0.0
nw_dual_val_027,hard,13,2,2,3,4,bd56c4f8959b6721,3.876536569214198,200.0,220.0,0.0,110.0,0.0
nw_dual_val_027,hard,13,2,3,3,4,afa0c239d4727d1a,2.6804007393720086,400.0,410.0,0.0,210.0,0.0
nw_dual_val_027,hard,1,3,0,5,6,4e635d1ba24fc998,6.167932022796111,200.0,220.0,0.0,110.0,0.0
nw_dual_val_027,hard,1,3,1,5,6,cd47535f880f1b2c,15.061056334748606,200.0,212.0,0.0,110.0,0.0
nw_dual_val_027,hard,1,3,2,5,6,4f116bd929d812d7,8.924131928145306,200.0,220.0,0.0,110.0,0.0
nw_dual_val_027,hard,1,3,3,5,6,172822c0bbdf3c34,8.391318126820318,200.0,220.0,0.0,110.0,0.0
nw_dual_val_027,hard,19,4,0,6,7,63084358a2538a0d,69.85106765316218,400.0,346.0,0.0,210.0,0.0
nw_dual_val_027,hard,19,4,1,6,7,4b26fd5a99aaee54,69.75017701947388,400.0,346.0,0.0,210.0,0.0
nw_dual_val_027,hard,19,4,2,6,7,23e51d296a356c2d,69.67673583457947,400.0,410.0,0.0,210.0,0.0
nw_dual_val_027,hard,19,4,3,6,7,9951a0ad3b6524d8,69.94338482244183,400.0,390.0,0.0,210.0,0.0
nw_dual_val_030,near-boundary,5,0,0,0,1,95034cf0f06e6492,2.2580897813285703,200.0,220.0,0.0,110.0,0.0
nw_dual_val_030,near-boundary,5,0,1,0,1,f12b8f0ae501d39f,0.9178697345755766,400.0,410.0,0.0,210.0,0.0
nw_dual_val_030,near-boundary,5,0,2,0,1,92e1d5de99aef304,1.24133216793778,400.0,410.0,0.0,210.0,0.0
nw_dual_val_030,near-boundary,5,0,3,0,1,1506dc5981e074f8,2.217539047564031,200.0,220.0,0.0,110.0,0.0
nw_dual_val_030,near-boundary,15,1,0,1,2,f20112858c24bee0,47.722370380531466,200.0,220.0,0.0,110.0,0.0
nw_dual_val_030,near-boundary,15,1,1,1,2,1ba3f02568cb3c1c,36.61818263139129,200.0,220.0,0.0,110.0,0.0
nw_dual_val_030,near-boundary,15,1,2,1,2,73ee0debb5e2bd36,1.867770286028414,400.0,410.0,0.0,210.0,0.0
nw_dual_val_030,near-boundary,15,1,3,1,2,fe076dc549fea488,1.6158960356187233,400.0,410.0,0.0,210.0,0.0
nw_dual_val_030,near-boundary,6,2,0,3,4,ce1684c91e7ff11e,2.2042025310840216,400.0,410.0,0.0,210.0,0.0
nw_dual_val_030,near-boundary,6,2,1,3,4,ec607e43533b07cc,1.7500463486936142,400.0,410.0,0.0,210.0,0.0
nw_dual_val_030,near-boundary,6,2,2,3,4,79c4ef44f7797f24,1.9016282418133548,400.0,410.0,0.0,210.0,0.0
nw_dual_val_030,near-boundary,6,2,3,3,4,6694b86a23191169,2.055340672646013,400.0,409.0,0.0,210.0,0.0
nw_dual_val_030,near-boundary,2,3,0,4,5,d4d6570c97df206e,18.528363979068743,200.0,220.0,0.0,110.0,0.0
nw_dual_val_030,near-boundary,2,3,1,4,5,fd9b56e20d99876e,16.976663689892334,400.0,410.0,0.0,210.0,0.0
nw_dual_val_030,near-boundary,2,3,2,4,5,cb6393fd1720e8a9,16.828160678682014,400.0,410.0,0.0,210.0,0.0
nw_dual_val_030,near-boundary,2,3,3,4,5,a64923e7bf47f833,18.496436680050248,200.0,220.0,0.0,110.0,0.0
nw_dual_val_030,near-boundary,4,4,0,6,7,24bb28fe78d6a8cc,47.68899519034799,400.0,390.0,0.0,210.0,0.0
nw_dual_val_030,near-boundary,4,4,1,6,7,47fe1aff5dca5f13,47.87527835402309,400.0,410.0,0.0,210.0,0.0
nw_dual_val_030,near-boundary,4,4,2,6,7,c7d69bcffd861897,47.85721916503408,400.0,409.0,0.0,210.0,0.0
nw_dual_val_030,near-boundary,4,4,3,6,7,5953f23375dc8af3,47.71753972453655,400.0,409.0,0.0,210.0,0.0
nw_dual_val_037,moderate,1,0,0,0,1,dfaa29cd466b4d4e,1.098387142813,400.0,410.0,0.0095238095238095,210.0,0.0
nw_dual_val_037,moderate,1,0,1,0,1,af78090b1bc8efd3,1.508653463500894,200.0,220.0,0.0272727272727272,110.0,0.0
nw_dual_val_037,moderate,1,0,2,0,1,dfb036fb426efd59,1.2572515436173124,400.0,410.0,0.0142857142857142,210.0,0.0
nw_dual_val_037,moderate,1,0,3,0,1,a57c1b35fe921d80,0.9714633433679634,400.0,410.0,0.0238095238095238,210.0,0.0
nw_dual_val_037,moderate,5,1,0,3,4,cbb4b180bb441dd5,50.09683796413187,200.0,220.0,0.0,110.0,0.0
nw_dual_val_037,moderate,5,1,1,3,4,6fc002bb8c6ed35d,17.673800751551912,200.0,220.0,0.0,110.0,0.0
nw_dual_val_037,moderate,5,1,2,3,4,c828aef612fc4f46,42.041543275672325,200.0,220.0,0.0,110.0,0.0
nw_dual_val_037,moderate,5,1,3,3,4,4d174a532e945c91,22.32154546107187,200.0,220.0,0.0,110.0,0.0
nw_dual_val_037,moderate,18,2,0,4,5,e469cde88a3e1dff,31.713068824201667,200.0,220.0,0.0,110.0,0.0
nw_dual_val_037,moderate,18,2,1,4,5,5897da1ec0115b00,0.7446028127579147,400.0,410.0,0.0428571428571428,210.0,0.0
nw_dual_val_037,moderate,18,2,2,4,5,65f645f34f10907d,0.9075968717050564,400.0,409.0,0.0952380952380952,210.0,0.0
nw_dual_val_037,moderate,18,2,3,4,5,7b4bce00183031e6,1.122041855712881,400.0,410.0,0.0523809523809523,210.0,0.0
nw_dual_val_037,moderate,0,3,0,6,7,1ef2b96f717a3edd,46.89912243594579,400.0,367.0,0.0,210.0,0.0
nw_dual_val_037,moderate,0,3,1,6,7,7b365bf0445d392b,46.86923157107135,400.0,409.0,0.0,210.0,0.0
nw_dual_val_037,moderate,0,3,2,6,7,476ce76dae4f0985,46.93413287433856,400.0,399.0,0.0,210.0,0.0
nw_dual_val_037,moderate,0,3,3,6,7,7cff0a6e7d1af748,46.88591738611076,400.0,367.0,0.0,210.0,0.0
nw_dual_val_037,moderate,19,4,0,6,7,3971a8be6e99e199,63.903317182159775,400.0,388.0,0.0,210.0,0.0
nw_dual_val_037,moderate,19,4,1,6,7,d22da36bc21b5bbf,63.930018988603,400.0,410.0,0.0,210.0,0.0
nw_dual_val_037,moderate,19,4,2,6,7,1b12d50eabb2ef5d,63.87648520858856,400.0,381.0,0.0,210.0,0.0
nw_dual_val_037,moderate,19,4,3,6,7,a7906845ab77929b,63.91548404307424,400.0,356.0,0.0,210.0,0.0
nw_dual_val_039,hard,0,0,0,0,1,4b7a903a529f72a2,1.569991590613924,200.0,220.0,0.0,110.0,0.0
nw_dual_val_039,hard,0,0,1,0,1,dc77d13ffd9d91d7,0.743106910897527,400.0,410.0,0.0095238095238095,210.0,0.0
nw_dual_val_039,hard,0,0,2,0,1,dfcae99e57676d0d,3.108206837800531,200.0,220.0,0.0,110.0,0.0
nw_dual_val_039,hard,0,0,3,0,1,83f082baf0208dad,0.9617567144889346,400.0,410.0,0.0,210.0,0.0
nw_dual_val_039,hard,10,1,0,1,2,75e025c25cb6496a,2.840692999867258,200.0,220.0,0.0,110.0,0.0
nw_dual_val_039,hard,10,1,1,1,2,3cf2a7ddd707e402,0.9916387846554298,400.0,410.0,0.0142857142857142,210.0,0.0
nw_dual_val_039,hard,10,1,2,1,2,a339132b0cec4b88,2.3330665885400794,200.0,220.0,0.0,110.0,0.0
nw_dual_val_039,hard,10,1,3,1,2,6734d4adb515bdfa,0.9558378474832928,400.0,410.0,0.0142857142857142,210.0,0.0
nw_dual_val_039,hard,12,2,0,3,4,ca916bb09043e01a,27.530818828519585,200.0,220.0,0.0,110.0,0.0
nw_dual_val_039,hard,12,2,1,3,4,24946d2bbe7b0117,76.46519135284404,200.0,220.0,0.0,110.0,0.0
nw_dual_val_039,hard,12,2,2,3,4,4c007abaa0ec18cb,28.009050337398467,200.0,220.0,0.0,110.0,0.0
nw_dual_val_039,hard,12,2,3,3,4,0fc799f412afb9ca,22.091016390921418,200.0,220.0,0.0,110.0,0.0
nw_dual_val_039,hard,16,3,0,5,6,f5e0845b8be07a58,3.5494796406891544,200.0,220.0,0.0,110.0,0.0
nw_dual_val_039,hard,16,3,1,5,6,cf5b59cae2d83fa1,2.5098682913069457,200.0,220.0,0.0,110.0,0.0
nw_dual_val_039,hard,16,3,2,5,6,8ffbcd2b11cb4c1c,7.021607431337307,200.0,220.0,0.0,110.0,0.0
nw_dual_val_039,hard,16,3,3,5,6,767aa6290162efd6,6.310506607144508,200.0,220.0,0.0,110.0,0.0
nw_dual_val_039,hard,15,4,0,6,7,b61524e0365b52c2,3.163247178111919,200.0,206.0,0.0,110.0,0.0
nw_dual_val_039,hard,15,4,1,6,7,b628035e91dff01f,3.0115569898243155,200.0,220.0,0.0,110.0,0.0
nw_dual_val_039,hard,15,4,2,6,7,7acd20dae9cc7735,2.5819835540021527,200.0,220.0,0.0,110.0,0.0
nw_dual_val_039,hard,15,4,3,6,7,df71e4c432257994,3.271151147168044,200.0,220.0,0.0,110.0,0.0
nw_dual_val_041,near-boundary,18,0,0,0,1,4ba0d91cfd5b299c,0.5998029653868289,400.0,410.0,0.0238095238095238,210.0,0.0
nw_dual_val_041,near-boundary,18,0,1,0,1,747d2d5fd116cc4d,83.63501170981516,200.0,219.0,0.0,110.0,0.0
nw_dual_val_041,near-boundary,18,0,2,0,1,422f1badd9a4af49,0.7568908463143889,400.0,410.0,0.0285714285714285,210.0,0.0
nw_dual_val_041,near-boundary,18,0,3,0,1,8aac8627c19c4efd,0.7197515505706391,400.0,410.0,0.019047619047619,210.0,0.0
nw_dual_val_041,near-boundary,17,1,0,1,2,5664ebbb75540402,11.521695561724618,200.0,220.0,0.0,110.0,0.0
nw_dual_val_041,near-boundary,17,1,1,1,2,6974b69809a40717,14.439709317278965,200.0,220.0,0.0,110.0,0.0
nw_dual_val_041,near-boundary,17,1,2,1,2,b9d20034dfec047e,18.513484690089403,200.0,220.0,0.0,110.0,0.0
nw_dual_val_041,near-boundary,17,1,3,1,2,8f5fe26e47440446,83.2003838467307,200.0,219.0,0.0,110.0,0.0
nw_dual_val_041,near-boundary,9,2,0,4,5,4043b25fd5e3ef72,20.38879509112843,400.0,410.0,0.0,210.0,0.0
nw_dual_val_041,near-boundary,9,2,1,4,5,a3f608ad15a79423,20.278068040074736,400.0,358.0,0.0,210.0,0.0
nw_dual_val_041,near-boundary,9,2,2,4,5,96cff6506c14128b,20.266569852926967,400.0,358.0,0.0,210.0,0.0
nw_dual_val_041,near-boundary,9,2,3,4,5,4c0aad0ee27f2077,20.336564887638698,400.0,410.0,0.0,210.0,0.0
nw_dual_val_041,near-boundary,15,3,0,5,6,4822517af3c5d1e0,57.84392142203442,400.0,410.0,0.0,210.0,0.0
nw_dual_val_041,near-boundary,15,3,1,5,6,b7cf0fef9d73cea6,57.82279534703231,400.0,403.0,0.0,210.0,0.0
nw_dual_val_041,near-boundary,15,3,2,5,6,ddad2f293d33643a,57.79864002837537,400.0,409.0,0.0,210.0,0.0
nw_dual_val_041,near-boundary,15,3,3,5,6,b84bf0fa993995e8,57.80514956799794,400.0,373.0,0.0,210.0,0.0
nw_dual_val_041,near-boundary,14,4,0,6,7,9c4444863fc727c8,1.448836054970846,400.0,346.0,0.0,210.0,0.0
nw_dual_val_041,near-boundary,14,4,1,6,7,d13f2ac4021c487b,1.6291886480449222,200.0,219.0,0.0,110.0,0.0
nw_dual_val_041,near-boundary,14,4,2,6,7,4220ca36949468fb,1.9906996471317304,200.0,220.0,0.0,110.0,0.0
nw_dual_val_041,near-boundary,14,4,3,6,7,f36b350932da86a3,1.093567836287717,400.0,409.0,0.0,210.0,0.0
nw_dual_val_048,near-boundary,11,0,0,0,1,cd54c0fdae3ea56f,0.5500799026317628,400.0,409.0,0.0142857142857142,210.0,0.0
nw_dual_val_048,near-boundary,11,0,1,0,1,0eb786fcfd8a7118,1.4847987139153056,200.0,220.0,0.0363636363636363,110.0,0.0
nw_dual_val_048,near-boundary,11,0,2,0,1,5f04ca1611a2d5f5,0.8269842859853974,400.0,410.0,0.0333333333333333,210.0,0.0
nw_dual_val_048,near-boundary,11,0,3,0,1,969c1d122cab45ae,0.7183383376025745,400.0,410.0,0.0047619047619047,210.0,0.0
nw_dual_val_048,near-boundary,5,1,0,3,4,a3e38e1a47bf24d2,2.632159017483933,200.0,220.0,0.0,110.0,0.0
nw_dual_val_048,near-boundary,5,1,1,3,4,90fd8f77a1778345,1.449090130063552,200.0,220.0,0.0,110.0,0.0
nw_dual_val_048,near-boundary,5,1,2,3,4,0e3b077dd486b0c8,0.9848279877174416,400.0,410.0,0.0476190476190476,210.0,0.0
nw_dual_val_048,near-boundary,5,1,3,3,4,6b36a992ffbba57b,0.9903543147529192,400.0,410.0,0.0476190476190476,210.0,0.0
nw_dual_val_048,near-boundary,3,2,0,4,5,5de7112e4f53adaa,11.634147650684412,200.0,220.0,0.0,110.0,0.0
nw_dual_val_048,near-boundary,3,2,1,4,5,6eb8192cbbdbcd32,7.763921668468042,200.0,220.0,0.0,110.0,0.0
nw_dual_val_048,near-boundary,3,2,2,4,5,acadf81517f55776,9.628592055993368,200.0,220.0,0.0,110.0,0.0
nw_dual_val_048,near-boundary,3,2,3,4,5,788c6a8e1d3f1c4d,8.868307086509349,200.0,220.0,0.0,110.0,0.0
nw_dual_val_048,near-boundary,8,3,0,5,6,a2b77bbf1e300a11,1.8321643168448989,200.0,220.0,0.0,110.0,0.0
nw_dual_val_048,near-boundary,8,3,1,5,6,7e59364714f91426,1.364996060607936,200.0,220.0,0.0454545454545454,110.0,0.0
nw_dual_val_048,near-boundary,8,3,2,5,6,dbfc0386b6cf8cd3,1.771915334985924,200.0,220.0,0.009090909090909,110.0,0.0
nw_dual_val_048,near-boundary,8,3,3,5,6,4d5de3f8f999d9c6,3.387342597223985,200.0,220.0,0.0,110.0,0.0
nw_dual_val_048,near-boundary,15,4,0,6,7,5bd426d7e9be55e7,110.53543270327278,200.0,216.0,0.0,110.0,0.0
nw_dual_val_048,near-boundary,15,4,1,6,7,2092103fa0317bf1,109.59475913568316,200.0,220.0,0.0,110.0,0.0
nw_dual_val_048,near-boundary,15,4,2,6,7,99889fbd7c5327ca,117.85473386166048,200.0,219.0,0.0,110.0,0.0
nw_dual_val_048,near-boundary,15,4,3,6,7,8a687a58cf15d9af,114.49240119248414,200.0,216.0,0.0,110.0,0.0
nw_dual_val_049,moderate,2,0,0,0,1,d68c5eb186c765f6,1.4313298416670963,200.0,220.0,0.009090909090909,110.0,0.0
nw_dual_val_049,moderate,2,0,1,0,1,63ae032f1c6dc07c,1.5727333484927055,200.0,220.0,0.0,110.0,0.0
nw_dual_val_049,moderate,2,0,2,0,1,5637d39c6320b761,0.88016883913814,200.0,220.0,0.009090909090909,110.0,0.0
nw_dual_val_049,moderate,2,0,3,0,1,1d7141c08bdf4490,153.05190875715118,200.0,220.0,0.0,110.0,0.0
nw_dual_val_049,moderate,1,1,0,1,2,5c7a4e294e540993,1.0656684920162076,200.0,220.0,0.0,110.0,0.0
nw_dual_val_049,moderate,1,1,1,1,2,a4046a5c6f7a57ec,1.587276474053545,200.0,220.0,0.0,110.0,0.0
nw_dual_val_049,moderate,1,1,2,1,2,33644038c4f8c958,1.5461438562497514,200.0,220.0,0.0,110.0,0.0
nw_dual_val_049,moderate,1,1,3,1,2,2d0cf049e8bfbceb,2.074454183970422,200.0,220.0,0.0,110.0,0.0
nw_dual_val_049,moderate,19,2,0,1,2,20e304e3f38a9f83,106.26156219602784,200.0,220.0,0.0,110.0,0.0
nw_dual_val_049,moderate,19,2,1,1,2,eb0cb775e9ab4123,156.80199712447197,200.0,220.0,0.0,110.0,0.0
nw_dual_val_049,moderate,19,2,2,1,2,fe49073da37d428f,154.6758079183095,200.0,220.0,0.0,110.0,0.0
nw_dual_val_049,moderate,19,2,3,1,2,9b95ebe1e54a6df7,87.29553471887256,200.0,220.0,0.0,110.0,0.0
nw_dual_val_049,moderate,17,3,0,4,5,45193d7111f73f7b,108.40854037794088,200.0,220.0,0.0,110.0,0.0
nw_dual_val_049,moderate,17,3,1,4,5,4f6ee1da4c3ca0f6,105.06667865632302,400.0,394.0,0.0,210.0,0.0
nw_dual_val_049,moderate,17,3,2,4,5,d529635d20343183,105.0675298156236,400.0,410.0,0.0,210.0,0.0
nw_dual_val_049,moderate,17,3,3,4,5,b33c42debc8544c8,122.38390010658335,200.0,220.0,0.0,110.0,0.0
nw_dual_val_049,moderate,16,4,0,6,7,c0d90ad00bf0dd85,53.37447685038833,400.0,391.0,0.0,210.0,0.0
nw_dual_val_049,moderate,16,4,1,6,7,9ea057aca98fea22,53.16966167984543,400.0,357.0,0.0,210.0,0.0
nw_dual_val_049,moderate,16,4,2,6,7,fc900fe2cc2add7b,53.31798759682079,400.0,365.0,0.0,210.0,0.0
nw_dual_val_049,moderate,16,4,3,6,7,2aae226891eb9ab6,53.25512736267479,400.0,410.0,0.0,210.0,0.0
nw_dual_val_050,hard,1,0,0,0,1,2a51700d7fb2b860,0.8880096964806508,200.0,220.0,0.0,110.0,0.0
nw_dual_val_050,hard,1,0,1,0,1,9b31be95720326b2,1.7682066975776058,200.0,220.0,0.0,110.0,0.0
nw_dual_val_050,hard,1,0,2,0,1,a0533142611d84ff,1.298051259065756,200.0,220.0,0.0,110.0,0.0
nw_dual_val_050,hard,1,0,3,0,1,919ddf7684eea617,1.3091498145693354,200.0,220.0,0.0181818181818181,110.0,0.0
nw_dual_val_050,hard,19,1,0,0,1,ba31ee05e87e17d2,5.311230147371456,200.0,220.0,0.0,110.0,0.0
nw_dual_val_050,hard,19,1,1,0,1,72afabcf8a49b211,9.2615929633492,200.0,220.0,0.0,110.0,0.0
nw_dual_val_050,hard,19,1,2,0,1,65775b8d55a7e1ca,3.5790871682168945,200.0,220.0,0.0,110.0,0.0
nw_dual_val_050,hard,19,1,3,0,1,5c9a989faa15f986,1.2612740302739218,200.0,220.0,0.0,110.0,0.0
nw_dual_val_050,hard,2,2,0,4,5,84ce832bc39f7a07,57.27882242789602,200.0,220.0,0.0,110.0,0.0
nw_dual_val_050,hard,2,2,1,4,5,490a7f2de87a4f64,13.655508174809842,200.0,220.0,0.0,110.0,0.0
nw_dual_val_050,hard,2,2,2,4,5,79f8fd396f37df02,20.354575404154254,200.0,220.0,0.0,110.0,0.0
nw_dual_val_050,hard,2,2,3,4,5,ad749be6243bf4ea,70.79040590565161,200.0,220.0,0.0,110.0,0.0
nw_dual_val_050,hard,11,3,0,5,6,c724a7bfe7e630e0,2.140281635691577,400.0,410.0,0.0,210.0,0.0
nw_dual_val_050,hard,11,3,1,5,6,fee517b17cfa42b5,4.994123832096503,200.0,220.0,0.0,110.0,0.0
nw_dual_val_050,hard,11,3,2,5,6,1670a333629e06ef,1.799202331794933,400.0,410.0,0.0,210.0,0.0
nw_dual_val_050,hard,11,3,3,5,6,8ea9afd878515f3d,16.73314837981563,200.0,220.0,0.0,110.0,0.0
nw_dual_val_050,hard,16,4,0,6,7,487ae23158f46824,125.74972957296136,400.0,375.0,0.0,210.0,0.0
nw_dual_val_050,hard,16,4,1,6,7,d74bf6be74af3731,125.62132193037534,400.0,410.0,0.0,210.0,0.0
nw_dual_val_050,hard,16,4,2,6,7,a667c88f73f63d23,125.62592949604304,400.0,346.0,0.0,210.0,0.0
nw_dual_val_050,hard,16,4,3,6,7,1869f6ad2db72370,125.76746813018336,400.0,409.0,0.0,210.0,0.0
nw_retrain_0010_crossing_moderate_seed20251824,moderate,1,0,0,0,1,8a38341d77279f72,1.9386158672629608,200.0,220.0,0.009090909090909,110.0,0.0
nw_retrain_0010_crossing_moderate_seed20251824,moderate,1,0,1,0,1,380744e244a67407,7.111902769225715,200.0,220.0,0.0,110.0,0.0
nw_retrain_0010_crossing_moderate_seed20251824,moderate,1,0,2,0,1,470bc502b3b7bb74,7.127432475241927,200.0,220.0,0.009090909090909,110.0,0.0
nw_retrain_0010_crossing_moderate_seed20251824,moderate,1,0,3,0,1,74240cc9867f8c61,4839.0735014138345,200.0,220.0,0.0,110.0,0.0
nw_retrain_0010_crossing_moderate_seed20251824,moderate,0,1,0,2,3,fff5bbb03e8a488a,2190.5499442469454,200.0,220.0,0.0,110.0,0.0
nw_retrain_0010_crossing_moderate_seed20251824,moderate,0,1,1,2,3,47dc21a274379637,2.13937856734795,400.0,410.0,0.019047619047619,210.0,0.0
nw_retrain_0010_crossing_moderate_seed20251824,moderate,0,1,2,2,3,18843d4936b9e2a5,2.100456792587313,400.0,409.0,0.019047619047619,210.0,0.0
nw_retrain_0010_crossing_moderate_seed20251824,moderate,0,1,3,2,3,e8e6b66a2eb2ea05,7.354317005702508,200.0,220.0,0.0,110.0,0.0
nw_retrain_0010_crossing_moderate_seed20251824,moderate,10,2,0,3,4,5099244bb3a66cd0,60.142492359190406,200.0,220.0,0.0,110.0,0.0
nw_retrain_0010_crossing_moderate_seed20251824,moderate,10,2,1,3,4,fadd8247afffc0d8,124.23560547551324,200.0,220.0,0.0,110.0,0.0
nw_retrain_0010_crossing_moderate_seed20251824,moderate,10,2,2,3,4,945b36279055fcbf,1699.8929548197532,200.0,220.0,0.0,110.0,0.0
nw_retrain_0010_crossing_moderate_seed20251824,moderate,10,2,3,3,4,baffbc26f8a467b3,663.8869854755866,200.0,220.0,0.0,110.0,0.0
nw_retrain_0010_crossing_moderate_seed20251824,moderate,15,3,0,4,5,d0fcab23e4c5cf54,16.43285708293665,200.0,220.0,0.0,110.0,0.0
nw_retrain_0010_crossing_moderate_seed20251824,moderate,15,3,1,4,5,e383e7ed660d665b,33.73790492063684,200.0,220.0,0.009090909090909,110.0,0.0
nw_retrain_0010_crossing_moderate_seed20251824,moderate,15,3,2,4,5,fd6807ec851387a9,217.905983936716,200.0,220.0,0.0,110.0,0.0
nw_retrain_0010_crossing_moderate_seed20251824,moderate,15,3,3,4,5,066acd15a3e6c749,17.070203395679187,200.0,220.0,0.009090909090909,110.0,0.0
nw_retrain_0010_crossing_moderate_seed20251824,moderate,18,4,0,6,7,b4bc677d3d547cbb,10048.52436658508,200.0,220.0,0.0,110.0,0.0
nw_retrain_0010_crossing_moderate_seed20251824,moderate,18,4,1,6,7,6cc7ea2626180c3f,10057.628068912389,200.0,219.0,0.0,110.0,0.0
nw_retrain_0010_crossing_moderate_seed20251824,moderate,18,4,2,6,7,193ae399d56945cf,10049.293118846535,200.0,220.0,0.0,110.0,0.0
nw_retrain_0010_crossing_moderate_seed20251824,moderate,18,4,3,6,7,bee5f16975dddb3c,10055.281426415771,200.0,220.0,0.0,110.0,0.0
nw_retrain_0014_vertically_overlapping_hard_seed20252216,hard,0,0,0,0,1,69b115e46c4b326f,3.3343403170725736,200.0,220.0,0.0,110.0,0.0
nw_retrain_0014_vertically_overlapping_hard_seed20252216,hard,0,0,1,0,1,8f65e4c4bb3c9560,7.761152442273246,200.0,220.0,0.0,110.0,0.0
nw_retrain_0014_vertically_overlapping_hard_seed20252216,hard,0,0,2,0,1,6dad749a1b12b932,10.932381848763171,200.0,220.0,0.009090909090909,110.0,0.0
nw_retrain_0014_vertically_overlapping_hard_seed20252216,hard,0,0,3,0,1,aa4a83234a0b84b2,187.03366652988865,200.0,220.0,0.0,110.0,0.0
nw_retrain_0014_vertically_overlapping_hard_seed20252216,hard,9,1,0,1,2,237989c7b86bdfa8,146.74335625625335,200.0,220.0,0.0,110.0,0.0
nw_retrain_0014_vertically_overlapping_hard_seed20252216,hard,9,1,1,1,2,652508e015f49806,4494.857003685306,200.0,220.0,0.0,110.0,0.0
nw_retrain_0014_vertically_overlapping_hard_seed20252216,hard,9,1,2,1,2,e05014f7366e9ac7,18.55122432441574,200.0,220.0,0.0,110.0,0.0
nw_retrain_0014_vertically_overlapping_hard_seed20252216,hard,9,1,3,1,2,45d8dbd22669b312,49.56851088461679,200.0,220.0,0.0,110.0,0.0
nw_retrain_0014_vertically_overlapping_hard_seed20252216,hard,17,2,0,2,3,b5dd426ab58cca48,3.280721971086056,200.0,220.0,0.009090909090909,110.0,0.0
nw_retrain_0014_vertically_overlapping_hard_seed20252216,hard,17,2,1,2,3,3ef98e2cabee7e8f,2601.839459443793,200.0,220.0,0.0,110.0,0.0
nw_retrain_0014_vertically_overlapping_hard_seed20252216,hard,17,2,2,2,3,8d782de69e83cd02,19.161121267750573,200.0,220.0,0.0,110.0,0.0
nw_retrain_0014_vertically_overlapping_hard_seed20252216,hard,17,2,3,2,3,8407a25e0055b050,5.655231947783424,200.0,220.0,0.009090909090909,110.0,0.0
nw_retrain_0014_vertically_overlapping_hard_seed20252216,hard,3,3,0,6,7,c994ed12e8e4326e,2938.74213614295,200.0,220.0,0.0,110.0,0.0
nw_retrain_0014_vertically_overlapping_hard_seed20252216,hard,3,3,1,6,7,d6e0372da72fe48f,2888.6326557669486,200.0,220.0,0.0,110.0,0.0
nw_retrain_0014_vertically_overlapping_hard_seed20252216,hard,3,3,2,6,7,cd43c0e18ba27679,2945.105619931882,200.0,220.0,0.0,110.0,0.0
nw_retrain_0014_vertically_overlapping_hard_seed20252216,hard,3,3,3,6,7,6fd9c529843b434a,2944.2140136324683,200.0,220.0,0.0,110.0,0.0
nw_retrain_0014_vertically_overlapping_hard_seed20252216,hard,19,4,0,6,7,dc136d64b4acd5ef,2197.9061534131115,200.0,220.0,0.0,110.0,0.0
nw_retrain_0014_vertically_overlapping_hard_seed20252216,hard,19,4,1,6,7,f99e4a114cb891f3,2204.0027067184024,200.0,220.0,0.0,110.0,0.0
nw_retrain_0014_vertically_overlapping_hard_seed20252216,hard,19,4,2,6,7,408430aab1841b21,2199.2534303612056,200.0,220.0,0.0,110.0,0.0
nw_retrain_0014_vertically_overlapping_hard_seed20252216,hard,19,4,3,6,7,c68f3bf3ca633592,2216.353642764508,200.0,220.0,0.0,110.0,0.0
nw_retrain_0077_none_easy_seed20258521,easy,3,0,0,0,1,fc1020fbdc9464ed,7.414101346582787,200.0,220.0,0.0181818181818181,110.0,0.0
nw_retrain_0077_none_easy_seed20258521,easy,3,0,1,0,1,e141a115ad67744a,4.036835365466517,200.0,220.0,0.009090909090909,110.0,0.0
nw_retrain_0077_none_easy_seed20258521,easy,3,0,2,0,1,8ab847b11c65b361,9.170196144982388,200.0,220.0,0.009090909090909,110.0,0.0
nw_retrain_0077_none_easy_seed20258521,easy,3,0,3,0,1,3ffaa05f939463ad,17.47331908386105,200.0,220.0,0.0,110.0,0.0
nw_retrain_0077_none_easy_seed20258521,easy,15,1,0,1,2,4bc1cfa2b314ca3f,5.9396333722074965,200.0,220.0,0.0,110.0,0.0
nw_retrain_0077_none_easy_seed20258521,easy,15,1,1,1,2,cbfe0ed2c8da82e6,4.16733024400475,200.0,220.0,0.0,110.0,0.0
nw_retrain_0077_none_easy_seed20258521,easy,15,1,2,1,2,119ef4e21686a6eb,2082.036085264787,200.0,220.0,0.0,110.0,0.0
nw_retrain_0077_none_easy_seed20258521,easy,15,1,3,1,2,fb12beac645f5a6f,237.57672205533532,200.0,220.0,0.0,110.0,0.0
nw_retrain_0077_none_easy_seed20258521,easy,2,2,0,3,4,a7eaf19896d3fe95,6684.201030920011,200.0,220.0,0.0,110.0,0.0
nw_retrain_0077_none_easy_seed20258521,easy,2,2,1,3,4,a6129e69c15df558,6699.609713644596,200.0,220.0,0.0,110.0,0.0
nw_retrain_0077_none_easy_seed20258521,easy,2,2,2,3,4,e9548cb53196750f,5885.4014125927415,200.0,220.0,0.0,110.0,0.0
nw_retrain_0077_none_easy_seed20258521,easy,2,2,3,3,4,60a81126e6454f2d,5941.449665106625,200.0,220.0,0.0,110.0,0.0
nw_retrain_0077_none_easy_seed20258521,easy,17,3,0,4,5,af812a7956b5bdd8,10.961638972990729,200.0,220.0,0.0,110.0,0.0
nw_retrain_0077_none_easy_seed20258521,easy,17,3,1,4,5,8d665bfb5ff5e719,8.451242196302927,400.0,410.0,0.0142857142857142,210.0,0.0
nw_retrain_0077_none_easy_seed20258521,easy,17,3,2,4,5,2f0092a1b1120e84,8.372377421399342,400.0,410.0,0.0047619047619047,210.0,0.0
nw_retrain_0077_none_easy_seed20258521,easy,17,3,3,4,5,dcd913a37266b019,2012.0529606038888,200.0,220.0,0.0,110.0,0.0
nw_retrain_0077_none_easy_seed20258521,easy,4,4,0,6,7,9e60d62975aed7db,35.321376057017275,200.0,220.0,0.0,110.0,0.0
nw_retrain_0077_none_easy_seed20258521,easy,4,4,1,6,7,2db3aee899df1209,20.313290718188675,200.0,220.0,0.0,110.0,0.0
nw_retrain_0077_none_easy_seed20258521,easy,4,4,2,6,7,869e0518523c48ca,1207.0735284409657,200.0,219.0,0.0,110.0,0.0
nw_retrain_0077_none_easy_seed20258521,easy,4,4,3,6,7,73cc894e1727ae69,1834.1039574406389,200.0,219.0,0.0,110.0,0.0
nw_retrain_0099_vertically_overlapping_easy_seed20260677,easy,2,0,0,0,1,270fbb8ae3471439,4.723931343338789,200.0,220.0,0.009090909090909,110.0,0.0
nw_retrain_0099_vertically_overlapping_easy_seed20260677,easy,2,0,1,0,1,86bff60647a2401e,15.38956649234896,200.0,220.0,0.0,110.0,0.0
nw_retrain_0099_vertically_overlapping_easy_seed20260677,easy,2,0,2,0,1,ca86b15f50dca1cf,14.514940314579048,200.0,220.0,0.0,110.0,0.0
nw_retrain_0099_vertically_overlapping_easy_seed20260677,easy,2,0,3,0,1,efd5e7934f35d54d,3845.919683047234,200.0,220.0,0.0,110.0,0.0
nw_retrain_0099_vertically_overlapping_easy_seed20260677,easy,15,1,0,1,2,e4c41db51df0bdaa,9.24247986879973,200.0,220.0,0.0,110.0,0.0
nw_retrain_0099_vertically_overlapping_easy_seed20260677,easy,15,1,1,1,2,fa855e247071945f,4.489122859572671,200.0,220.0,0.009090909090909,110.0,0.0
nw_retrain_0099_vertically_overlapping_easy_seed20260677,easy,15,1,2,1,2,05c49a05e3f681e6,6916.090982402417,200.0,220.0,0.0,110.0,0.0
nw_retrain_0099_vertically_overlapping_easy_seed20260677,easy,15,1,3,1,2,b120591c5b26d274,3.4962925242004124,200.0,220.0,0.0,110.0,0.0
nw_retrain_0099_vertically_overlapping_easy_seed20260677,easy,16,2,0,3,4,3af38b4a16783dfb,6475.875981084703,200.0,220.0,0.0,110.0,0.0
nw_retrain_0099_vertically_overlapping_easy_seed20260677,easy,16,2,1,3,4,b22f665b252dd463,6488.906200398413,200.0,220.0,0.0,110.0,0.0
nw_retrain_0099_vertically_overlapping_easy_seed20260677,easy,16,2,2,3,4,27416f90c4d9fb2b,6396.342351652544,200.0,220.0,0.0,110.0,0.0
nw_retrain_0099_vertically_overlapping_easy_seed20260677,easy,16,2,3,3,4,c3110f874029e000,3196.462117702777,200.0,220.0,0.0,110.0,0.0
nw_retrain_0099_vertically_overlapping_easy_seed20260677,easy,1,3,0,5,6,db0338cd904afe71,735.096568974887,200.0,220.0,0.0,110.0,0.0
nw_retrain_0099_vertically_overlapping_easy_seed20260677,easy,1,3,1,5,6,56ff62638b8d2319,737.183137948614,200.0,220.0,0.0,110.0,0.0
nw_retrain_0099_vertically_overlapping_easy_seed20260677,easy,1,3,2,5,6,19a739d1451df229,729.6945591717483,200.0,220.0,0.0,110.0,0.0
nw_retrain_0099_vertically_overlapping_easy_seed20260677,easy,1,3,3,5,6,808b1c4ddae2f466,738.245255868293,200.0,220.0,0.0,110.0,0.0
nw_retrain_0099_vertically_overlapping_easy_seed20260677,easy,10,4,0,6,7,02876f54d01b3ad7,3995.3381953726594,200.0,220.0,0.0,110.0,0.0
nw_retrain_0099_vertically_overlapping_easy_seed20260677,easy,10,4,1,6,7,6165ea6157c52472,3956.2348052265866,200.0,220.0,0.0,110.0,0.0
nw_retrain_0099_vertically_overlapping_easy_seed20260677,easy,10,4,2,6,7,d300e5408e4a4f28,3997.457359462072,200.0,220.0,0.0,110.0,0.0
nw_retrain_0099_vertically_overlapping_easy_seed20260677,easy,10,4,3,6,7,759d001eac78ff28,4000.3818856477446,200.0,220.0,0.0,110.0,0.0
nw_retrain_0119_converging_moderate_seed20262637,moderate,7,0,0,0,1,6692bc53f8b112c1,22.44129336414958,200.0,220.0,0.0,110.0,0.0
nw_retrain_0119_converging_moderate_seed20262637,moderate,7,0,1,0,1,54353be04ef4af16,26.4742732328218,200.0,220.0,0.0,110.0,0.0
nw_retrain_0119_converging_moderate_seed20262637,moderate,7,0,2,0,1,a1c2d20a608ecdf2,5.072345832277472,200.0,220.0,0.0,110.0,0.0
nw_retrain_0119_converging_moderate_seed20262637,moderate,7,0,3,0,1,b9cbc361818bb762,496.62675570592506,200.0,220.0,0.0,110.0,0.0
nw_retrain_0119_converging_moderate_seed20262637,moderate,18,1,0,1,2,b7637112b0e9150b,3643.63337393548,200.0,220.0,0.0,110.0,0.0
nw_retrain_0119_converging_moderate_seed20262637,moderate,18,1,1,1,2,c3e2021c9eb3015b,4.895464243606863,200.0,220.0,0.0,110.0,0.0
nw_retrain_0119_converging_moderate_seed20262637,moderate,18,1,2,1,2,e8ca124d7dbaf5ca,188.19038716324863,200.0,220.0,0.0,110.0,0.0
nw_retrain_0119_converging_moderate_seed20262637,moderate,18,1,3,1,2,a533cb4ce6ec505f,18.036589799989123,200.0,220.0,0.0,110.0,0.0
nw_retrain_0119_converging_moderate_seed20262637,moderate,15,2,0,4,5,f1f2d1f8e22ae998,1465.57792543678,200.0,220.0,0.0,110.0,0.0
nw_retrain_0119_converging_moderate_seed20262637,moderate,15,2,1,4,5,9b14c0b51fdfb5c5,5442.572260145123,200.0,220.0,0.0,110.0,0.0
nw_retrain_0119_converging_moderate_seed20262637,moderate,15,2,2,4,5,d15c883fbe08acd8,2398.2077907010107,200.0,220.0,0.0,110.0,0.0
nw_retrain_0119_converging_moderate_seed20262637,moderate,15,2,3,4,5,5294ac7f361166a2,1503.863164414862,200.0,220.0,0.0,110.0,0.0
nw_retrain_0119_converging_moderate_seed20262637,moderate,14,3,0,5,6,f8e6c84d7dc1d0d3,8438.664812449086,200.0,220.0,0.0,110.0,0.0
nw_retrain_0119_converging_moderate_seed20262637,moderate,14,3,1,5,6,0c69364c6a47ddc5,8441.067141828567,200.0,220.0,0.0,110.0,0.0
nw_retrain_0119_converging_moderate_seed20262637,moderate,14,3,2,5,6,a9d63cb993a1c475,8435.005294154516,200.0,220.0,0.0,110.0,0.0
nw_retrain_0119_converging_moderate_seed20262637,moderate,14,3,3,5,6,e3e3c6bd02432f67,8473.028345918645,200.0,220.0,0.0,110.0,0.0
nw_retrain_0119_converging_moderate_seed20262637,moderate,19,4,0,6,7,e02925304f131aa9,4700.833229419098,200.0,220.0,0.0,110.0,0.0
nw_retrain_0119_converging_moderate_seed20262637,moderate,19,4,1,6,7,2f12d0eb59a5e64f,4747.95291440403,200.0,220.0,0.0,110.0,0.0
nw_retrain_0119_converging_moderate_seed20262637,moderate,19,4,2,6,7,a92edec57bbc409c,4800.166846143959,200.0,220.0,0.0,110.0,0.0
nw_retrain_0119_converging_moderate_seed20262637,moderate,19,4,3,6,7,d8cbf86a562150ab,4771.077259771279,200.0,220.0,0.0,110.0,0.0
nw_retrain_0122_vertically_overlapping_easy_seed20262800,easy,3,0,0,0,1,6e87b9370b834aa0,25.79152321900367,200.0,220.0,0.0,110.0,0.0
nw_retrain_0122_vertically_overlapping_easy_seed20262800,easy,3,0,1,0,1,86093254f9f982f7,41.742091612668624,200.0,220.0,0.0,110.0,0.0
nw_retrain_0122_vertically_overlapping_easy_seed20262800,easy,3,0,2,0,1,c72cd977815406e5,1.0335507679085454,200.0,220.0,0.0,110.0,0.0
nw_retrain_0122_vertically_overlapping_easy_seed20262800,easy,3,0,3,0,1,615356cb61b92576,41.43017906966272,200.0,220.0,0.0,110.0,0.0
nw_retrain_0122_vertically_overlapping_easy_seed20262800,easy,4,1,0,2,3,cb8e118c52dd1f98,12.264481099467366,200.0,220.0,0.0,110.0,0.0
nw_retrain_0122_vertically_overlapping_easy_seed20262800,easy,4,1,1,2,3,31d04e25b68b7579,14.196218697475066,200.0,220.0,0.0,110.0,0.0
nw_retrain_0122_vertically_overlapping_easy_seed20262800,easy,4,1,2,2,3,8886b78201853b61,22.477812450109923,200.0,220.0,0.0,110.0,0.0
nw_retrain_0122_vertically_overlapping_easy_seed20262800,easy,4,1,3,2,3,8ed42d55bb8c2368,21.43150370212748,200.0,220.0,0.0,110.0,0.0
nw_retrain_0122_vertically_overlapping_easy_seed20262800,easy,19,2,0,3,4,0cc3fc2614b8c6e6,8684.863970388256,200.0,220.0,0.0,110.0,0.0
nw_retrain_0122_vertically_overlapping_easy_seed20262800,easy,19,2,1,3,4,56b89dd925db7d70,2540.8387815824617,200.0,220.0,0.0,110.0,0.0
nw_retrain_0122_vertically_overlapping_easy_seed20262800,easy,19,2,2,3,4,6177b460f3a33cda,3091.603316973127,200.0,220.0,0.0,110.0,0.0
nw_retrain_0122_vertically_overlapping_easy_seed20262800,easy,19,2,3,3,4,959bd7c2c4c9072f,8550.725325553076,200.0,220.0,0.0,110.0,0.0
nw_retrain_0122_vertically_overlapping_easy_seed20262800,easy,15,3,0,4,5,5b0d13cd6ca1ab95,16.495450025305306,200.0,220.0,0.0,110.0,0.0
nw_retrain_0122_vertically_overlapping_easy_seed20262800,easy,15,3,1,4,5,1e9283263d938f66,19.326556212871395,200.0,220.0,0.0,110.0,0.0
nw_retrain_0122_vertically_overlapping_easy_seed20262800,easy,15,3,2,4,5,f0fda48e16ffb67a,3.092339992271613,200.0,219.0,0.009090909090909,110.0,0.0
nw_retrain_0122_vertically_overlapping_easy_seed20262800,easy,15,3,3,4,5,e5a651a226741e83,1952.43630225026,200.0,220.0,0.0,110.0,0.0
nw_retrain_0122_vertically_overlapping_easy_seed20262800,easy,16,4,0,6,7,1fecccf0bd48349d,11297.37413173031,200.0,220.0,0.0,110.0,0.0
nw_retrain_0122_vertically_overlapping_easy_seed20262800,easy,16,4,1,6,7,d8eaa0dc4c03a849,11291.584414189369,200.0,220.0,0.0,110.0,0.0
nw_retrain_0122_vertically_overlapping_easy_seed20262800,easy,16,4,2,6,7,47b703e3f85e0451,11294.74576834593,200.0,220.0,0.0,110.0,0.0
nw_retrain_0122_vertically_overlapping_easy_seed20262800,easy,16,4,3,6,7,61a77e2e953545eb,11303.14586831462,200.0,220.0,0.0,110.0,0.0
nw_retrain_0151_approximately_parallel_moderate_seed20265773,moderate,10,0,0,0,1,a31f4d2905807024,9.981182601925177,200.0,220.0,0.0,110.0,0.0
nw_retrain_0151_approximately_parallel_moderate_seed20265773,moderate,10,0,1,0,1,1c46475552c9edba,7600.596346687488,200.0,220.0,0.0,110.0,0.0
nw_retrain_0151_approximately_parallel_moderate_seed20265773,moderate,10,0,2,0,1,880e9b24b99b3a7a,16.333703839333108,200.0,220.0,0.0,110.0,0.0
nw_retrain_0151_approximately_parallel_moderate_seed20265773,moderate,10,0,3,0,1,d177a9b64921bb13,10.63470756678408,200.0,220.0,0.0,110.0,0.0
nw_retrain_0151_approximately_parallel_moderate_seed20265773,moderate,11,1,0,1,2,12e21774e1a24e85,11.950771929444478,200.0,220.0,0.0,110.0,0.0
nw_retrain_0151_approximately_parallel_moderate_seed20265773,moderate,11,1,1,1,2,3bb30c0bb1b68b28,31.001160405930463,200.0,220.0,0.0,110.0,0.0
nw_retrain_0151_approximately_parallel_moderate_seed20265773,moderate,11,1,2,1,2,5e3896dec31debbf,16.504347963385783,200.0,220.0,0.0,110.0,0.0
nw_retrain_0151_approximately_parallel_moderate_seed20265773,moderate,11,1,3,1,2,5fbcdeced8829057,247.01198904534863,200.0,220.0,0.0,110.0,0.0
nw_retrain_0151_approximately_parallel_moderate_seed20265773,moderate,5,2,0,3,4,10ccd422468bb6ec,1734.5241036177013,200.0,220.0,0.0,110.0,0.0
nw_retrain_0151_approximately_parallel_moderate_seed20265773,moderate,5,2,1,3,4,10f3c81a3af84352,2878.9745168668533,200.0,220.0,0.0,110.0,0.0
nw_retrain_0151_approximately_parallel_moderate_seed20265773,moderate,5,2,2,3,4,be227bc3ad19d427,2679.457193086132,200.0,220.0,0.0,110.0,0.0
nw_retrain_0151_approximately_parallel_moderate_seed20265773,moderate,5,2,3,3,4,0497b4445deceecf,529.9796103942625,200.0,220.0,0.0,110.0,0.0
nw_retrain_0151_approximately_parallel_moderate_seed20265773,moderate,0,3,0,5,6,07a4e1dca728b36f,60.483872300411015,200.0,220.0,0.0,110.0,0.0
nw_retrain_0151_approximately_parallel_moderate_seed20265773,moderate,0,3,1,5,6,d7116d1f51df3678,2.1472241108198697,200.0,220.0,0.0,110.0,0.0
nw_retrain_0151_approximately_parallel_moderate_seed20265773,moderate,0,3,2,5,6,b6f85d68ebe8bf26,55.01103027968957,200.0,212.0,0.0,110.0,0.0
nw_retrain_0151_approximately_parallel_moderate_seed20265773,moderate,0,3,3,5,6,63be0ea0c101ff52,19.16224529909749,200.0,220.0,0.0,110.0,0.0
nw_retrain_0151_approximately_parallel_moderate_seed20265773,moderate,18,4,0,6,7,5c6e1f37b00ba4b1,1748.2382695006688,200.0,206.0,0.0,110.0,0.0
nw_retrain_0151_approximately_parallel_moderate_seed20265773,moderate,18,4,1,6,7,c89c4ba3b4333528,1746.3567502904718,200.0,206.0,0.0,110.0,0.0
nw_retrain_0151_approximately_parallel_moderate_seed20265773,moderate,18,4,2,6,7,2997107775fef743,1748.5331754928338,200.0,220.0,0.0,110.0,0.0
nw_retrain_0151_approximately_parallel_moderate_seed20265773,moderate,18,4,3,6,7,e7cb39f19192ac83,1753.502107012728,200.0,219.0,0.0,110.0,0.0
nw_retrain_0158_vertically_overlapping_easy_seed20266328,easy,0,0,0,0,1,01a6cd55d483a59f,6827.495506414077,200.0,220.0,0.0,110.0,0.0
nw_retrain_0158_vertically_overlapping_easy_seed20266328,easy,0,0,1,0,1,4715b38bf11ffe13,32.318093069400085,200.0,220.0,0.0,110.0,0.0
nw_retrain_0158_vertically_overlapping_easy_seed20266328,easy,0,0,2,0,1,2754a1ebf8937df2,37.07916990147631,200.0,220.0,0.0,110.0,0.0
nw_retrain_0158_vertically_overlapping_easy_seed20266328,easy,0,0,3,0,1,933f3a0057934d19,7.806767852363529,200.0,220.0,0.0,110.0,0.0
nw_retrain_0158_vertically_overlapping_easy_seed20266328,easy,12,1,0,0,1,26e25e37f68a02ca,8.995941966671072,200.0,220.0,0.0,110.0,0.0
nw_retrain_0158_vertically_overlapping_easy_seed20266328,easy,12,1,1,0,1,27f8f2fc6e03a692,50.24926181851159,200.0,220.0,0.0,110.0,0.0
nw_retrain_0158_vertically_overlapping_easy_seed20266328,easy,12,1,2,0,1,ab7b033efe01f43a,2.149522419373785,200.0,220.0,0.0,110.0,0.0
nw_retrain_0158_vertically_overlapping_easy_seed20266328,easy,12,1,3,0,1,11d9c1f1050b864d,6729.847470502795,200.0,220.0,0.0,110.0,0.0
nw_retrain_0158_vertically_overlapping_easy_seed20266328,easy,15,2,0,2,3,e23c1f3b50d514f5,32.48761902884481,200.0,220.0,0.0,110.0,0.0
nw_retrain_0158_vertically_overlapping_easy_seed20266328,easy,15,2,1,2,3,d269f77634c9c453,33.220823338435856,200.0,220.0,0.0,110.0,0.0
nw_retrain_0158_vertically_overlapping_easy_seed20266328,easy,15,2,2,2,3,0b9ecd2d83602651,2285.307622467468,200.0,220.0,0.0,110.0,0.0
nw_retrain_0158_vertically_overlapping_easy_seed20266328,easy,15,2,3,2,3,9e4d4c31fd653373,2511.744836579004,200.0,220.0,0.0,110.0,0.0
nw_retrain_0158_vertically_overlapping_easy_seed20266328,easy,13,3,0,3,4,9efd6ee31f33d069,1543.421396607048,200.0,220.0,0.0,110.0,0.0
nw_retrain_0158_vertically_overlapping_easy_seed20266328,easy,13,3,1,3,4,cf212c8cbcb86808,1061.611088098944,200.0,220.0,0.0,110.0,0.0
nw_retrain_0158_vertically_overlapping_easy_seed20266328,easy,13,3,2,3,4,e6bea326c939d30a,1235.928882780613,200.0,220.0,0.0,110.0,0.0
nw_retrain_0158_vertically_overlapping_easy_seed20266328,easy,13,3,3,3,4,0960933d38fc0cda,3262.839846017873,200.0,220.0,0.0,110.0,0.0
nw_retrain_0158_vertically_overlapping_easy_seed20266328,easy,18,4,0,5,6,37b669d44fd4a484,5779.479716334162,200.0,220.0,0.0,110.0,0.0
nw_retrain_0158_vertically_overlapping_easy_seed20266328,easy,18,4,1,5,6,b878fbced5e12817,5733.488970733345,200.0,220.0,0.0,110.0,0.0
nw_retrain_0158_vertically_overlapping_easy_seed20266328,easy,18,4,2,5,6,b17791f3be415bd3,5777.849231373805,200.0,220.0,0.0,110.0,0.0
nw_retrain_0158_vertically_overlapping_easy_seed20266328,easy,18,4,3,5,6,b3af913176fc0194,5701.447942558934,200.0,220.0,0.0,110.0,0.0
nw_retrain_0175_vertically_overlapping_easy_seed20267994,easy,0,0,0,0,1,c5afdc4abde96328,82.12448514843342,200.0,220.0,0.0,110.0,0.0
nw_retrain_0175_vertically_overlapping_easy_seed20267994,easy,0,0,1,0,1,ece94a440a994ff0,7.459928789457244,200.0,220.0,0.0,110.0,0.0
nw_retrain_0175_vertically_overlapping_easy_seed20267994,easy,0,0,2,0,1,28ca4fdd65def095,5876.754059967622,200.0,220.0,0.0,110.0,0.0
nw_retrain_0175_vertically_overlapping_easy_seed20267994,easy,0,0,3,0,1,7f4677953f21e6be,158.8102535426228,200.0,220.0,0.0,110.0,0.0
nw_retrain_0175_vertically_overlapping_easy_seed20267994,easy,14,1,0,0,1,c864f2910f3dface,106.73811576858472,200.0,220.0,0.0,110.0,0.0
nw_retrain_0175_vertically_overlapping_easy_seed20267994,easy,14,1,1,0,1,f75346f497891f81,82.3946875014852,200.0,220.0,0.0,110.0,0.0
nw_retrain_0175_vertically_overlapping_easy_seed20267994,easy,14,1,2,0,1,26641ff1155ad62e,5851.497934169173,200.0,220.0,0.0,110.0,0.0
nw_retrain_0175_vertically_overlapping_easy_seed20267994,easy,14,1,3,0,1,5fc2b206569b01c0,80.21023599532751,200.0,220.0,0.0,110.0,0.0
nw_retrain_0175_vertically_overlapping_easy_seed20267994,easy,17,2,0,1,2,3f8cb0c1c852f696,53.97673867016478,200.0,220.0,0.0,110.0,0.0
nw_retrain_0175_vertically_overlapping_easy_seed20267994,easy,17,2,1,1,2,b6b7091bf6332504,244.9712463341185,200.0,220.0,0.0,110.0,0.0
nw_retrain_0175_vertically_overlapping_easy_seed20267994,easy,17,2,2,1,2,64c7081723eaa1c9,25.503348189047205,200.0,220.0,0.0,110.0,0.0
nw_retrain_0175_vertically_overlapping_easy_seed20267994,easy,17,2,3,1,2,3639694061151e7e,73.79314771433876,200.0,220.0,0.0,110.0,0.0
nw_retrain_0175_vertically_overlapping_easy_seed20267994,easy,16,3,0,3,4,12065a31c2a546bc,740.490750696618,200.0,220.0,0.0,110.0,0.0
nw_retrain_0175_vertically_overlapping_easy_seed20267994,easy,16,3,1,3,4,bf4d69f4bb1df8dd,62.75899655629322,200.0,220.0,0.0,110.0,0.0
nw_retrain_0175_vertically_overlapping_easy_seed20267994,easy,16,3,2,3,4,a1b646096b054ae5,31.570726449429515,200.0,220.0,0.0,110.0,0.0
nw_retrain_0175_vertically_overlapping_easy_seed20267994,easy,16,3,3,3,4,137e19992d448d04,24.876904068613623,200.0,220.0,0.0,110.0,0.0
nw_retrain_0175_vertically_overlapping_easy_seed20267994,easy,19,4,0,6,7,e9f8aa0d1c706fa9,255.26786085094844,400.0,410.0,0.0,210.0,0.0
nw_retrain_0175_vertically_overlapping_easy_seed20267994,easy,19,4,1,6,7,5c5018d89821054c,756.0530346631155,200.0,220.0,0.0,110.0,0.0
nw_retrain_0175_vertically_overlapping_easy_seed20267994,easy,19,4,2,6,7,8f26449901401093,255.1889045388189,400.0,410.0,0.0,210.0,0.0
nw_retrain_0175_vertically_overlapping_easy_seed20267994,easy,19,4,3,6,7,bf4525ee269338d9,255.3929932919196,400.0,410.0,0.0,210.0,0.0
nw_retrain_0187_vertically_overlapping_easy_seed20269170,easy,17,0,0,0,1,bc48398d8caf8855,6.330690480427301,200.0,220.0,0.0,110.0,0.0
nw_retrain_0187_vertically_overlapping_easy_seed20269170,easy,17,0,1,0,1,9b6b782314c7e6e1,0.6367943353768256,400.0,410.0,0.0047619047619047,210.0,1.0
nw_retrain_0187_vertically_overlapping_easy_seed20269170,easy,17,0,2,0,1,de625c10964bcd3b,7.024981418665679,200.0,220.0,0.0,110.0,0.0
nw_retrain_0187_vertically_overlapping_easy_seed20269170,easy,17,0,3,0,1,a921497d6c1e7d25,0.4633699901451319,400.0,410.0,0.0047619047619047,210.0,0.0
nw_retrain_0187_vertically_overlapping_easy_seed20269170,easy,5,1,0,3,4,7be364ea3a68b822,3.968857896844991,200.0,220.0,0.0181818181818181,110.0,0.0
nw_retrain_0187_vertically_overlapping_easy_seed20269170,easy,5,1,1,3,4,0729840db61a272d,63.36486239946339,200.0,220.0,0.0,110.0,0.0
nw_retrain_0187_vertically_overlapping_easy_seed20269170,easy,5,1,2,3,4,103c2918d1f96225,22.79984810062473,200.0,220.0,0.0,110.0,0.0
nw_retrain_0187_vertically_overlapping_easy_seed20269170,easy,5,1,3,3,4,78cfc485d8c6a729,85.59257075927539,200.0,220.0,0.0,110.0,0.0
nw_retrain_0187_vertically_overlapping_easy_seed20269170,easy,3,2,0,4,5,e6b5a7a64a0d8aa6,13.45975364890837,200.0,220.0,0.0,110.0,0.0
nw_retrain_0187_vertically_overlapping_easy_seed20269170,easy,3,2,1,4,5,381a81eb0e06b113,8.802891766015295,200.0,220.0,0.0,110.0,0.0
nw_retrain_0187_vertically_overlapping_easy_seed20269170,easy,3,2,2,4,5,e9053ce0692c6e4e,53.18547829685305,200.0,220.0,0.0,110.0,0.0
nw_retrain_0187_vertically_overlapping_easy_seed20269170,easy,3,2,3,4,5,79b4500efa5bb42d,190.1022494930677,200.0,220.0,0.0,110.0,0.0
nw_retrain_0187_vertically_overlapping_easy_seed20269170,easy,12,3,0,5,6,e443029c04c3aec4,754.0640885420769,200.0,220.0,0.0,110.0,0.0
nw_retrain_0187_vertically_overlapping_easy_seed20269170,easy,12,3,1,5,6,4a88b44dc6b50bb1,371.98025914028045,200.0,220.0,0.0,110.0,0.0
nw_retrain_0187_vertically_overlapping_easy_seed20269170,easy,12,3,2,5,6,e63285119f857e30,398.99053747121496,200.0,220.0,0.0,110.0,0.0
nw_retrain_0187_vertically_overlapping_easy_seed20269170,easy,12,3,3,5,6,57ec75466fbeaf2b,697.7871805699684,200.0,210.0,0.0,110.0,0.0
nw_retrain_0187_vertically_overlapping_easy_seed20269170,easy,19,4,0,6,7,6783fd7f5d59c022,653.765717077516,200.0,219.0,0.0,110.0,0.0
nw_retrain_0187_vertically_overlapping_easy_seed20269170,easy,19,4,1,6,7,79c5f1f5fd42bb80,646.2485194273899,200.0,219.0,0.0,110.0,0.0
nw_retrain_0187_vertically_overlapping_easy_seed20269170,easy,19,4,2,6,7,b7224c8e3c36b33c,653.8637275070621,200.0,220.0,0.0,110.0,0.0
nw_retrain_0187_vertically_overlapping_easy_seed20269170,easy,19,4,3,6,7,15ad2e247bebd62c,640.7568922897188,200.0,220.0,0.0,110.0,0.0
nw_retrain_0221_converging_moderate_seed20272633,moderate,3,0,0,0,1,dd26bf3fda45dbf2,10854.206030812731,200.0,220.0,0.0,110.0,0.0
nw_retrain_0221_converging_moderate_seed20272633,moderate,3,0,1,0,1,f5804b8736c0d32d,204.94946942702305,200.0,220.0,0.0,110.0,0.0
nw_retrain_0221_converging_moderate_seed20272633,moderate,3,0,2,0,1,6874710068ebf2d8,382.0201523507101,200.0,220.0,0.0,110.0,0.0
nw_retrain_0221_converging_moderate_seed20272633,moderate,3,0,3,0,1,f7b41d40da2cd601,3219.6990139720024,200.0,220.0,0.0,110.0,0.0
nw_retrain_0221_converging_moderate_seed20272633,moderate,8,1,0,3,4,86c0e1cbd7f31046,938.8242066871544,200.0,220.0,0.0,110.0,0.0
nw_retrain_0221_converging_moderate_seed20272633,moderate,8,1,1,3,4,cedec55a7361aa0c,10.842536868035086,200.0,220.0,0.0,110.0,0.0
nw_retrain_0221_converging_moderate_seed20272633,moderate,8,1,2,3,4,70e0a830270fd9d6,7.596754847305347,200.0,220.0,0.0,110.0,0.0
nw_retrain_0221_converging_moderate_seed20272633,moderate,8,1,3,3,4,0b30b028a1fbd182,5.786502706008699,200.0,220.0,0.0,110.0,0.0
nw_retrain_0221_converging_moderate_seed20272633,moderate,6,2,0,5,6,5d9c45b6163260a7,6516.739588337196,200.0,220.0,0.0,110.0,0.0
nw_retrain_0221_converging_moderate_seed20272633,moderate,6,2,1,5,6,ec562979937ddcda,6498.21884861293,200.0,220.0,0.0,110.0,0.0
nw_retrain_0221_converging_moderate_seed20272633,moderate,6,2,2,5,6,53d5633772459377,6496.972487499671,200.0,220.0,0.0,110.0,0.0
nw_retrain_0221_converging_moderate_seed20272633,moderate,6,2,3,5,6,7aa9cc71fb861bf8,6495.612056130481,200.0,220.0,0.0,110.0,0.0
nw_retrain_0221_converging_moderate_seed20272633,moderate,19,3,0,5,6,d15c1cb6e4dfe807,7943.716804254826,200.0,220.0,0.0,110.0,0.0
nw_retrain_0221_converging_moderate_seed20272633,moderate,19,3,1,5,6,19cf96086fafe66d,7807.152505572542,200.0,220.0,0.0,110.0,0.0
nw_retrain_0221_converging_moderate_seed20272633,moderate,19,3,2,5,6,4e65fde33d842ac7,7811.576125066274,200.0,220.0,0.0,110.0,0.0
nw_retrain_0221_converging_moderate_seed20272633,moderate,19,3,3,5,6,daeb4622a5a17569,7837.549362100657,200.0,220.0,0.0,110.0,0.0
nw_retrain_0221_converging_moderate_seed20272633,moderate,18,4,0,6,7,d054fd8056c96156,12298.79326651788,200.0,220.0,0.0,110.0,0.0
nw_retrain_0221_converging_moderate_seed20272633,moderate,18,4,1,6,7,9cd81f37d3ddae2b,12349.89453382918,200.0,220.0,0.0,110.0,0.0
nw_retrain_0221_converging_moderate_seed20272633,moderate,18,4,2,6,7,be62b770e0d217cc,12891.97646817319,200.0,220.0,0.0,110.0,0.0
nw_retrain_0221_converging_moderate_seed20272633,moderate,18,4,3,6,7,678cdf40151e5a31,12692.776018602985,200.0,220.0,0.0,110.0,0.0
nw_retrain_0224_crossing_easy_seed20273058,easy,1,0,0,1,2,03ccbca202f6e54a,10137.733156547398,200.0,220.0,0.0,110.0,0.0
nw_retrain_0224_crossing_easy_seed20273058,easy,1,0,1,1,2,014e9d8f33f64eea,34.218719312382085,200.0,220.0,0.0,110.0,0.0
nw_retrain_0224_crossing_easy_seed20273058,easy,1,0,2,1,2,71157b33424bdc46,10252.621332549774,200.0,220.0,0.0,110.0,0.0
nw_retrain_0224_crossing_easy_seed20273058,easy,1,0,3,1,2,004a917f85a49d3f,18.300364075577004,200.0,220.0,0.0,110.0,0.0
nw_retrain_0224_crossing_easy_seed20273058,easy,11,1,0,2,3,6a41a1fa1bc80a0a,3895.480578872232,200.0,220.0,0.0,110.0,0.0
nw_retrain_0224_crossing_easy_seed20273058,easy,11,1,1,2,3,54c43309f5ee40a7,391.5403334543623,200.0,220.0,0.0,110.0,0.0
nw_retrain_0224_crossing_easy_seed20273058,easy,11,1,2,2,3,2e7e9d2b32f70f75,7941.953401585961,200.0,220.0,0.0,110.0,0.0
nw_retrain_0224_crossing_easy_seed20273058,easy,11,1,3,2,3,b95405da6589aad5,216.87614446842187,200.0,220.0,0.0,110.0,0.0
nw_retrain_0224_crossing_easy_seed20273058,easy,7,2,0,4,5,68582785f2815b2c,10572.949599907346,200.0,220.0,0.0,110.0,0.0
nw_retrain_0224_crossing_easy_seed20273058,easy,7,2,1,4,5,eae184486310ef14,10575.680527277713,200.0,220.0,0.0,110.0,0.0
nw_retrain_0224_crossing_easy_seed20273058,easy,7,2,2,4,5,4691c071209bdb2a,10572.624701442028,400.0,410.0,0.0,210.0,0.0
nw_retrain_0224_crossing_easy_seed20273058,easy,7,2,3,4,5,bf9ad8a0fd8acc20,10572.589287468392,400.0,410.0,0.0,210.0,0.0
nw_retrain_0224_crossing_easy_seed20273058,easy,4,3,0,5,6,6cf7a5a1588e32f1,1204.646155261046,200.0,220.0,0.0,110.0,0.0
nw_retrain_0224_crossing_easy_seed20273058,easy,4,3,1,5,6,a0fee5d8c2f3a1a1,31.63404308415704,200.0,220.0,0.0,110.0,0.0
nw_retrain_0224_crossing_easy_seed20273058,easy,4,3,2,5,6,dd13735d6f5023e4,39.84424490929008,200.0,220.0,0.0,110.0,0.0
nw_retrain_0224_crossing_easy_seed20273058,easy,4,3,3,5,6,6953874c08230820,1291.880172194407,200.0,219.0,0.0,110.0,0.0
nw_retrain_0224_crossing_easy_seed20273058,easy,17,4,0,6,7,0f3a6a7825804338,7087.263264096106,400.0,340.0,0.0,210.0,0.0
nw_retrain_0224_crossing_easy_seed20273058,easy,17,4,1,6,7,d84814a01ce1ac15,7095.602378332656,200.0,219.0,0.0,110.0,0.0
nw_retrain_0224_crossing_easy_seed20273058,easy,17,4,2,6,7,8324c43b624272a0,7087.4710883003645,400.0,409.0,0.0,210.0,0.0
nw_retrain_0224_crossing_easy_seed20273058,easy,17,4,3,6,7,7e29d345908af98e,7090.069432588317,200.0,220.0,0.0,110.0,0.0
nw_retrain_0233_converging_hard_seed20273809,hard,5,0,0,0,1,70aaab7e30fc95b0,11.369688709723722,200.0,220.0,0.0,110.0,0.0
nw_retrain_0233_converging_hard_seed20273809,hard,5,0,1,0,1,8712b037981623e5,12.561684983990176,200.0,220.0,0.0,110.0,0.0
nw_retrain_0233_converging_hard_seed20273809,hard,5,0,2,0,1,6ba8647bf6677397,58.76545307875115,200.0,220.0,0.0,110.0,0.0
nw_retrain_0233_converging_hard_seed20273809,hard,5,0,3,0,1,eff23100db70f39e,11743.14294136804,200.0,220.0,0.0,110.0,0.0
nw_retrain_0233_converging_hard_seed20273809,hard,6,1,0,2,3,bc87e56340e8b17a,6306.779190329143,200.0,220.0,0.0,110.0,0.0
nw_retrain_0233_converging_hard_seed20273809,hard,6,1,1,2,3,b6667335df6f29ad,7.397867850623845,400.0,410.0,0.0,210.0,0.0
nw_retrain_0233_converging_hard_seed20273809,hard,6,1,2,2,3,46afbd97f1e36303,6.079698262016049,400.0,410.0,0.0095238095238095,210.0,0.0
nw_retrain_0233_converging_hard_seed20273809,hard,6,1,3,2,3,489685fd085c52de,8.063569899208966,200.0,220.0,0.0,110.0,0.0
nw_retrain_0233_converging_hard_seed20273809,hard,11,2,0,3,4,a5f1e1653b852f53,23.59512241693576,200.0,220.0,0.0,110.0,0.0
nw_retrain_0233_converging_hard_seed20273809,hard,11,2,1,3,4,3b226f0c56cbc00e,6.542453752505059,200.0,220.0,0.009090909090909,110.0,0.0
nw_retrain_0233_converging_hard_seed20273809,hard,11,2,2,3,4,c95497be3115d092,80.68800185573457,200.0,220.0,0.0,110.0,0.0
nw_retrain_0233_converging_hard_seed20273809,hard,11,2,3,3,4,4468aadd936f800e,3.8114344274598833,200.0,220.0,0.0363636363636363,110.0,0.0
nw_retrain_0233_converging_hard_seed20273809,hard,12,3,0,4,5,4a24f6ecb69b2001,9554.389467199197,200.0,220.0,0.0,110.0,0.0
nw_retrain_0233_converging_hard_seed20273809,hard,12,3,1,4,5,6f3776ce2f35043b,9549.344977061102,200.0,220.0,0.0,110.0,0.0
nw_retrain_0233_converging_hard_seed20273809,hard,12,3,2,4,5,2c9ac5bc022afd80,9553.616878937832,200.0,220.0,0.0,110.0,0.0
nw_retrain_0233_converging_hard_seed20273809,hard,12,3,3,4,5,8848a79c13b37269,9553.90970147753,200.0,220.0,0.0,110.0,0.0
nw_retrain_0233_converging_hard_seed20273809,hard,8,4,0,6,7,3b64aeac64e68a5d,1378.2988813847774,200.0,220.0,0.0,110.0,0.0
nw_retrain_0233_converging_hard_seed20273809,hard,8,4,1,6,7,1f8dfadaf4b15b8f,1334.92645668375,200.0,220.0,0.0,110.0,0.0
nw_retrain_0233_converging_hard_seed20273809,hard,8,4,2,6,7,33c16bee681da479,24.6856426967543,200.0,220.0,0.0,110.0,0.0
nw_retrain_0233_converging_hard_seed20273809,hard,8,4,3,6,7,b98d40bebbb74b0d,38.33651846003664,200.0,220.0,0.0,110.0,0.0
nw_retrain_0270_approximately_parallel_easy_seed20277435,easy,6,0,0,0,1,ed22d614f340d83c,1.8495910125254484,400.0,410.0,0.0333333333333333,210.0,0.0
nw_retrain_0270_approximately_parallel_easy_seed20277435,easy,6,0,1,0,1,e838fc8174f4945a,1.3281264480414754,400.0,410.0,0.0380952380952381,210.0,0.0
nw_retrain_0270_approximately_parallel_easy_seed20277435,easy,6,0,2,0,1,0b6cecc88a322c80,2.7017345593463284,200.0,220.0,0.0,110.0,0.0
nw_retrain_0270_approximately_parallel_easy_seed20277435,easy,6,0,3,0,1,afb9fc7aa7b446ef,2.623331469891413,200.0,220.0,0.0181818181818181,110.0,0.0
nw_retrain_0270_approximately_parallel_easy_seed20277435,easy,2,1,0,2,3,d52fc4a4c51686d5,6.09112841955051,200.0,220.0,0.0,110.0,0.0
nw_retrain_0270_approximately_parallel_easy_seed20277435,easy,2,1,1,2,3,8015491d008c4c98,50.55416746242428,200.0,220.0,0.0,110.0,0.0
nw_retrain_0270_approximately_parallel_easy_seed20277435,easy,2,1,2,2,3,6e475074b58fb391,43.379691241110194,200.0,220.0,0.0,110.0,0.0
nw_retrain_0270_approximately_parallel_easy_seed20277435,easy,2,1,3,2,3,9d3644eafb12056c,7.582775111421913,200.0,220.0,0.0,110.0,0.0
nw_retrain_0270_approximately_parallel_easy_seed20277435,easy,1,2,0,4,5,decc45cd9eb0d4ad,6.495276048641203,200.0,220.0,0.0,110.0,0.0
nw_retrain_0270_approximately_parallel_easy_seed20277435,easy,1,2,1,4,5,abfa5d5151a1358d,7.439528739580132,200.0,220.0,0.0,110.0,0.0
nw_retrain_0270_approximately_parallel_easy_seed20277435,easy,1,2,2,4,5,fb88848aee268f2e,7.83784484225116,200.0,220.0,0.0,110.0,0.0
nw_retrain_0270_approximately_parallel_easy_seed20277435,easy,1,2,3,4,5,dc49ae4f90a3a8d6,4.44042079387125,200.0,220.0,0.0,110.0,0.0
nw_retrain_0270_approximately_parallel_easy_seed20277435,easy,19,3,0,4,5,d384709f2662095c,8.539347262311258,200.0,220.0,0.0,110.0,0.0
nw_retrain_0270_approximately_parallel_easy_seed20277435,easy,19,3,1,4,5,82d74f58d7ecf787,18.71432475969991,200.0,220.0,0.0,110.0,0.0
nw_retrain_0270_approximately_parallel_easy_seed20277435,easy,19,3,2,4,5,8f208e454681b5b5,76.91020645080327,200.0,220.0,0.0,110.0,0.0
nw_retrain_0270_approximately_parallel_easy_seed20277435,easy,19,3,3,4,5,dd3bf44e742f1885,9.232917694384136,200.0,220.0,0.0,110.0,0.0
nw_retrain_0270_approximately_parallel_easy_seed20277435,easy,7,4,0,6,7,aa6f146cc1605979,9.117681648505712,200.0,219.0,0.0,110.0,0.0
nw_retrain_0270_approximately_parallel_easy_seed20277435,easy,7,4,1,6,7,5c4d346342c9ba06,8.582073399851142,400.0,410.0,0.0,210.0,0.0
nw_retrain_0270_approximately_parallel_easy_seed20277435,easy,7,4,2,6,7,dea4bf503507218b,8.542649562888258,400.0,410.0,0.0,210.0,0.0
nw_retrain_0270_approximately_parallel_easy_seed20277435,easy,7,4,3,6,7,8c99497cf49abfcd,9.089542448857497,200.0,219.0,0.0,110.0,0.0
nw_retrain_0322_converging_moderate_seed20282662,moderate,15,0,0,0,1,1cda849fd56b4e78,96.2722676015382,200.0,220.0,0.0,110.0,0.0
nw_retrain_0322_converging_moderate_seed20282662,moderate,15,0,1,0,1,78db291104ed2d5c,2.1698231669628885,200.0,220.0,0.0,110.0,0.0
nw_retrain_0322_converging_moderate_seed20282662,moderate,15,0,2,0,1,1ec7180790a32d2a,7.726786849757611,200.0,220.0,0.0,110.0,0.0
nw_retrain_0322_converging_moderate_seed20282662,moderate,15,0,3,0,1,2e4aecab31640330,9.727648568294825,200.0,220.0,0.0,110.0,0.0
nw_retrain_0322_converging_moderate_seed20282662,moderate,1,1,0,2,3,78e76aecd837d4d3,8.815425797476143,200.0,220.0,0.0,110.0,0.0
nw_retrain_0322_converging_moderate_seed20282662,moderate,1,1,1,2,3,4ee0f742e4e9af04,1806.663187267016,200.0,220.0,0.0,110.0,0.0
nw_retrain_0322_converging_moderate_seed20282662,moderate,1,1,2,2,3,395c80d1115e0013,13.168773701276072,200.0,220.0,0.0,110.0,0.0
nw_retrain_0322_converging_moderate_seed20282662,moderate,1,1,3,2,3,8b48cd682ec84c87,138.21812654367795,200.0,220.0,0.0,110.0,0.0
nw_retrain_0322_converging_moderate_seed20282662,moderate,6,2,0,4,5,add5848e6f12f072,11.961870648254308,200.0,220.0,0.009090909090909,110.0,0.0
nw_retrain_0322_converging_moderate_seed20282662,moderate,6,2,1,4,5,062ea623a26519d7,256.2254361368466,200.0,220.0,0.0,110.0,0.0
nw_retrain_0322_converging_moderate_seed20282662,moderate,6,2,2,4,5,86772d9d64817299,5.324634032195579,200.0,220.0,0.0,110.0,0.0
nw_retrain_0322_converging_moderate_seed20282662,moderate,6,2,3,4,5,dd85889789b9b31e,390.7511758237728,200.0,220.0,0.0,110.0,0.0
nw_retrain_0322_converging_moderate_seed20282662,moderate,17,3,0,4,5,d87dbe146fc8fdd1,4.874574411718545,200.0,220.0,0.0,110.0,0.0
nw_retrain_0322_converging_moderate_seed20282662,moderate,17,3,1,4,5,8ccca6b28d5008f5,6.344863068176959,200.0,220.0,0.0,110.0,0.0
nw_retrain_0322_converging_moderate_seed20282662,moderate,17,3,2,4,5,fa7a69cc50ba9432,12.44476855879416,200.0,220.0,0.0,110.0,0.0
nw_retrain_0322_converging_moderate_seed20282662,moderate,17,3,3,4,5,8500ff23042d0084,13.343193540844876,200.0,220.0,0.0,110.0,0.0
nw_retrain_0322_converging_moderate_seed20282662,moderate,13,4,0,6,7,7f7389246f5a7a9f,296.7680903236365,200.0,220.0,0.0,110.0,0.0
nw_retrain_0322_converging_moderate_seed20282662,moderate,13,4,1,6,7,a8dcaecb2673d490,276.9986159036721,200.0,220.0,0.0,110.0,0.0
nw_retrain_0322_converging_moderate_seed20282662,moderate,13,4,2,6,7,73dd305ea22b9ea0,269.8281216240584,200.0,220.0,0.0,110.0,0.0
nw_retrain_0322_converging_moderate_seed20282662,moderate,13,4,3,6,7,b2c5eacf4f14dfc2,13.648589925778534,200.0,220.0,0.0,110.0,0.0
nw_retrain_0344_converging_easy_seed20284556,easy,8,0,0,0,1,7758d306fdffe310,15.407229785953206,200.0,220.0,0.0,110.0,0.0
nw_retrain_0344_converging_easy_seed20284556,easy,8,0,1,0,1,8787b763cbd5f548,53.37390104474314,200.0,220.0,0.0,110.0,0.0
nw_retrain_0344_converging_easy_seed20284556,easy,8,0,2,0,1,aa6f6ebccdc5c7fa,94.44165633876632,200.0,220.0,0.0,110.0,0.0
nw_retrain_0344_converging_easy_seed20284556,easy,8,0,3,0,1,c9cb9103804444aa,22.89021412323354,200.0,220.0,0.0,110.0,0.0
nw_retrain_0344_converging_easy_seed20284556,easy,0,1,0,2,3,8e85c5dc24e85774,10.302384819629031,200.0,220.0,0.0,110.0,0.0
nw_retrain_0344_converging_easy_seed20284556,easy,0,1,1,2,3,100566d12dde82b1,4.723256457493406,200.0,220.0,0.0,110.0,0.0
nw_retrain_0344_converging_easy_seed20284556,easy,0,1,2,2,3,18b631251c65274f,617.6933888224595,200.0,220.0,0.0,110.0,0.0
nw_retrain_0344_converging_easy_seed20284556,easy,0,1,3,2,3,95d0cf4c9bbfe107,15.382279346739216,200.0,220.0,0.0,110.0,0.0
nw_retrain_0344_converging_easy_seed20284556,easy,15,2,0,3,4,c5d4254edcf4b7f9,1381.6856517238723,200.0,220.0,0.0,110.0,0.0
nw_retrain_0344_converging_easy_seed20284556,easy,15,2,1,3,4,8a131b0795a92420,1172.8839922735767,200.0,220.0,0.0,110.0,0.0
nw_retrain_0344_converging_easy_seed20284556,easy,15,2,2,3,4,0f32111dd94223da,355.4968899925334,200.0,220.0,0.0,110.0,0.0
nw_retrain_0344_converging_easy_seed20284556,easy,15,2,3,3,4,06d292519f637793,43.30659228170389,200.0,220.0,0.0,110.0,0.0
nw_retrain_0344_converging_easy_seed20284556,easy,14,3,0,5,6,b026392c659f682a,13.395483418062678,200.0,220.0,0.0,110.0,0.0
nw_retrain_0344_converging_easy_seed20284556,easy,14,3,1,5,6,ce2fc1c5701f88a9,825.7636951920696,200.0,220.0,0.0,110.0,0.0
nw_retrain_0344_converging_easy_seed20284556,easy,14,3,2,5,6,c7abf2ce29a4b86e,827.8926587849467,200.0,220.0,0.0,110.0,0.0
nw_retrain_0344_converging_easy_seed20284556,easy,14,3,3,5,6,a9b059183ad3a5ab,52.1150840084438,200.0,220.0,0.0,110.0,0.0
nw_retrain_0344_converging_easy_seed20284556,easy,19,4,0,6,7,72e9bc01ff4132a8,62.30644570789356,200.0,220.0,0.0,110.0,0.0
nw_retrain_0344_converging_easy_seed20284556,easy,19,4,1,6,7,8ec88461dbd87082,155.8792979752147,200.0,220.0,0.0,110.0,0.0
nw_retrain_0344_converging_easy_seed20284556,easy,19,4,2,6,7,108dc8ca0802fa9f,194.8845918089164,200.0,220.0,0.0,110.0,0.0
nw_retrain_0344_converging_easy_seed20284556,easy,19,4,3,6,7,441309b8a47b0db6,285.24245519574555,200.0,220.0,0.0,110.0,0.0
nw_retrain_0346_vertically_overlapping_moderate_seed20285014,moderate,2,0,0,0,1,48c30ee02afff98d,16.823955965460744,200.0,220.0,0.0,110.0,0.0
nw_retrain_0346_vertically_overlapping_moderate_seed20285014,moderate,2,0,1,0,1,a1a975e291333146,16.4732199419984,200.0,220.0,0.0,110.0,0.0
nw_retrain_0346_vertically_overlapping_moderate_seed20285014,moderate,2,0,2,0,1,9f8209f79ddbc1ed,22.61395584382169,200.0,220.0,0.0,110.0,0.0
nw_retrain_0346_vertically_overlapping_moderate_seed20285014,moderate,2,0,3,0,1,27e1774918003b62,10.50232840448554,200.0,220.0,0.0,110.0,0.0
nw_retrain_0346_vertically_overlapping_moderate_seed20285014,moderate,14,1,0,1,2,d57034f7564e9466,7.887537132210525,200.0,220.0,0.0,110.0,0.0
nw_retrain_0346_vertically_overlapping_moderate_seed20285014,moderate,14,1,1,1,2,60a849662e3f29f7,21.1678882795956,200.0,220.0,0.0,110.0,0.0
nw_retrain_0346_vertically_overlapping_moderate_seed20285014,moderate,14,1,2,1,2,eb600294b9d42c99,4.687764441807575,200.0,220.0,0.0,110.0,0.0
nw_retrain_0346_vertically_overlapping_moderate_seed20285014,moderate,14,1,3,1,2,0d14af5e795ebb81,9.33247770964493,200.0,220.0,0.0,110.0,0.0
nw_retrain_0346_vertically_overlapping_moderate_seed20285014,moderate,18,2,0,3,4,3e99991271523046,3568.5881806929087,200.0,220.0,0.0,110.0,0.0
nw_retrain_0346_vertically_overlapping_moderate_seed20285014,moderate,18,2,1,3,4,c6e9f89bedeafb0c,3637.5492052802297,200.0,220.0,0.0,110.0,0.0
nw_retrain_0346_vertically_overlapping_moderate_seed20285014,moderate,18,2,2,3,4,6e43e16c6d51c2de,3476.959143233238,200.0,220.0,0.0,110.0,0.0
nw_retrain_0346_vertically_overlapping_moderate_seed20285014,moderate,18,2,3,3,4,f386ee390de00b46,41.85861728789464,200.0,220.0,0.0,110.0,0.0
nw_retrain_0346_vertically_overlapping_moderate_seed20285014,moderate,1,3,0,5,6,f654e5422b857c66,11.448495203924628,200.0,220.0,0.0,110.0,0.0
nw_retrain_0346_vertically_overlapping_moderate_seed20285014,moderate,1,3,1,5,6,010bf96886708af2,2.376768846815728,400.0,409.0,0.0047619047619047,210.0,0.0
nw_retrain_0346_vertically_overlapping_moderate_seed20285014,moderate,1,3,2,5,6,a7eb37b9d5cecf62,2.901847442531242,200.0,220.0,0.009090909090909,110.0,0.0
nw_retrain_0346_vertically_overlapping_moderate_seed20285014,moderate,1,3,3,5,6,8eb5c66106a581e2,2.3533389255559194,400.0,410.0,0.0047619047619047,210.0,0.0
nw_retrain_0346_vertically_overlapping_moderate_seed20285014,moderate,17,4,0,6,7,70b721f692d835b3,1333.0005555612995,200.0,220.0,0.0,110.0,0.0
nw_retrain_0346_vertically_overlapping_moderate_seed20285014,moderate,17,4,1,6,7,cc4e5f4dcbb4a6df,1332.5181266574043,200.0,220.0,0.0,110.0,0.0
nw_retrain_0346_vertically_overlapping_moderate_seed20285014,moderate,17,4,2,6,7,1b6fdf4611354242,1338.001538144946,200.0,220.0,0.0,110.0,0.0
nw_retrain_0346_vertically_overlapping_moderate_seed20285014,moderate,17,4,3,6,7,663dedc449aead04,1345.3653031023496,200.0,220.0,0.0,110.0,0.0
nw_retrain_0363_vertically_overlapping_hard_seed20286418,hard,0,0,0,0,1,d3c4f9de8993c324,104.2512530501283,200.0,220.0,0.0,110.0,0.0
nw_retrain_0363_vertically_overlapping_hard_seed20286418,hard,0,0,1,0,1,23bff3630805ba9b,2449.204856127514,200.0,220.0,0.0,110.0,0.0
nw_retrain_0363_vertically_overlapping_hard_seed20286418,hard,0,0,2,0,1,f044636ddc3f67d9,28.78622027872916,200.0,220.0,0.0,110.0,0.0
nw_retrain_0363_vertically_overlapping_hard_seed20286418,hard,0,0,3,0,1,6c9456d6bca98454,23.52769167278938,200.0,220.0,0.0,110.0,0.0
nw_retrain_0363_vertically_overlapping_hard_seed20286418,hard,6,1,0,2,3,1d75aa11e8cbec23,5747.035147427501,200.0,220.0,0.0,110.0,0.0
nw_retrain_0363_vertically_overlapping_hard_seed20286418,hard,6,1,1,2,3,ee1f60b7781ad4f7,5800.143078333908,200.0,220.0,0.0,110.0,0.0
nw_retrain_0363_vertically_overlapping_hard_seed20286418,hard,6,1,2,2,3,8c9099eeb9e63e47,205.2660741094052,200.0,220.0,0.0,110.0,0.0
nw_retrain_0363_vertically_overlapping_hard_seed20286418,hard,6,1,3,2,3,72432c87c8677ca2,45.25794988121071,200.0,220.0,0.0,110.0,0.0
nw_retrain_0363_vertically_overlapping_hard_seed20286418,hard,18,2,0,3,4,56d6f55eb8bbe039,1413.1607193575603,200.0,220.0,0.0,110.0,0.0
nw_retrain_0363_vertically_overlapping_hard_seed20286418,hard,18,2,1,3,4,bff9422470ce50eb,4.35584197486801,200.0,220.0,0.0,110.0,0.0
nw_retrain_0363_vertically_overlapping_hard_seed20286418,hard,18,2,2,3,4,c9100621de969a1b,103.5356826452204,200.0,220.0,0.0,110.0,0.0
nw_retrain_0363_vertically_overlapping_hard_seed20286418,hard,18,2,3,3,4,f2e2bab5036392d8,6604.528269734069,200.0,220.0,0.0,110.0,0.0
nw_retrain_0363_vertically_overlapping_hard_seed20286418,hard,12,3,0,4,5,65179c068de0aa2d,1368.3878553855538,200.0,220.0,0.0,110.0,0.0
nw_retrain_0363_vertically_overlapping_hard_seed20286418,hard,12,3,1,4,5,9ba0a0dfd001570a,32.40880031613427,200.0,220.0,0.0,110.0,0.0
nw_retrain_0363_vertically_overlapping_hard_seed20286418,hard,12,3,2,4,5,ee3e5fea930e64a7,2.0858454689475803,400.0,410.0,0.0047619047619047,210.0,0.0
nw_retrain_0363_vertically_overlapping_hard_seed20286418,hard,12,3,3,4,5,b286129c6c6e3ea2,1.8570215201226528,400.0,410.0,0.0047619047619047,210.0,0.0
nw_retrain_0363_vertically_overlapping_hard_seed20286418,hard,15,4,0,6,7,28a07ab3f333452c,8422.812076556382,200.0,220.0,0.0,110.0,0.0
nw_retrain_0363_vertically_overlapping_hard_seed20286418,hard,15,4,1,6,7,c4fcc77648346b32,8418.717652323705,200.0,220.0,0.0,110.0,0.0
nw_retrain_0363_vertically_overlapping_hard_seed20286418,hard,15,4,2,6,7,842d254688867ba8,8403.689250847357,200.0,220.0,0.0,110.0,0.0
nw_retrain_0363_vertically_overlapping_hard_seed20286418,hard,15,4,3,6,7,3cc256e61511c45b,8473.100365815422,200.0,220.0,0.0,110.0,0.0
nw_retrain_0386_none_easy_seed20288803,easy,3,0,0,0,1,cad3381340d030c0,4.1861391020314604,200.0,220.0,0.0,110.0,0.0
nw_retrain_0386_none_easy_seed20288803,easy,3,0,1,0,1,83808856b13a6130,9939.23527236577,200.0,220.0,0.0,110.0,0.0
nw_retrain_0386_none_easy_seed20288803,easy,3,0,2,0,1,900503a41eb63453,8.38366010440949,200.0,220.0,0.0,110.0,0.0
nw_retrain_0386_none_easy_seed20288803,easy,3,0,3,0,1,f220dedee6ebcf1c,10.731014376561523,200.0,220.0,0.0,110.0,0.0
nw_retrain_0386_none_easy_seed20288803,easy,16,1,0,1,2,18f9e1957aa136ae,8.060778448357684,200.0,220.0,0.0,110.0,0.0
nw_retrain_0386_none_easy_seed20288803,easy,16,1,1,1,2,190e2f9b38aeb272,1.4132667416105278,200.0,220.0,0.009090909090909,110.0,0.0
nw_retrain_0386_none_easy_seed20288803,easy,16,1,2,1,2,fc0e4b09c7597faf,5.987042638613458,200.0,220.0,0.0,110.0,0.0
nw_retrain_0386_none_easy_seed20288803,easy,16,1,3,1,2,4b0dc3ace46fcdf1,3.725993445208022,200.0,220.0,0.0,110.0,0.0
nw_retrain_0386_none_easy_seed20288803,easy,2,2,0,3,4,a815614902540b98,11190.390977214329,200.0,220.0,0.0,110.0,0.0
nw_retrain_0386_none_easy_seed20288803,easy,2,2,1,3,4,8c9ecf032f894257,11199.641921088838,200.0,220.0,0.0,110.0,0.0
nw_retrain_0386_none_easy_seed20288803,easy,2,2,2,3,4,ea5e5cf52ffe757a,11157.378943312133,200.0,220.0,0.0,110.0,0.0
nw_retrain_0386_none_easy_seed20288803,easy,2,2,3,3,4,08a8121fbcc6c4af,11161.251043868278,200.0,219.0,0.0,110.0,0.0
nw_retrain_0386_none_easy_seed20288803,easy,5,3,0,4,5,85f4eeaba585b9d3,10326.638773554509,200.0,220.0,0.0,110.0,0.0
nw_retrain_0386_none_easy_seed20288803,easy,5,3,1,4,5,3a17704874ae98a4,10324.329087151233,200.0,220.0,0.0,110.0,0.0
nw_retrain_0386_none_easy_seed20288803,easy,5,3,2,4,5,45b863e63f82fe6b,10323.150320618262,200.0,215.0,0.0,110.0,0.0
nw_retrain_0386_none_easy_seed20288803,easy,5,3,3,4,5,e8365dce6974cf63,10324.685264520327,200.0,219.0,0.0,110.0,0.0
nw_retrain_0386_none_easy_seed20288803,easy,17,4,0,6,7,366fd48747c281fb,10133.628583523883,200.0,220.0,0.0,110.0,0.0
nw_retrain_0386_none_easy_seed20288803,easy,17,4,1,6,7,a08548b0f5c5c56b,10213.34793693837,200.0,220.0,0.0,110.0,0.0
nw_retrain_0386_none_easy_seed20288803,easy,17,4,2,6,7,34977f9b5c8d2160,10142.699059220857,200.0,219.0,0.0,110.0,0.0
nw_retrain_0386_none_easy_seed20288803,easy,17,4,3,6,7,130e3bf5b2e00d83,10129.19651597319,200.0,220.0,0.0,110.0,0.0
nw_retrain_0409_vertically_overlapping_easy_seed20291319,easy,0,0,0,0,1,4af91d15595aeb4f,14.426249430461755,200.0,220.0,0.0,110.0,0.0
nw_retrain_0409_vertically_overlapping_easy_seed20291319,easy,0,0,1,0,1,8d4bc7ec6a5bd6c6,10.354040160948651,200.0,220.0,0.0,110.0,0.0
nw_retrain_0409_vertically_overlapping_easy_seed20291319,easy,0,0,2,0,1,59dcbe3f60ba0e63,19.881088242829687,200.0,220.0,0.0,110.0,0.0
nw_retrain_0409_vertically_overlapping_easy_seed20291319,easy,0,0,3,0,1,ddfbc21edf047143,13.345572161444633,200.0,220.0,0.0,110.0,0.0
nw_retrain_0409_vertically_overlapping_easy_seed20291319,easy,4,1,0,2,3,ee46f4075ffba8f6,2382.660924185413,200.0,220.0,0.0,110.0,0.0
nw_retrain_0409_vertically_overlapping_easy_seed20291319,easy,4,1,1,2,3,7cdba83304759332,2375.3338142937114,200.0,220.0,0.0,110.0,0.0
nw_retrain_0409_vertically_overlapping_easy_seed20291319,easy,4,1,2,2,3,41b9963fc581878c,2374.8666164498104,200.0,220.0,0.0,110.0,0.0
nw_retrain_0409_vertically_overlapping_easy_seed20291319,easy,4,1,3,2,3,41da14b78d282c98,2379.518521412781,200.0,220.0,0.0,110.0,0.0
nw_retrain_0409_vertically_overlapping_easy_seed20291319,easy,7,2,0,4,5,488cbfaeff77225a,51.46700331503557,200.0,220.0,0.0,110.0,0.0
nw_retrain_0409_vertically_overlapping_easy_seed20291319,easy,7,2,1,4,5,340c310015863703,25.291445630207523,200.0,220.0,0.0,110.0,0.0
nw_retrain_0409_vertically_overlapping_easy_seed20291319,easy,7,2,2,4,5,eb86dd4a1c9e3d85,13.634973861569415,200.0,220.0,0.0,110.0,0.0
nw_retrain_0409_vertically_overlapping_easy_seed20291319,easy,7,2,3,4,5,28b06e59986182fb,6.699496715726374,200.0,220.0,0.0,110.0,0.0
nw_retrain_0409_vertically_overlapping_easy_seed20291319,easy,19,3,0,4,5,dd63d9fc45e2ce01,52.55738296998831,400.0,410.0,0.0,210.0,0.0
nw_retrain_0409_vertically_overlapping_easy_seed20291319,easy,19,3,1,4,5,f2224499fb87abb1,52.849753264791325,200.0,220.0,0.0,110.0,0.0
nw_retrain_0409_vertically_overlapping_easy_seed20291319,easy,19,3,2,4,5,e605701f8802d5fb,52.48523177757295,400.0,401.0,0.0,210.0,0.0
nw_retrain_0409_vertically_overlapping_easy_seed20291319,easy,19,3,3,4,5,96ce8bd2668a5386,52.44615242656629,400.0,410.0,0.0,210.0,0.0
nw_retrain_0409_vertically_overlapping_easy_seed20291319,easy,18,4,0,6,7,70f5b5e0c882cd0c,303.6222427438452,200.0,220.0,0.0,110.0,0.0
nw_retrain_0409_vertically_overlapping_easy_seed20291319,easy,18,4,1,6,7,a39f9b7b971841b8,26.41219615455431,200.0,219.0,0.0,110.0,0.0
nw_retrain_0409_vertically_overlapping_easy_seed20291319,easy,18,4,2,6,7,e49718fb160d275e,38.5074719742442,200.0,220.0,0.0,110.0,0.0
nw_retrain_0409_vertically_overlapping_easy_seed20291319,easy,18,4,3,6,7,61595a3fe26c229d,329.04258764992727,200.0,220.0,0.0,110.0,0.0
nw_retrain_0420_converging_moderate_seed20292004,moderate,10,0,0,0,1,3e6b7cb8a6dbda46,1.0623068933349853,200.0,220.0,0.009090909090909,110.0,0.0
nw_retrain_0420_converging_moderate_seed20292004,moderate,10,0,1,0,1,f31147ad786f8c97,11.578515972631346,200.0,220.0,0.0,110.0,0.0
nw_retrain_0420_converging_moderate_seed20292004,moderate,10,0,2,0,1,8c983eb4e99b1818,8.694944378308497,200.0,220.0,0.0,110.0,0.0
nw_retrain_0420_converging_moderate_seed20292004,moderate,10,0,3,0,1,52c060526f47aa95,9.315761126257112,200.0,220.0,0.0,110.0,0.0
nw_retrain_0420_converging_moderate_seed20292004,moderate,16,1,0,1,2,853b91063f7b6c00,6.043632301333167,200.0,220.0,0.0,110.0,0.0
nw_retrain_0420_converging_moderate_seed20292004,moderate,16,1,1,1,2,ee05d65f7c47367f,3.1878817153860144,200.0,220.0,0.0,110.0,0.0
nw_retrain_0420_converging_moderate_seed20292004,moderate,16,1,2,1,2,46f90636bec33222,5.198826996820218,200.0,220.0,0.0,110.0,0.0
nw_retrain_0420_converging_moderate_seed20292004,moderate,16,1,3,1,2,ec4a3f0e85a7c577,6.89043112023225,200.0,220.0,0.0,110.0,0.0
nw_retrain_0420_converging_moderate_seed20292004,moderate,11,2,0,3,4,49f75fd233c06052,3337.9243513645106,200.0,220.0,0.0,110.0,0.0
nw_retrain_0420_converging_moderate_seed20292004,moderate,11,2,1,3,4,78a4e9c7d1f02c78,3348.6953138311937,200.0,220.0,0.0,110.0,0.0
nw_retrain_0420_converging_moderate_seed20292004,moderate,11,2,2,3,4,df16e4a4f0c70d7c,3345.437763431813,200.0,220.0,0.0,110.0,0.0
nw_retrain_0420_converging_moderate_seed20292004,moderate,11,2,3,3,4,f71c034092a07abf,3361.762284436799,200.0,220.0,0.0,110.0,0.0
nw_retrain_0420_converging_moderate_seed20292004,moderate,19,3,0,4,5,fc65b0e00852abd0,152.37725754632444,200.0,220.0,0.0,110.0,0.0
nw_retrain_0420_converging_moderate_seed20292004,moderate,19,3,1,4,5,313dd4da70c6f9a6,28.95496529609239,200.0,220.0,0.0,110.0,0.0
nw_retrain_0420_converging_moderate_seed20292004,moderate,19,3,2,4,5,6480c1173f96e355,172.8325307439354,200.0,220.0,0.0,110.0,0.0
nw_retrain_0420_converging_moderate_seed20292004,moderate,19,3,3,4,5,3d497f5b042aa916,150.7683974085397,200.0,220.0,0.0,110.0,0.0
nw_retrain_0420_converging_moderate_seed20292004,moderate,3,4,0,6,7,98f58b7071df2f70,3567.649667649423,200.0,220.0,0.0,110.0,0.0
nw_retrain_0420_converging_moderate_seed20292004,moderate,3,4,1,6,7,977447dc00134758,3567.300942292595,200.0,220.0,0.0,110.0,0.0
nw_retrain_0420_converging_moderate_seed20292004,moderate,3,4,2,6,7,5fb7a8ca033cb884,3567.472751828194,200.0,220.0,0.0,110.0,0.0
nw_retrain_0420_converging_moderate_seed20292004,moderate,3,4,3,6,7,3525897f35434aa6,3551.3458559096366,200.0,220.0,0.0,110.0,0.0
nw_retrain_0436_none_easy_seed20293834,easy,3,0,0,0,1,ac948149faee173e,32.58637810403386,200.0,220.0,0.0,110.0,0.0
nw_retrain_0436_none_easy_seed20293834,easy,3,0,1,0,1,0df47b21fd3c52a8,1.5144979770848543,200.0,220.0,0.0,110.0,0.0
nw_retrain_0436_none_easy_seed20293834,easy,3,0,2,0,1,92530df635918eb9,17.01210611166924,200.0,220.0,0.0,110.0,0.0
nw_retrain_0436_none_easy_seed20293834,easy,3,0,3,0,1,c6abca57f596a9ec,9.852017521425816,200.0,220.0,0.0,110.0,0.0
nw_retrain_0436_none_easy_seed20293834,easy,13,1,0,2,3,efb951920d367d06,18.5616397642044,200.0,220.0,0.0,110.0,0.0
nw_retrain_0436_none_easy_seed20293834,easy,13,1,1,2,3,47fcb40e7b1c2208,41.23274085792438,200.0,220.0,0.0,110.0,0.0
nw_retrain_0436_none_easy_seed20293834,easy,13,1,2,2,3,eb2dc641706cdc40,17.998243118680552,200.0,220.0,0.0,110.0,0.0
nw_retrain_0436_none_easy_seed20293834,easy,13,1,3,2,3,bd557dceb3a8a4ce,11.489251776410033,200.0,220.0,0.0,110.0,0.0
nw_retrain_0436_none_easy_seed20293834,easy,18,2,0,3,4,7b8d6bf41ccdc500,1370.685400133395,200.0,220.0,0.0,110.0,0.0
nw_retrain_0436_none_easy_seed20293834,easy,18,2,1,3,4,7dfb21be4323a41c,1421.8832134198428,200.0,220.0,0.0,110.0,0.0
nw_retrain_0436_none_easy_seed20293834,easy,18,2,2,3,4,ab9f0d1719cc98f4,3900.3726446342152,200.0,220.0,0.0,110.0,0.0
nw_retrain_0436_none_easy_seed20293834,easy,18,2,3,3,4,13c6ff112424bc61,1030.4713660798295,200.0,220.0,0.0,110.0,0.0
nw_retrain_0436_none_easy_seed20293834,easy,15,3,0,4,5,cfa73f9d55b0aa5f,35.02248333959332,200.0,220.0,0.0,110.0,0.0
nw_retrain_0436_none_easy_seed20293834,easy,15,3,1,4,5,e641cb0264f0be57,17.208589747469766,200.0,220.0,0.0,110.0,0.0
nw_retrain_0436_none_easy_seed20293834,easy,15,3,2,4,5,e74f1576b4e734e9,22.616149914078143,200.0,220.0,0.0,110.0,0.0
nw_retrain_0436_none_easy_seed20293834,easy,15,3,3,4,5,b44ce151957aa6b2,36.95010504714391,200.0,220.0,0.0,110.0,0.0
nw_retrain_0436_none_easy_seed20293834,easy,16,4,0,6,7,f54ef001f06eb139,89.52286801422751,400.0,380.0,0.0,210.0,0.0
nw_retrain_0436_none_easy_seed20293834,easy,16,4,1,6,7,30abd764dd169d82,89.59387804129082,400.0,409.0,0.0,210.0,0.0
nw_retrain_0436_none_easy_seed20293834,easy,16,4,2,6,7,4e5f6975fc83636f,89.6570347882422,400.0,409.0,0.0,210.0,0.0
nw_retrain_0436_none_easy_seed20293834,easy,16,4,3,6,7,7aa5e84a51bde11f,89.57072397321274,400.0,373.0,0.0,210.0,0.0
nw_retrain_0453_converging_hard_seed20295238,hard,3,0,0,0,1,7e17435021dd1939,794.258119294486,200.0,220.0,0.0,110.0,0.0
nw_retrain_0453_converging_hard_seed20295238,hard,3,0,1,0,1,eaaf1c339bb43cc4,30.399825675019382,200.0,220.0,0.0,110.0,0.0
nw_retrain_0453_converging_hard_seed20295238,hard,3,0,2,0,1,e6de313061567d12,29.554585137982667,200.0,220.0,0.0,110.0,0.0
nw_retrain_0453_converging_hard_seed20295238,hard,3,0,3,0,1,cab3ed19b5c76ac6,17.642712759077494,200.0,220.0,0.0,110.0,0.0
nw_retrain_0453_converging_hard_seed20295238,hard,13,1,0,2,3,b38b8c83c7dfcbd7,5.351994583153821,200.0,220.0,0.0,110.0,0.0
nw_retrain_0453_converging_hard_seed20295238,hard,13,1,1,2,3,590e788e513f7658,77.1814256687862,200.0,220.0,0.0,110.0,0.0
nw_retrain_0453_converging_hard_seed20295238,hard,13,1,2,2,3,3811adea257c2e39,22.66284879013397,200.0,219.0,0.0,110.0,0.0
nw_retrain_0453_converging_hard_seed20295238,hard,13,1,3,2,3,054d4de623371d2b,18.0020987810188,200.0,220.0,0.0,110.0,0.0
nw_retrain_0453_converging_hard_seed20295238,hard,18,2,0,3,4,9c22583308478ede,20.591819131873777,200.0,220.0,0.0,110.0,0.0
nw_retrain_0453_converging_hard_seed20295238,hard,18,2,1,3,4,34929c9bb0166296,57.72488807213976,200.0,220.0,0.0,110.0,0.0
nw_retrain_0453_converging_hard_seed20295238,hard,18,2,2,3,4,9a8c163e71474640,16.095317876204817,200.0,220.0,0.0,110.0,0.0
nw_retrain_0453_converging_hard_seed20295238,hard,18,2,3,3,4,13b884fe5f221510,6.281171763212965,200.0,220.0,0.0,110.0,0.0
nw_retrain_0453_converging_hard_seed20295238,hard,15,3,0,4,5,72146a391c8c7f27,91.94191582507064,200.0,220.0,0.0,110.0,0.0
nw_retrain_0453_converging_hard_seed20295238,hard,15,3,1,4,5,55982f1e96dddfe2,15.60252991835849,200.0,220.0,0.0,110.0,0.0
nw_retrain_0453_converging_hard_seed20295238,hard,15,3,2,4,5,46ab3a5389332f60,70.8596877228786,200.0,219.0,0.0,110.0,0.0
nw_retrain_0453_converging_hard_seed20295238,hard,15,3,3,4,5,653fd690087a7c1f,85.69143660822054,200.0,220.0,0.0,110.0,0.0
nw_retrain_0453_converging_hard_seed20295238,hard,14,4,0,6,7,d7b6157c98f05b8f,80.7893962877899,200.0,219.0,0.0,110.0,0.0
nw_retrain_0453_converging_hard_seed20295238,hard,14,4,1,6,7,74787c3681201165,81.24338945692473,200.0,219.0,0.0,110.0,0.0
nw_retrain_0453_converging_hard_seed20295238,hard,14,4,2,6,7,c433baf8ca59c1ee,81.14988027557085,200.0,219.0,0.0,110.0,0.0
nw_retrain_0453_converging_hard_seed20295238,hard,14,4,3,6,7,e1b65b486f9b3b92,79.45441322301006,200.0,220.0,0.0,110.0,0.0
nw_retrain_0455_converging_easy_seed20295434,easy,1,0,0,0,1,5910971d5b90d085,6.737668538656957,200.0,220.0,0.0,110.0,0.0
nw_retrain_0455_converging_easy_seed20295434,easy,1,0,1,0,1,6bc281417dd5fe6d,2.470126846734876,200.0,220.0,0.009090909090909,110.0,0.0
nw_retrain_0455_converging_easy_seed20295434,easy,1,0,2,0,1,a41ab041a29ee23b,12.72458607280344,200.0,220.0,0.0,110.0,0.0
nw_retrain_0455_converging_easy_seed20295434,easy,1,0,3,0,1,947cc63e119926bf,3.741694718138016,200.0,220.0,0.0272727272727272,110.0,0.0
nw_retrain_0455_converging_easy_seed20295434,easy,6,1,0,1,2,4601e79bf6ca2d7f,1278.1372580344694,200.0,220.0,0.0,110.0,0.0
nw_retrain_0455_converging_easy_seed20295434,easy,6,1,1,1,2,e1e7c86ee1c1102a,11869.735650332412,200.0,219.0,0.0,110.0,0.0
nw_retrain_0455_converging_easy_seed20295434,easy,6,1,2,1,2,c6e819878ead0081,4577.078671769281,200.0,220.0,0.0,110.0,0.0
nw_retrain_0455_converging_easy_seed20295434,easy,6,1,3,1,2,467ce3267e6c2702,1583.4160000626907,200.0,220.0,0.0,110.0,0.0
nw_retrain_0455_converging_easy_seed20295434,easy,4,2,0,3,4,b614ce23f4dc693a,7382.221349412707,200.0,219.0,0.0,110.0,0.0
nw_retrain_0455_converging_easy_seed20295434,easy,4,2,1,3,4,28c5f0182cfc9344,12.743926167361236,200.0,220.0,0.009090909090909,110.0,0.0
nw_retrain_0455_converging_easy_seed20295434,easy,4,2,2,3,4,112d170c330bab23,2.6775168106625338,200.0,220.0,0.0454545454545454,110.0,0.0
nw_retrain_0455_converging_easy_seed20295434,easy,4,2,3,3,4,f9fe5b9fdfd657ea,4.169196425494809,200.0,220.0,0.009090909090909,110.0,0.0
nw_retrain_0455_converging_easy_seed20295434,easy,0,3,0,5,6,0b4b0ac19098da59,11000.416991241247,200.0,212.0,0.0,110.0,0.0
nw_retrain_0455_converging_easy_seed20295434,easy,0,3,1,5,6,d978b5de0ba47019,10992.849697496227,200.0,212.0,0.0,110.0,0.0
nw_retrain_0455_converging_easy_seed20295434,easy,0,3,2,5,6,82e531d803946de8,11003.308966581048,200.0,212.0,0.0,110.0,0.0
nw_retrain_0455_converging_easy_seed20295434,easy,0,3,3,5,6,b18c753d6a84d7d8,10994.255812856129,200.0,212.0,0.0,110.0,0.0
nw_retrain_0455_converging_easy_seed20295434,easy,18,4,0,6,7,f84a0a5af85bf4a8,11431.631177767338,200.0,206.0,0.0,110.0,0.0
nw_retrain_0455_converging_easy_seed20295434,easy,18,4,1,6,7,8125b8a03a23c584,11480.857330988028,200.0,206.0,0.0,110.0,0.0
nw_retrain_0455_converging_easy_seed20295434,easy,18,4,2,6,7,9ff8bf610f5b5c7d,11435.02990356258,200.0,206.0,0.0,110.0,0.0
nw_retrain_0455_converging_easy_seed20295434,easy,18,4,3,6,7,b0f1032824f73c2d,11433.126090714237,200.0,220.0,0.0,110.0,0.0
nw_retrain_0472_vertically_overlapping_moderate_seed20297231,moderate,3,0,0,0,1,61f7a8540abd0bb5,4.575013998736834,200.0,220.0,0.0,110.0,0.0
nw_retrain_0472_vertically_overlapping_moderate_seed20297231,moderate,3,0,1,0,1,058ae6c0c6bf69ee,8.901904044367805,200.0,220.0,0.0,110.0,0.0
nw_retrain_0472_vertically_overlapping_moderate_seed20297231,moderate,3,0,2,0,1,5549ce4841f4b678,7.48673134012393,200.0,220.0,0.0,110.0,0.0
nw_retrain_0472_vertically_overlapping_moderate_seed20297231,moderate,3,0,3,0,1,0ea25bff115829a8,10.731966612045918,200.0,220.0,0.0,110.0,0.0
nw_retrain_0472_vertically_overlapping_moderate_seed20297231,moderate,5,1,0,2,3,718bfcd62c82dc10,2301.6155355606043,200.0,220.0,0.0,110.0,0.0
nw_retrain_0472_vertically_overlapping_moderate_seed20297231,moderate,5,1,1,2,3,39e58f5467cd1b14,2297.686420294226,200.0,220.0,0.0,110.0,0.0
nw_retrain_0472_vertically_overlapping_moderate_seed20297231,moderate,5,1,2,2,3,3c5c1795a0715c68,2299.209588987567,200.0,220.0,0.0,110.0,0.0
nw_retrain_0472_vertically_overlapping_moderate_seed20297231,moderate,5,1,3,2,3,54d157337997e314,2298.26076017412,200.0,220.0,0.0,110.0,0.0
nw_retrain_0472_vertically_overlapping_moderate_seed20297231,moderate,6,2,0,4,5,c02aad1af0f03173,303.9139654117811,200.0,220.0,0.0,110.0,0.0
nw_retrain_0472_vertically_overlapping_moderate_seed20297231,moderate,6,2,1,4,5,da4e72dbd81b4aa7,103.14847488811203,200.0,220.0,0.0,110.0,0.0
nw_retrain_0472_vertically_overlapping_moderate_seed20297231,moderate,6,2,2,4,5,b8d180e755c0508c,524.9024997018989,200.0,220.0,0.0,110.0,0.0
nw_retrain_0472_vertically_overlapping_moderate_seed20297231,moderate,6,2,3,4,5,27d891a2f1cb9604,111.89093841455038,200.0,220.0,0.0,110.0,0.0
nw_retrain_0472_vertically_overlapping_moderate_seed20297231,moderate,7,3,0,5,6,bef9405216c0571f,1887.6528946252413,200.0,220.0,0.0,110.0,0.0
nw_retrain_0472_vertically_overlapping_moderate_seed20297231,moderate,7,3,1,5,6,3ad19e2f75a837a5,2441.0303875220184,200.0,220.0,0.0,110.0,0.0
nw_retrain_0472_vertically_overlapping_moderate_seed20297231,moderate,7,3,2,5,6,2c532d52bfd8c981,1872.9864644759875,200.0,220.0,0.0,110.0,0.0
nw_retrain_0472_vertically_overlapping_moderate_seed20297231,moderate,7,3,3,5,6,5617d64d0ac60e75,1817.5263894389616,200.0,220.0,0.0,110.0,0.0
nw_retrain_0472_vertically_overlapping_moderate_seed20297231,moderate,8,4,0,6,7,a17576fca19aa0ea,49.70757237718131,400.0,346.0,0.0,210.0,0.0
nw_retrain_0472_vertically_overlapping_moderate_seed20297231,moderate,8,4,1,6,7,d1bccd35e7e96adb,49.7473790198537,400.0,410.0,0.0,210.0,0.0
nw_retrain_0472_vertically_overlapping_moderate_seed20297231,moderate,8,4,2,6,7,0a871cc314eb02dd,49.63374358895844,400.0,344.0,0.0,210.0,0.0
nw_retrain_0472_vertically_overlapping_moderate_seed20297231,moderate,8,4,3,6,7,c7b79e7da450c3be,51.32469148496567,200.0,220.0,0.0,110.0,0.0
nw_retrain_0487_converging_easy_seed20298701,easy,8,0,0,0,1,eb354a496d1b1786,3463.7265193646385,200.0,220.0,0.0,110.0,0.0
nw_retrain_0487_converging_easy_seed20298701,easy,8,0,1,0,1,a664de82d01a683d,3.943762967374606,200.0,220.0,0.0181818181818181,110.0,0.0
nw_retrain_0487_converging_easy_seed20298701,easy,8,0,2,0,1,f920e41245c41376,3.9930760820396687,200.0,220.0,0.009090909090909,110.0,0.0
nw_retrain_0487_converging_easy_seed20298701,easy,8,0,3,0,1,de47ac33dd3c4fc3,2.77383820131371,200.0,220.0,0.0181818181818181,110.0,0.0
nw_retrain_0487_converging_easy_seed20298701,easy,0,1,0,1,2,e519bdf734577ff2,516.2405192929715,200.0,220.0,0.0,110.0,0.0
nw_retrain_0487_converging_easy_seed20298701,easy,0,1,1,1,2,6d776d6761ad6a52,2.6442802770734777,200.0,220.0,0.0,110.0,0.0
nw_retrain_0487_converging_easy_seed20298701,easy,0,1,2,1,2,e51b5b9c1defcde2,6.635522893676582,200.0,220.0,0.0,110.0,0.0
nw_retrain_0487_converging_easy_seed20298701,easy,0,1,3,1,2,c9fb13eca5ee1f15,9.250427868185218,200.0,220.0,0.0,110.0,0.0
nw_retrain_0487_converging_easy_seed20298701,easy,12,2,0,3,4,1cf5a97ed12d0c71,2.601723835499986,200.0,220.0,0.0,110.0,0.0
nw_retrain_0487_converging_easy_seed20298701,easy,12,2,1,3,4,f96abb4c229c3073,22.48365187809509,200.0,220.0,0.0,110.0,0.0
nw_retrain_0487_converging_easy_seed20298701,easy,12,2,2,3,4,0e108cce67c3448c,627.1679863192854,200.0,220.0,0.0,110.0,0.0
nw_retrain_0487_converging_easy_seed20298701,easy,12,2,3,3,4,fbfb95decf219ab6,640.7956667292468,200.0,220.0,0.0,110.0,0.0
nw_retrain_0487_converging_easy_seed20298701,easy,1,3,0,5,6,2342237c2b34b28f,974.8573454599816,400.0,410.0,0.0,210.0,0.0
nw_retrain_0487_converging_easy_seed20298701,easy,1,3,1,5,6,72e0ab2a6244a120,976.6202614470689,200.0,220.0,0.0,110.0,0.0
nw_retrain_0487_converging_easy_seed20298701,easy,1,3,2,5,6,dbb06bbb336eca5d,980.8860759303184,200.0,220.0,0.0,110.0,0.0
nw_retrain_0487_converging_easy_seed20298701,easy,1,3,3,5,6,34ca2096a4d05f71,975.7353394334964,400.0,410.0,0.0,210.0,0.0
nw_retrain_0487_converging_easy_seed20298701,easy,19,4,0,5,6,c07f587e6a9ed552,862.9064539144098,200.0,220.0,0.0,110.0,0.0
nw_retrain_0487_converging_easy_seed20298701,easy,19,4,1,5,6,8c3c0b4c4fcb7f37,119.39602173513596,200.0,220.0,0.0,110.0,0.0
nw_retrain_0487_converging_easy_seed20298701,easy,19,4,2,5,6,86558e8a668e60b6,873.8342853787449,200.0,220.0,0.0,110.0,0.0
nw_retrain_0487_converging_easy_seed20298701,easy,19,4,3,5,6,18b118ea3557af54,848.5859845703823,200.0,220.0,0.0,110.0,0.0
nw_retrain_0516_none_easy_seed22079712,easy,3,0,0,0,1,b26ee594b8de78d1,1861.759069787972,200.0,220.0,0.0,110.0,0.0
nw_retrain_0516_none_easy_seed22079712,easy,3,0,1,0,1,c8be10bb591f498b,24.3294399025923,200.0,220.0,0.0,110.0,0.0
nw_retrain_0516_none_easy_seed22079712,easy,3,0,2,0,1,aaead72209127055,312.59339707894605,200.0,220.0,0.0,110.0,0.0
nw_retrain_0516_none_easy_seed22079712,easy,3,0,3,0,1,f1b5a8da2e584026,3.1389311710159062,200.0,220.0,0.0,110.0,0.0
nw_retrain_0516_none_easy_seed22079712,easy,6,1,0,2,3,49eaf7bbdc81ffa1,6.912708938596767,200.0,220.0,0.0,110.0,0.0
nw_retrain_0516_none_easy_seed22079712,easy,6,1,1,2,3,d4fa40a968b7716f,48.159687981236274,200.0,220.0,0.0,110.0,0.0
nw_retrain_0516_none_easy_seed22079712,easy,6,1,2,2,3,e513459aee2eda6c,14.284108610083054,200.0,220.0,0.0,110.0,0.0
nw_retrain_0516_none_easy_seed22079712,easy,6,1,3,2,3,80053bd5aca93479,29.288560048024408,200.0,220.0,0.0,110.0,0.0
nw_retrain_0516_none_easy_seed22079712,easy,15,2,0,4,5,2866ef74784c4dd6,5087.846561938047,200.0,220.0,0.0,110.0,0.0
nw_retrain_0516_none_easy_seed22079712,easy,15,2,1,4,5,7b39211eb8677dd5,5047.674275101304,200.0,220.0,0.0,110.0,0.0
nw_retrain_0516_none_easy_seed22079712,easy,15,2,2,4,5,34c67b5e3734e0cc,5049.331249306486,200.0,220.0,0.0,110.0,0.0
nw_retrain_0516_none_easy_seed22079712,easy,15,2,3,4,5,b8d16cc6132f2431,5049.824864288812,200.0,220.0,0.0,110.0,0.0
nw_retrain_0516_none_easy_seed22079712,easy,9,3,0,5,6,cfd90b92f7cfc91d,6242.697119794355,200.0,220.0,0.0,110.0,0.0
nw_retrain_0516_none_easy_seed22079712,easy,9,3,1,5,6,65676a103dcbc6e5,6259.586880669825,200.0,220.0,0.0,110.0,0.0
nw_retrain_0516_none_easy_seed22079712,easy,9,3,2,5,6,8464303bf6b5a63a,6204.701259938098,200.0,220.0,0.0,110.0,0.0
nw_retrain_0516_none_easy_seed22079712,easy,9,3,3,5,6,579bc2e6b73c9308,6225.863007015778,200.0,220.0,0.0,110.0,0.0
nw_retrain_0516_none_easy_seed22079712,easy,18,4,0,6,7,ae5d7de2059d1395,3917.356975622412,200.0,220.0,0.0,110.0,0.0
nw_retrain_0516_none_easy_seed22079712,easy,18,4,1,6,7,aeb957c09444dd7f,3917.1200209081976,400.0,410.0,0.0,210.0,0.0
nw_retrain_0516_none_easy_seed22079712,easy,18,4,2,6,7,045bfbdb37076634,3917.0011164374296,400.0,410.0,0.0,210.0,0.0
nw_retrain_0516_none_easy_seed22079712,easy,18,4,3,6,7,c60b7f2b4bd07fc5,3917.378982952082,200.0,220.0,0.0,110.0,0.0
