scenario_uid,arm,pairwise_acc,top1_regret,top3_recall
nw_dual_val_001,B0,0.7735507246376812,2.1375982930653565,0.8
nw_dual_val_002,B0,0.710820895522388,1.756482076389369,0.85
nw_dual_val_003,B0,0.7239915074309978,1.168721807790829,0.85
nw_dual_val_004,B0,0.6026315789473684,2.063565563116929,0.7833333333333333
nw_dual_val_005,B0,0.8166666666666667,2.381536588429917,0.8333333333333334
nw_dual_val_006,B0,0.7404661016949152,1.5520186910421105,0.8666666666666666
nw_dual_val_007,B0,0.8192307692307692,0.9006274204647458,0.8666666666666666
nw_dual_val_008,B0,0.7054409005628518,1.629663528508851,0.7333333333333333
nw_dual_val_009,B0,0.7302631578947368,3.5027272978102295,0.85
nw_dual_val_010,B0,0.8486842105263158,0.9351576555391136,0.8833333333333334
nw_dual_val_011,B0,0.7709090909090909,0.5482014678193643,0.8333333333333334
nw_dual_val_012,B0,0.7717391304347826,3.4198764915851343,0.8166666666666667
nw_dual_val_013,B0,0.8115671641791045,3.944250520928196,0.8333333333333333
nw_dual_val_014,B0,0.6904761904761905,1.384366276793763,0.7666666666666666
nw_dual_val_015,B0,0.7846153846153846,1.9587083943162937,0.85
nw_dual_val_016,B0,0.788961038961039,0.5706865238257682,0.8
nw_dual_val_017,B0,0.7630597014925373,0.9903817681868936,0.8166666666666667
nw_dual_val_018,B0,0.7341269841269841,9.519574255885374,0.8
nw_dual_val_019,B0,0.6831683168316832,0.35053451275894215,0.8333333333333334
nw_dual_val_020,B0,0.7127192982456141,2.4100677942893656,0.8
nw_dual_val_021,B0,0.7201492537313433,2.3510102134306115,0.8333333333333334
nw_dual_val_022,B0,0.743421052631579,0.912124007225178,0.8166666666666667
nw_dual_val_023,B0,0.845,0.6045039210541346,0.75
nw_dual_val_024,B0,0.6830985915492958,0.6824793204053095,0.8166666666666667
nw_dual_val_025,B0,0.6991525423728814,0.5048466225002819,0.8166666666666667
nw_dual_val_026,B0,0.8405797101449275,6.158101157772294,0.9
nw_dual_val_027,B0,0.8401639344262295,1.6968193685106059,0.9
nw_dual_val_028,B0,0.8095238095238095,0.6944207592551429,0.85
nw_dual_val_029,B0,0.7609649122807017,2.9689158066175034,0.8333333333333334
nw_dual_val_030,B0,0.6885245901639344,0.4022390323103114,0.8166666666666667
nw_dual_val_031,B0,0.7182539682539683,2.1732694206697403,0.7833333333333333
nw_dual_val_032,B0,0.8243670886075949,7.134112761350247,0.75
nw_dual_val_033,B0,0.8641304347826086,1.1912922585101087,0.8666666666666666
nw_dual_val_034,B0,0.7909090909090909,0.5561089778870307,0.9166666666666666
nw_dual_val_035,B0,0.7390350877192983,0.44129239177492774,0.7833333333333333
nw_dual_val_036,B0,0.8037190082644629,3.6403137891090784,0.8
nw_dual_val_037,B0,0.7990506329113924,2.3275080505457955,0.85
nw_dual_val_038,B0,0.5914179104477612,2.3304618282108107,0.7666666666666666
nw_dual_val_039,B0,0.7574626865671642,1.9403522454318538,0.8333333333333333
nw_dual_val_040,B0,0.7142857142857143,1.4694101241380115,0.8666666666666666
nw_dual_val_041,B0,0.7605421686746988,0.14866775440928698,0.8
nw_dual_val_042,B0,0.7439759036144579,0.6707988974831438,0.7666666666666666
nw_dual_val_043,B0,0.7044491525423728,1.573629427916708,0.85
nw_dual_val_044,B0,0.7095070422535211,2.8908102805777456,0.8166666666666667
nw_dual_val_045,B0,0.7686567164179104,0.21944807405953098,0.9166666666666666
nw_dual_val_046,B0,0.8354430379746836,0.7049652290776682,0.8166666666666667
nw_dual_val_047,B0,0.8005502063273727,0.33664293454273586,0.8
nw_dual_val_048,B0,0.8003246753246753,1.0312588564611347,0.8333333333333334
nw_dual_val_049,B0,0.7737341772151899,2.3830415748562217,0.8333333333333334
nw_dual_val_050,B0,0.75,1.099957148740206,0.8333333333333334
nw_dual_val_051,B0,0.8409542743538767,0.5712067788798152,0.8666666666666666
nw_dual_val_052,B0,0.7166666666666667,0.7185920677857556,0.8666666666666666
nw_dual_val_053,B0,0.7402597402597403,0.9605638547288218,0.8333333333333334
nw_dual_val_054,B0,0.8432539682539683,0.8888117356793515,0.8666666666666666
nw_dual_val_055,B0,0.7876984126984127,0.7401459977610638,0.85
nw_dual_val_056,B0,0.8661971830985915,3.7217880435234876,0.8833333333333334
nw_dual_val_057,B0,0.7996575342465754,1.0988452982653292,0.8166666666666667
nw_dual_val_058,B0,0.7543859649122807,0.7504461462124102,0.8333333333333334
nw_dual_val_059,B0,0.7033333333333334,0.8026139888256896,0.8
nw_dual_val_060,B0,0.8038461538461539,1.0298162433576674,0.85
nw_retrain_0006_none_easy_seed20251432,B0,0.8469101123595506,3.586490207540618,0.8166666666666667
nw_retrain_0010_crossing_moderate_seed20251824,B0,0.9160447761194029,20.716694250099295,0.8833333333333334
nw_retrain_0014_vertically_overlapping_hard_seed20252216,B0,0.8161764705882353,6.766642280460134,0.9
nw_retrain_0016_vertically_overlapping_easy_seed20252543,B0,0.8441780821917808,9.643325165248914,0.85
nw_retrain_0017_approximately_parallel_moderate_seed20252641,B0,0.8861940298507462,21.87267757681942,0.8666666666666666
nw_retrain_0023_crossing_easy_seed20253098,B0,0.7944915254237288,9.602226955618585,0.8666666666666666
nw_retrain_0024_converging_hard_seed20253196,B0,0.8837719298245614,41.3974512572611,0.8833333333333334
nw_retrain_0061_vertically_overlapping_moderate_seed20257346,B0,0.8165584415584416,2.4522040975848527,0.9
nw_retrain_0068_crossing_easy_seed20257639,B0,0.8692307692307693,10.881433855618091,0.8833333333333334
nw_retrain_0077_none_easy_seed20258521,B0,0.8861940298507462,4.950049692573111,0.8833333333333334
nw_retrain_0078_converging_easy_seed20258488,B0,0.8961267605633803,124.66585594767825,0.8833333333333334
nw_retrain_0086_vertically_overlapping_hard_seed20259272,B0,0.7383333333333333,7.231263998407267,0.8833333333333334
nw_retrain_0089_none_easy_seed20259828,B0,0.8104838709677419,8.89196346088374,0.9333333333333333
nw_retrain_0091_approximately_parallel_moderate_seed20259762,B0,0.8401898734177216,26.929051098778736,0.9
nw_retrain_0095_crossing_easy_seed20260285,B0,0.8214285714285714,20.560189674390955,0.8333333333333334
nw_retrain_0099_vertically_overlapping_easy_seed20260677,B0,0.8136363636363636,10.104524060171293,0.9
nw_retrain_0103_approximately_parallel_easy_seed20260938,B0,0.55,1.064041572792545,0.7333333333333333
nw_retrain_0109_vertically_overlapping_easy_seed20261526,B0,0.847457627118644,14.650363324550744,0.8166666666666667
nw_retrain_0110_none_easy_seed20261624,B0,0.5886194029850746,6.147253381701354,0.8
nw_retrain_0119_converging_moderate_seed20262637,B0,0.8992537313432836,78.44011610067955,0.8833333333333334
nw_retrain_0121_vertically_overlapping_moderate_seed20262702,B0,0.7230769230769231,2.739309722464642,0.8833333333333334
nw_retrain_0122_vertically_overlapping_easy_seed20262800,B0,0.8495762711864406,35.196181864193115,0.8833333333333334
nw_retrain_0133_vertically_overlapping_moderate_seed20264009,B0,0.8619402985074627,24.344841149061242,0.8666666666666666
nw_retrain_0134_crossing_moderate_seed20264107,B0,0.85,7.292217413675452,0.9
nw_retrain_0141_crossing_easy_seed20264924,B0,0.8531746031746031,32.530701723941156,0.9
nw_retrain_0143_none_easy_seed20264858,B0,0.7807377049180327,8.785342209732947,0.8666666666666666
nw_retrain_0150_crossing_easy_seed20265675,B0,0.8463855421686747,3.529043775134088,0.8333333333333334
nw_retrain_0151_approximately_parallel_moderate_seed20265773,B0,0.819672131147541,4.566103136155908,0.85
nw_retrain_0156_crossing_easy_seed20266132,B0,0.8496376811594203,32.22810766194166,0.8666666666666666
nw_retrain_0158_vertically_overlapping_easy_seed20266328,B0,0.76,28.86161960998759,0.8833333333333334
nw_retrain_0161_none_easy_seed20266753,B0,0.845360824742268,14.081932759819981,0.8333333333333333
nw_retrain_0167_approximately_parallel_easy_seed20267472,B0,0.8135593220338984,66.92701399402229,0.8666666666666666
nw_retrain_0171_crossing_easy_seed20267864,B0,0.8098591549295775,3.2256930528404384,0.9
nw_retrain_0175_vertically_overlapping_easy_seed20267994,B0,0.7120253164556962,28.659856238564696,0.9
nw_retrain_0179_none_easy_seed20268517,B0,0.7772988505747126,29.342441062446294,0.8333333333333334
nw_retrain_0181_converging_easy_seed20268582,B0,0.805327868852459,15.703319452647282,0.8333333333333333
nw_retrain_0182_crossing_moderate_seed20268680,B0,0.6100746268656716,2.6890831523849346,0.7333333333333333
nw_retrain_0185_none_easy_seed20268974,B0,0.8453389830508474,7.696309573960924,0.9
nw_retrain_0187_vertically_overlapping_easy_seed20269170,B0,0.7559523809523809,18.374279774662412,0.8666666666666666
nw_retrain_0190_none_easy_seed20269464,B0,0.9048507462686567,6.0403291469610165,0.8833333333333334
nw_retrain_0191_approximately_parallel_easy_seed20269562,B0,0.6519230769230769,1.3681135329913527,0.7666666666666666
nw_retrain_0192_crossing_moderate_seed20269660,B0,0.9313186813186813,5.092954476258823,0.8166666666666667
nw_retrain_0203_converging_moderate_seed20270869,B0,0.8764367816091954,15.868874424347286,0.9
nw_retrain_0204_converging_hard_seed20270836,B0,0.8924731182795699,11.500293241159131,0.85
nw_retrain_0214_vertically_overlapping_easy_seed20271816,B0,0.6493506493506493,0.7918522117815532,0.8666666666666666
nw_retrain_0221_converging_moderate_seed20272633,B0,0.9263698630136986,9.840215932098923,0.8666666666666666
nw_retrain_0224_crossing_easy_seed20273058,B0,0.8571428571428571,3.51673881510404,0.8333333333333334
nw_retrain_0233_converging_hard_seed20273809,B0,0.8829365079365079,38.402010049947734,0.9
nw_retrain_0243_converging_hard_seed20274789,B0,0.8766233766233766,25.10499828619084,0.8833333333333334
nw_retrain_0248_vertically_overlapping_easy_seed20275410,B0,0.8041044776119403,17.60415783667667,0.9
nw_retrain_0250_vertically_overlapping_hard_seed20275475,B0,0.6867977528089888,5.933101385749029,0.7333333333333333
nw_retrain_0254_none_easy_seed20275736,B0,0.9016666666666666,2.388828760035902,0.85
nw_retrain_0258_approximately_parallel_easy_seed20276128,B0,0.6791044776119403,2.564265731875099,0.8666666666666666
nw_retrain_0266_none_easy_seed20276912,B0,0.8716666666666667,55.049892614285056,0.8833333333333332
nw_retrain_0270_approximately_parallel_easy_seed20277435,B0,0.5193661971830986,3.615867140789534,0.8166666666666667
nw_retrain_0292_approximately_parallel_easy_seed20279460,B0,0.574438202247191,1.836018667931415,0.7333333333333333
nw_retrain_0296_converging_moderate_seed20279983,B0,0.8084016393442623,1.1038650530700034,0.85
nw_retrain_0309_none_easy_seed20281257,B0,0.8241525423728814,24.456371068415347,0.8833333333333334
nw_retrain_0310_approximately_parallel_moderate_seed20281224,B0,0.8531746031746031,34.793089911400116,0.8333333333333334
nw_retrain_0314_vertically_overlapping_moderate_seed20281747,B0,0.7850877192982456,150.54457009660453,0.85
nw_retrain_0321_crossing_easy_seed20282302,B0,0.85,13.95668463632783,0.8833333333333334
nw_retrain_0322_converging_moderate_seed20282662,B0,0.8733333333333333,57.26813266553722,0.8833333333333334
nw_retrain_0323_converging_moderate_seed20282498,B0,0.8293650793650794,13.910569703818899,0.8833333333333334
nw_retrain_0326_converging_hard_seed20282923,B0,0.6711538461538461,1.3489400551490722,0.8166666666666667
nw_retrain_0332_crossing_moderate_seed20283380,B0,0.7623239436619719,11.938245130276696,0.8166666666666667
nw_retrain_0341_converging_moderate_seed20284393,B0,0.7459016393442623,30.303601570122566,0.7666666666666666
nw_retrain_0344_converging_easy_seed20284556,B0,0.7563559322033898,6.7383887543205745,0.8666666666666666
nw_retrain_0346_vertically_overlapping_moderate_seed20285014,B0,0.8072033898305084,5.427081659100185,0.8833333333333334
nw_retrain_0359_vertically_overlapping_moderate_seed20286026,B0,0.8305084745762712,18.39405910031467,0.8666666666666666
nw_retrain_0363_vertically_overlapping_hard_seed20286418,B0,0.8890845070422535,23.62375596364147,0.85
nw_retrain_0365_none_easy_seed20286614,B0,0.8095238095238095,12.752809619592366,0.9
nw_retrain_0369_crossing_easy_seed20287006,B0,0.8865384615384615,3.763989262531234,0.8666666666666666
nw_retrain_0380_none_easy_seed20288346,B0,0.8691176470588236,17.05904200983071,0.9
nw_retrain_0384_approximately_parallel_moderate_seed20288738,B0,0.8611111111111112,71.9023233726492,0.8333333333333334
nw_retrain_0385_crossing_hard_seed20288574,B0,0.8934426229508197,41.66303665068726,0.8666666666666666
nw_retrain_0386_none_easy_seed20288803,B0,0.8234126984126984,3.4917748114031917,0.8333333333333334
nw_retrain_0389_vertically_overlapping_easy_seed20289228,B0,0.8822463768115942,11.558665656262487,0.8166666666666667
nw_retrain_0392_approximately_parallel_moderate_seed20289260,B0,0.8665254237288136,5.522322465340903,0.8
nw_retrain_0404_none_easy_seed20290436,B0,0.8351449275362319,5.146003282893416,0.8166666666666667
nw_retrain_0405_vertically_overlapping_hard_seed20290534,B0,0.8467741935483871,19.520652448864062,0.9166666666666666
nw_retrain_0408_crossing_easy_seed20291090,B0,0.7960526315789473,2.2839564970954163,0.8333333333333334
nw_retrain_0409_vertically_overlapping_easy_seed20291319,B0,0.7676056338028169,7.10354824265705,0.7833333333333333
nw_retrain_0413_vertically_overlapping_easy_seed20291842,B0,0.9145569620253164,18.923078522120232,0.8333333333333334
nw_retrain_0415_approximately_parallel_easy_seed20291645,B0,0.7692307692307693,4.2199679803066585,0.8666666666666666
nw_retrain_0416_approximately_parallel_easy_seed20291743,B0,0.8728813559322034,16.407997837146052,0.8833333333333334
nw_retrain_0420_converging_moderate_seed20292004,B0,0.6931818181818182,13.210737006521162,0.8333333333333334
nw_retrain_0426_vertically_overlapping_hard_seed20292592,B0,0.7717391304347826,4.032189726098542,0.8666666666666666
nw_retrain_0431_none_easy_seed20293082,B0,0.8552631578947368,35.948842612772296,0.8666666666666666
nw_retrain_0432_converging_moderate_seed20293311,B0,0.8955696202531646,2.4588917529383805,0.85
nw_retrain_0436_none_easy_seed20293834,B0,0.8,4.8705155157853985,0.85
nw_retrain_0437_none_easy_seed20293670,B0,0.8409090909090909,18.083471600905618,0.8833333333333334
nw_retrain_0445_none_easy_seed20294454,B0,0.822463768115942,6.759566782982075,0.8833333333333334
nw_retrain_0446_none_easy_seed20294552,B0,0.7848101265822784,7.131176496708571,0.7833333333333333
nw_retrain_0453_converging_hard_seed20295238,B0,0.7161016949152542,14.276380422596592,0.8666666666666666
nw_retrain_0455_converging_easy_seed20295434,B0,0.7341269841269841,21.30427120707685,0.85
nw_retrain_0459_vertically_overlapping_moderate_seed20296088,B0,0.8253424657534246,13.073973123832891,0.85
nw_retrain_0465_vertically_overlapping_hard_seed20296545,B0,0.7365591397849462,32.00192468727361,0.85
nw_retrain_0468_converging_moderate_seed20296839,B0,0.7946428571428571,1.6273075572928437,0.8333333333333333
nw_retrain_0471_none_easy_seed20297002,B0,0.751984126984127,4.293086439780847,0.8666666666666666
nw_retrain_0472_vertically_overlapping_moderate_seed20297231,B0,0.8029661016949152,7.187086925002492,0.8833333333333334
nw_retrain_0473_converging_moderate_seed20297198,B0,0.8432539682539683,4.499054262096407,0.9166666666666666
nw_retrain_0479_converging_easy_seed20297786,B0,0.8545081967213115,24.481326501959906,0.8666666666666666
nw_retrain_0486_none_easy_seed20298603,B0,0.9241573033707865,19.473450976823386,0.8333333333333334
nw_retrain_0487_converging_easy_seed20298701,B0,0.8411764705882353,1.6461078508386007,0.9
nw_retrain_0493_approximately_parallel_easy_seed20299158,B0,0.7980769230769231,28.191921046324204,0.8
nw_retrain_0495_vertically_overlapping_moderate_seed20299354,B0,0.9126506024096386,2.732994153826874,0.9333333333333333
nw_retrain_0500_crossing_easy_seed20299975,B0,0.8208955223880597,15.817240100525868,0.85
nw_retrain_0505_crossing_easy_seed22078110,B0,0.8820422535211268,39.93437551168494,0.9166666666666666
nw_retrain_0516_none_easy_seed22079712,B0,0.9507042253521126,25.65560238646255,0.9
nw_retrain_0523_converging_easy_seed22079874,B0,0.855,10.303177263667205,0.85
nw_retrain_0541_crossing_hard_seed22081769,B0,0.7705882352941177,3.71933417309729,0.8666666666666666
nw_retrain_0546_none_easy_seed22082128,B0,0.7779850746268657,3.798323314765809,0.8833333333333334
nw_retrain_0547_approximately_parallel_moderate_seed22082619,B0,0.664179104477612,1.769739708372763,0.8333333333333334
nw_retrain_0553_none_easy_seed22082814,B0,0.9102112676056338,22.02549774305312,0.9166666666666666
nw_retrain_0562_crossing_moderate_seed22083696,B0,0.8013698630136986,4.572380952575304,0.95
nw_retrain_0566_vertically_overlapping_moderate_seed22084088,B0,0.7192622950819673,2.6066765806233025,0.8666666666666666
nw_retrain_0570_crossing_easy_seed22084742,B0,0.8944805194805194,18.123026723714986,0.85
nw_retrain_0581_converging_hard_seed22085689,B0,0.5905797101449275,5.358767620056971,0.7833333333333333
nw_retrain_0596_approximately_parallel_hard_seed22087028,B0,0.8181818181818182,11.062411632251866,0.8666666666666666
nw_retrain_0600_converging_easy_seed22087551,B0,0.5915492957746479,6.112374064315149,0.85
nw_dual_val_001,B1,0.8061594202898551,1.2864239879406834,0.8
nw_dual_val_002,B1,0.7686567164179104,1.4289559538229637,0.9166666666666666
nw_dual_val_003,B1,0.821656050955414,0.8325758129630592,0.8666666666666666
nw_dual_val_004,B1,0.6723684210526316,7.105162055147922,0.7833333333333333
nw_dual_val_005,B1,0.85,0.42967055314916625,0.8333333333333333
nw_dual_val_006,B1,0.7563559322033898,1.4053134288077984,0.8166666666666667
nw_dual_val_007,B1,0.8307692307692308,2.093554773218586,0.9
nw_dual_val_008,B1,0.797373358348968,0.6537279709990218,0.8
nw_dual_val_009,B1,0.7982456140350878,2.5946197949460412,0.8833333333333334
nw_dual_val_010,B1,0.8135964912280702,0.6036248626469171,0.9
nw_dual_val_011,B1,0.8127272727272727,0.5745586285892526,0.8166666666666667
nw_dual_val_012,B1,0.7681159420289855,2.172924847104616,0.8
nw_dual_val_013,B1,0.8003731343283582,0.8901723324124786,0.8
nw_dual_val_014,B1,0.7936507936507936,0.6645643370671239,0.7833333333333333
nw_dual_val_015,B1,0.7961538461538461,2.700579775521401,0.8333333333333333
nw_dual_val_016,B1,0.797077922077922,1.156906137285064,0.8166666666666667
nw_dual_val_017,B1,0.8283582089552238,0.7768364517710163,0.8
nw_dual_val_018,B1,0.7916666666666666,5.572686752462863,0.8333333333333334
nw_dual_val_019,B1,0.8168316831683168,0.3573826442690426,0.8666666666666666
nw_dual_val_020,B1,0.8004385964912281,1.8003958434997895,0.8333333333333334
nw_dual_val_021,B1,0.7854477611940298,0.7932121399778916,0.8166666666666667
nw_dual_val_022,B1,0.756578947368421,0.654820168450678,0.8166666666666667
nw_dual_val_023,B1,0.8283333333333334,0.6043998137323189,0.85
nw_dual_val_024,B1,0.7028169014084507,0.6606282054024429,0.8
nw_dual_val_025,B1,0.7245762711864406,0.804504297366733,0.8333333333333334
nw_dual_val_026,B1,0.8405797101449275,5.147398935170608,0.8666666666666666
nw_dual_val_027,B1,0.8483606557377049,0.7189105496264301,0.85
nw_dual_val_028,B1,0.8511904761904762,2.38510105730105,0.85
nw_dual_val_029,B1,0.6907894736842105,0.9182672862668817,0.8
nw_dual_val_030,B1,0.6987704918032787,0.3358660492778197,0.8833333333333334
nw_dual_val_031,B1,0.7281746031746031,1.0528411160042532,0.85
nw_dual_val_032,B1,0.8227848101265823,1.906488801094913,0.9
nw_dual_val_033,B1,0.8568840579710145,1.2929453862629232,0.9
nw_dual_val_034,B1,0.7318181818181818,2.8564348742420353,0.8166666666666667
nw_dual_val_035,B1,0.6951754385964912,0.7300619352358508,0.8166666666666667
nw_dual_val_036,B1,0.8409090909090909,1.9342788700804463,0.85
nw_dual_val_037,B1,0.7689873417721519,0.6829176444904815,0.9
nw_dual_val_038,B1,0.6063432835820896,0.8051218418496576,0.85
nw_dual_val_039,B1,0.7574626865671642,2.504297078906826,0.8166666666666667
nw_dual_val_040,B1,0.8425324675324676,2.366432496686104,0.85
nw_dual_val_041,B1,0.8072289156626506,0.7145197510750145,0.8166666666666667
nw_dual_val_042,B1,0.8192771084337349,1.3735113715155314,0.8166666666666667
nw_dual_val_043,B1,0.7807203389830508,1.9891904943831662,0.8666666666666666
nw_dual_val_044,B1,0.7059859154929577,5.2497256049457395,0.8166666666666667
nw_dual_val_045,B1,0.7817164179104478,0.5454416394127644,0.8666666666666666
nw_dual_val_046,B1,0.8069620253164557,1.2967886443140912,0.8333333333333334
nw_dual_val_047,B1,0.8211829436038515,0.4658063104604584,0.8
nw_dual_val_048,B1,0.8928571428571429,0.2900299239069433,0.85
nw_dual_val_049,B1,0.7642405063291139,1.5118305094634852,0.85
nw_dual_val_050,B1,0.702922077922078,2.055396766916604,0.8166666666666667
nw_dual_val_051,B1,0.852882703777336,0.2322791219739418,0.8833333333333334
nw_dual_val_052,B1,0.78,0.151130471377789,0.8333333333333334
nw_dual_val_053,B1,0.7451298701298701,0.9670015859045271,0.8
nw_dual_val_054,B1,0.8214285714285714,0.9337424922802094,0.9
nw_dual_val_055,B1,0.8115079365079365,0.7422052143294339,0.8166666666666667
nw_dual_val_056,B1,0.8556338028169014,3.725838054766824,0.85
nw_dual_val_057,B1,0.827054794520548,0.9432343816505899,0.8833333333333334
nw_dual_val_058,B1,0.8135964912280702,1.3785566514553458,0.85
nw_dual_val_059,B1,0.7716666666666666,0.483053886942753,0.8833333333333334
nw_dual_val_060,B1,0.7711538461538462,0.9722087012759119,0.9
nw_retrain_0006_none_easy_seed20251432,B1,0.8595505617977528,4.216598583411342,0.8666666666666666
nw_retrain_0010_crossing_moderate_seed20251824,B1,0.914179104477612,7.174129001699454,0.8833333333333334
nw_retrain_0014_vertically_overlapping_hard_seed20252216,B1,0.8382352941176471,6.313889204814475,0.8666666666666666
nw_retrain_0016_vertically_overlapping_easy_seed20252543,B1,0.863013698630137,9.959410601129573,0.8166666666666667
nw_retrain_0017_approximately_parallel_moderate_seed20252641,B1,0.9253731343283582,11.584875677937477,0.9166666666666666
nw_retrain_0023_crossing_easy_seed20253098,B1,0.8495762711864406,7.810368577959426,0.9
nw_retrain_0024_converging_hard_seed20253196,B1,0.8991228070175439,2.8409978870810684,0.85
nw_retrain_0061_vertically_overlapping_moderate_seed20257346,B1,0.775974025974026,6.38322434080799,0.85
nw_retrain_0068_crossing_easy_seed20257639,B1,0.8538461538461538,9.433412792304388,0.9166666666666666
nw_retrain_0077_none_easy_seed20258521,B1,0.8880597014925373,4.49436251302181,0.8666666666666666
nw_retrain_0078_converging_easy_seed20258488,B1,0.9137323943661971,64.23845332522158,0.8833333333333334
nw_retrain_0086_vertically_overlapping_hard_seed20259272,B1,0.7066666666666667,3.95177965780787,0.8833333333333334
nw_retrain_0089_none_easy_seed20259828,B1,0.8440860215053764,12.66107241235431,0.9166666666666666
nw_retrain_0091_approximately_parallel_moderate_seed20259762,B1,0.8465189873417721,22.153199212818834,0.8666666666666666
nw_retrain_0095_crossing_easy_seed20260285,B1,0.7916666666666666,10.830635166663237,0.8166666666666667
nw_retrain_0099_vertically_overlapping_easy_seed20260677,B1,0.8136363636363636,5.8447522546917225,0.85
nw_retrain_0103_approximately_parallel_easy_seed20260938,B1,0.5338235294117647,1.2189306556483324,0.8
nw_retrain_0109_vertically_overlapping_easy_seed20261526,B1,0.8813559322033898,11.934027860732234,0.8666666666666666
nw_retrain_0110_none_easy_seed20261624,B1,0.7182835820895522,0.7189875333717536,0.8166666666666667
nw_retrain_0119_converging_moderate_seed20262637,B1,0.9216417910447762,39.39748368023339,0.9
nw_retrain_0121_vertically_overlapping_moderate_seed20262702,B1,0.825,1.9834802415106825,0.85
nw_retrain_0122_vertically_overlapping_easy_seed20262800,B1,0.8707627118644068,4.905546269971252,0.8833333333333332
nw_retrain_0133_vertically_overlapping_moderate_seed20264009,B1,0.8880597014925373,23.822594498557816,0.8666666666666666
nw_retrain_0134_crossing_moderate_seed20264107,B1,0.8366666666666667,1.9451585676277818,0.8666666666666666
nw_retrain_0141_crossing_easy_seed20264924,B1,0.8333333333333334,40.44653387990057,0.8666666666666666
nw_retrain_0143_none_easy_seed20264858,B1,0.7930327868852459,11.899369988477952,0.8333333333333334
nw_retrain_0150_crossing_easy_seed20265675,B1,0.8343373493975904,5.220613565585969,0.8333333333333334
nw_retrain_0151_approximately_parallel_moderate_seed20265773,B1,0.7930327868852459,3.4707013832919054,0.8333333333333333
nw_retrain_0156_crossing_easy_seed20266132,B1,0.802536231884058,35.3697594530837,0.8333333333333334
nw_retrain_0158_vertically_overlapping_easy_seed20266328,B1,0.6883333333333334,35.795241149154776,0.8333333333333334
nw_retrain_0161_none_easy_seed20266753,B1,0.8865979381443299,5.802033143574573,0.8333333333333334
nw_retrain_0167_approximately_parallel_easy_seed20267472,B1,0.8199152542372882,30.60159909058124,0.85
nw_retrain_0171_crossing_easy_seed20267864,B1,0.7922535211267606,2.1175243784100966,0.9
nw_retrain_0175_vertically_overlapping_easy_seed20267994,B1,0.7468354430379747,11.27243478772822,0.9166666666666666
nw_retrain_0179_none_easy_seed20268517,B1,0.7974137931034483,15.039365505276129,0.8666666666666666
nw_retrain_0181_converging_easy_seed20268582,B1,0.8381147540983607,13.375725743846303,0.8666666666666666
nw_retrain_0182_crossing_moderate_seed20268680,B1,0.6492537313432836,3.1020872972425204,0.7666666666666666
nw_retrain_0185_none_easy_seed20268974,B1,0.8326271186440678,9.554975559004351,0.9
nw_retrain_0187_vertically_overlapping_easy_seed20269170,B1,0.7817460317460317,13.939176411188726,0.8666666666666666
nw_retrain_0190_none_easy_seed20269464,B1,0.917910447761194,7.770387211694063,0.8833333333333334
nw_retrain_0191_approximately_parallel_easy_seed20269562,B1,0.7480769230769231,0.6433055772425902,0.8166666666666667
nw_retrain_0192_crossing_moderate_seed20269660,B1,0.9354395604395604,2.279836018951689,0.8166666666666667
nw_retrain_0203_converging_moderate_seed20270869,B1,0.882183908045977,20.348581415791294,0.85
nw_retrain_0204_converging_hard_seed20270836,B1,0.885752688172043,24.05754387213266,0.8333333333333334
nw_retrain_0214_vertically_overlapping_easy_seed20271816,B1,0.672077922077922,0.5590665294325526,0.9
nw_retrain_0221_converging_moderate_seed20272633,B1,0.9297945205479452,4.584220117896723,0.8833333333333334
nw_retrain_0224_crossing_easy_seed20273058,B1,0.8849206349206349,4.171147573405718,0.85
nw_retrain_0233_converging_hard_seed20273809,B1,0.9027777777777778,8.172519225825136,0.8833333333333334
nw_retrain_0243_converging_hard_seed20274789,B1,0.8668831168831169,35.62387130003363,0.8833333333333334
nw_retrain_0248_vertically_overlapping_easy_seed20275410,B1,0.8264925373134329,5.040538053049234,0.9166666666666666
nw_retrain_0250_vertically_overlapping_hard_seed20275475,B1,0.7008426966292135,2.5578482659606463,0.7833333333333333
nw_retrain_0254_none_easy_seed20275736,B1,0.855,10.069632786590285,0.8833333333333334
nw_retrain_0258_approximately_parallel_easy_seed20276128,B1,0.6865671641791045,4.371684113662977,0.7833333333333333
nw_retrain_0266_none_easy_seed20276912,B1,0.8816666666666667,61.81006573007471,0.9333333333333333
nw_retrain_0270_approximately_parallel_easy_seed20277435,B1,0.6091549295774648,2.7081117412587536,0.8
nw_retrain_0292_approximately_parallel_easy_seed20279460,B1,0.6193820224719101,0.9828179230983585,0.7666666666666666
nw_retrain_0296_converging_moderate_seed20279983,B1,0.7827868852459017,3.1051966900825,0.8166666666666667
nw_retrain_0309_none_easy_seed20281257,B1,0.8241525423728814,13.678713135123195,0.8666666666666666
nw_retrain_0310_approximately_parallel_moderate_seed20281224,B1,0.871031746031746,12.456136318941017,0.8166666666666667
nw_retrain_0314_vertically_overlapping_moderate_seed20281747,B1,0.8442982456140351,21.05652874798043,0.8666666666666666
nw_retrain_0321_crossing_easy_seed20282302,B1,0.8794117647058823,14.018072878109962,0.85
nw_retrain_0322_converging_moderate_seed20282662,B1,0.9316666666666666,5.888747503233905,0.9
nw_retrain_0323_converging_moderate_seed20282498,B1,0.7619047619047619,39.74529799020321,0.8333333333333333
nw_retrain_0326_converging_hard_seed20282923,B1,0.6557692307692308,2.2275775956616846,0.8333333333333334
nw_retrain_0332_crossing_moderate_seed20283380,B1,0.7429577464788732,9.343587699681592,0.85
nw_retrain_0341_converging_moderate_seed20284393,B1,0.7561475409836066,21.87043640358213,0.8
nw_retrain_0344_converging_easy_seed20284556,B1,0.777542372881356,17.828274115691492,0.9
nw_retrain_0346_vertically_overlapping_moderate_seed20285014,B1,0.8220338983050848,19.59750539137354,0.8666666666666666
nw_retrain_0359_vertically_overlapping_moderate_seed20286026,B1,0.875,10.22205069012799,0.8666666666666666
nw_retrain_0363_vertically_overlapping_hard_seed20286418,B1,0.9014084507042254,9.718683186799357,0.9
nw_retrain_0365_none_easy_seed20286614,B1,0.8333333333333334,8.673930356057635,0.9166666666666666
nw_retrain_0369_crossing_easy_seed20287006,B1,0.8923076923076924,4.090604672012897,0.8833333333333334
nw_retrain_0380_none_easy_seed20288346,B1,0.9,16.15865235006457,0.9333333333333333
nw_retrain_0384_approximately_parallel_moderate_seed20288738,B1,0.8611111111111112,76.58371976830256,0.8333333333333334
nw_retrain_0385_crossing_hard_seed20288574,B1,0.9262295081967213,31.000712026356503,0.9166666666666666
nw_retrain_0386_none_easy_seed20288803,B1,0.8373015873015873,8.171286625204923,0.8666666666666666
nw_retrain_0389_vertically_overlapping_easy_seed20289228,B1,0.8659420289855072,28.477421391961713,0.8333333333333334
nw_retrain_0392_approximately_parallel_moderate_seed20289260,B1,0.8813559322033898,7.5378486634732536,0.7833333333333333
nw_retrain_0404_none_easy_seed20290436,B1,0.8822463768115942,2.162531297577746,0.8666666666666666
nw_retrain_0405_vertically_overlapping_hard_seed20290534,B1,0.8494623655913979,2.0202716542215393,0.8833333333333334
nw_retrain_0408_crossing_easy_seed20291090,B1,0.7543859649122807,5.454453287292543,0.8
nw_retrain_0409_vertically_overlapping_easy_seed20291319,B1,0.795774647887324,5.410786727305974,0.8
nw_retrain_0413_vertically_overlapping_easy_seed20291842,B1,0.9272151898734177,16.1939842406082,0.9333333333333333
nw_retrain_0415_approximately_parallel_easy_seed20291645,B1,0.7903846153846154,1.2416534966473018,0.85
nw_retrain_0416_approximately_parallel_easy_seed20291743,B1,0.8601694915254238,37.73993779931323,0.85
nw_retrain_0420_converging_moderate_seed20292004,B1,0.775,8.722578511377236,0.85
nw_retrain_0426_vertically_overlapping_hard_seed20292592,B1,0.7807971014492754,6.589850521761107,0.8333333333333333
nw_retrain_0431_none_easy_seed20293082,B1,0.8640350877192983,24.35728563986619,0.8833333333333334
nw_retrain_0432_converging_moderate_seed20293311,B1,0.9034810126582279,3.064618309296779,0.9166666666666666
nw_retrain_0436_none_easy_seed20293834,B1,0.8057692307692308,22.91514753306819,0.85
nw_retrain_0437_none_easy_seed20293670,B1,0.823051948051948,13.375627012563012,0.8166666666666667
nw_retrain_0445_none_easy_seed20294454,B1,0.7952898550724637,6.4680913651951375,0.85
nw_retrain_0446_none_easy_seed20294552,B1,0.7943037974683544,8.189900734703851,0.7833333333333333
nw_retrain_0453_converging_hard_seed20295238,B1,0.7161016949152542,9.839453158449333,0.8333333333333334
nw_retrain_0455_converging_easy_seed20295434,B1,0.6607142857142857,16.9496353674554,0.85
nw_retrain_0459_vertically_overlapping_moderate_seed20296088,B1,0.8664383561643836,7.0729065558207065,0.8833333333333334
nw_retrain_0465_vertically_overlapping_hard_seed20296545,B1,0.728494623655914,30.227662010557783,0.8166666666666667
nw_retrain_0468_converging_moderate_seed20296839,B1,0.8392857142857143,2.720301502395978,0.8666666666666666
nw_retrain_0471_none_easy_seed20297002,B1,0.8134920634920635,2.2821402828824295,0.9166666666666666
nw_retrain_0472_vertically_overlapping_moderate_seed20297231,B1,0.8220338983050848,2.8484599183305988,0.8333333333333334
nw_retrain_0473_converging_moderate_seed20297198,B1,0.8511904761904762,27.409408474550975,0.9
nw_retrain_0479_converging_easy_seed20297786,B1,0.8688524590163934,2.6621463342191207,0.85
nw_retrain_0486_none_easy_seed20298603,B1,0.9536516853932584,27.838001895830264,0.8833333333333334
nw_retrain_0487_converging_easy_seed20298701,B1,0.8264705882352941,1.9981055570899577,0.8833333333333334
nw_retrain_0493_approximately_parallel_easy_seed20299158,B1,0.8288461538461539,19.996027654891115,0.8666666666666666
nw_retrain_0495_vertically_overlapping_moderate_seed20299354,B1,0.9051204819277109,2.8977515405657015,0.9166666666666666
nw_retrain_0500_crossing_easy_seed20299975,B1,0.835820895522388,14.048401020099854,0.8333333333333333
nw_retrain_0505_crossing_easy_seed22078110,B1,0.8785211267605634,22.21576714676525,0.9
nw_retrain_0516_none_easy_seed22079712,B1,0.9507042253521126,31.29207786565096,0.8666666666666666
nw_retrain_0523_converging_easy_seed22079874,B1,0.86,10.307935360084603,0.8833333333333334
nw_retrain_0541_crossing_hard_seed22081769,B1,0.6794117647058824,3.9768864281766447,0.8666666666666666
nw_retrain_0546_none_easy_seed22082128,B1,0.8134328358208955,3.178086238700209,0.9
nw_retrain_0547_approximately_parallel_moderate_seed22082619,B1,0.6977611940298507,1.0530221081046904,0.85
nw_retrain_0553_none_easy_seed22082814,B1,0.9330985915492958,10.173724164450874,0.9
nw_retrain_0562_crossing_moderate_seed22083696,B1,0.785958904109589,6.386093804318334,0.8833333333333334
nw_retrain_0566_vertically_overlapping_moderate_seed22084088,B1,0.7213114754098361,1.6877131990798862,0.8166666666666667
nw_retrain_0570_crossing_easy_seed22084742,B1,0.9074675324675324,10.95036538692811,0.8666666666666666
nw_retrain_0581_converging_hard_seed22085689,B1,0.6938405797101449,3.0088604471152594,0.8166666666666667
nw_retrain_0596_approximately_parallel_hard_seed22087028,B1,0.8022727272727272,20.13250345524322,0.8
nw_retrain_0600_converging_easy_seed22087551,B1,0.6954225352112676,2.5553731916541196,0.85
nw_dual_val_001,B2,0.8242753623188406,1.9600161205813993,0.85
nw_dual_val_002,B2,0.8078358208955224,1.542481097324045,0.8666666666666666
nw_dual_val_003,B2,0.7961783439490446,0.610224875820516,0.85
nw_dual_val_004,B2,0.743421052631579,0.8137351165845029,0.8
nw_dual_val_005,B2,0.8383333333333334,1.9171768952957422,0.8666666666666666
nw_dual_val_006,B2,0.7648305084745762,1.4284428290846063,0.8666666666666666
nw_dual_val_007,B2,0.8403846153846154,1.3428883625839743,0.8666666666666666
nw_dual_val_008,B2,0.8058161350844277,0.9016513350501721,0.8666666666666666
nw_dual_val_009,B2,0.7785087719298246,1.676513346042014,0.9
nw_dual_val_010,B2,0.8574561403508771,0.9440557573291949,0.9
nw_dual_val_011,B2,0.8236363636363636,0.8463122971144245,0.8666666666666666
nw_dual_val_012,B2,0.8134057971014492,0.5136593244885611,0.8166666666666667
nw_dual_val_013,B2,0.8470149253731343,3.041242100236368,0.8166666666666667
nw_dual_val_014,B2,0.7996031746031746,1.4211425236273656,0.85
nw_dual_val_015,B2,0.8403846153846154,1.012341657585311,0.8333333333333334
nw_dual_val_016,B2,0.7808441558441559,1.3904614950991467,0.8333333333333334
nw_dual_val_017,B2,0.8339552238805971,0.625533307193131,0.8
nw_dual_val_018,B2,0.8035714285714286,6.971193160468398,0.8333333333333333
nw_dual_val_019,B2,0.7772277227722773,0.24023114638110288,0.8
nw_dual_val_020,B2,0.7807017543859649,0.7954516652416962,0.7833333333333333
nw_dual_val_021,B2,0.8115671641791045,1.5853294768684318,0.8333333333333334
nw_dual_val_022,B2,0.7478070175438597,1.1812884547719626,0.8666666666666666
nw_dual_val_023,B2,0.8283333333333334,0.5360292489665981,0.8
nw_dual_val_024,B2,0.7028169014084507,0.29119200909748094,0.85
nw_dual_val_025,B2,0.7351694915254238,1.287152408270161,0.7833333333333333
nw_dual_val_026,B2,0.8931159420289855,1.637579989671719,0.9
nw_dual_val_027,B2,0.8862704918032787,1.1804405495792394,0.85
nw_dual_val_028,B2,0.8690476190476191,0.21834071534468097,0.9
nw_dual_val_029,B2,0.7489035087719298,0.528876693457186,0.8166666666666667
nw_dual_val_030,B2,0.7254098360655737,0.3372309226502089,0.8833333333333334
nw_dual_val_031,B2,0.7777777777777778,1.0056225303819457,0.8
nw_dual_val_032,B2,0.8591772151898734,1.6380574187543204,0.85
nw_dual_val_033,B2,0.8460144927536232,4.49755895565994,0.95
nw_dual_val_034,B2,0.8068181818181818,0.6469348478815602,0.8666666666666666
nw_dual_val_035,B2,0.75,0.49707309531265426,0.7833333333333333
nw_dual_val_036,B2,0.8140495867768595,0.7556890114546858,0.7666666666666666
nw_dual_val_037,B2,0.7990506329113924,1.4935677365843325,0.8833333333333334
nw_dual_val_038,B2,0.5932835820895522,0.9773281774831707,0.8333333333333334
nw_dual_val_039,B2,0.8115671641791045,1.7101403235120736,0.8833333333333334
nw_dual_val_040,B2,0.8214285714285714,2.2115034921955714,0.9166666666666666
nw_dual_val_041,B2,0.8177710843373494,0.1112727313105412,0.8666666666666666
nw_dual_val_042,B2,0.8012048192771084,2.451961508438977,0.8166666666666667
nw_dual_val_043,B2,0.7796610169491526,2.543752155267719,0.8333333333333333
nw_dual_val_044,B2,0.8151408450704225,1.024936145427548,0.8333333333333334
nw_dual_val_045,B2,0.7555970149253731,0.5300803928069101,0.8833333333333334
nw_dual_val_046,B2,0.8227848101265823,0.6983447542840623,0.8333333333333334
nw_dual_val_047,B2,0.8239339752407153,0.23940525008944563,0.8666666666666666
nw_dual_val_048,B2,0.8084415584415584,1.0529268572855797,0.85
nw_dual_val_049,B2,0.8180379746835443,1.2710045925751376,0.8833333333333334
nw_dual_val_050,B2,0.7564935064935064,0.48757070150231313,0.8166666666666667
nw_dual_val_051,B2,0.8767395626242545,1.4365460209901388,0.95
nw_dual_val_052,B2,0.7716666666666666,0.41051579407317657,0.8333333333333334
nw_dual_val_053,B2,0.7905844155844156,1.4952351967534483,0.8
nw_dual_val_054,B2,0.7896825396825397,1.2753831198391317,0.8833333333333334
nw_dual_val_055,B2,0.8075396825396826,0.5372110309869635,0.85
nw_dual_val_056,B2,0.897887323943662,4.682272430493329,0.8666666666666666
nw_dual_val_057,B2,0.8287671232876712,1.0300124829416148,0.8333333333333334
nw_dual_val_058,B2,0.8508771929824561,0.8609025476358513,0.8833333333333334
nw_dual_val_059,B2,0.75,0.561493896912742,0.8166666666666667
nw_dual_val_060,B2,0.8307692307692308,0.8268604657499962,0.8833333333333334
nw_retrain_0006_none_easy_seed20251432,B2,0.8679775280898876,4.754052548741479,0.8333333333333334
nw_retrain_0010_crossing_moderate_seed20251824,B2,0.9253731343283582,31.954845153866568,0.9166666666666666
nw_retrain_0014_vertically_overlapping_hard_seed20252216,B2,0.8102941176470588,7.181987104539347,0.85
nw_retrain_0016_vertically_overlapping_easy_seed20252543,B2,0.8595890410958904,9.214064156239882,0.8666666666666666
nw_retrain_0017_approximately_parallel_moderate_seed20252641,B2,0.9048507462686567,26.405365743499157,0.9166666666666666
nw_retrain_0023_crossing_easy_seed20253098,B2,0.8686440677966102,8.6191004436024,0.9
nw_retrain_0024_converging_hard_seed20253196,B2,0.8947368421052632,19.62725858484154,0.8666666666666666
nw_retrain_0061_vertically_overlapping_moderate_seed20257346,B2,0.797077922077922,5.76818042041337,0.8833333333333334
nw_retrain_0068_crossing_easy_seed20257639,B2,0.8326923076923077,9.501318472811153,0.8333333333333334
nw_retrain_0077_none_easy_seed20258521,B2,0.8432835820895522,5.041878004207751,0.85
nw_retrain_0078_converging_easy_seed20258488,B2,0.8996478873239436,69.265224665165,0.9
nw_retrain_0086_vertically_overlapping_hard_seed20259272,B2,0.735,4.641111523018937,0.8833333333333334
nw_retrain_0089_none_easy_seed20259828,B2,0.7970430107526881,8.00498319100952,0.9166666666666666
nw_retrain_0091_approximately_parallel_moderate_seed20259762,B2,0.8560126582278481,11.750387936193649,0.9
nw_retrain_0095_crossing_easy_seed20260285,B2,0.8154761904761905,13.520844729640393,0.8666666666666666
nw_retrain_0099_vertically_overlapping_easy_seed20260677,B2,0.8136363636363636,8.349774289596672,0.8666666666666666
nw_retrain_0103_approximately_parallel_easy_seed20260938,B2,0.5720588235294117,4.3094881386483435,0.75
nw_retrain_0109_vertically_overlapping_easy_seed20261526,B2,0.864406779661017,3.091252747284023,0.85
nw_retrain_0110_none_easy_seed20261624,B2,0.667910447761194,4.572629449806067,0.7833333333333333
nw_retrain_0119_converging_moderate_seed20262637,B2,0.9104477611940298,45.740318206206396,0.9
nw_retrain_0121_vertically_overlapping_moderate_seed20262702,B2,0.8038461538461539,1.5695453154232122,0.8833333333333334
nw_retrain_0122_vertically_overlapping_easy_seed20262800,B2,0.8453389830508474,14.1778286495253,0.85
nw_retrain_0133_vertically_overlapping_moderate_seed20264009,B2,0.878731343283582,15.331066569964227,0.85
nw_retrain_0134_crossing_moderate_seed20264107,B2,0.8066666666666666,7.362295037308803,0.85
nw_retrain_0141_crossing_easy_seed20264924,B2,0.8650793650793651,27.90400040897349,0.8666666666666666
nw_retrain_0143_none_easy_seed20264858,B2,0.8135245901639344,2.3278285514131785,0.8333333333333334
nw_retrain_0150_crossing_easy_seed20265675,B2,0.8253012048192772,4.330938101748336,0.8333333333333334
nw_retrain_0151_approximately_parallel_moderate_seed20265773,B2,0.8217213114754098,5.869076209745378,0.8833333333333334
nw_retrain_0156_crossing_easy_seed20266132,B2,0.855072463768116,24.174943084222548,0.8666666666666666
nw_retrain_0158_vertically_overlapping_easy_seed20266328,B2,0.7266666666666667,26.889829508566304,0.8666666666666666
nw_retrain_0161_none_easy_seed20266753,B2,0.8762886597938144,13.833386595806328,0.8333333333333334
nw_retrain_0167_approximately_parallel_easy_seed20267472,B2,0.836864406779661,30.626021447725087,0.8666666666666666
nw_retrain_0171_crossing_easy_seed20267864,B2,0.8274647887323944,25.499201479375312,0.9
nw_retrain_0175_vertically_overlapping_easy_seed20267994,B2,0.6645569620253164,24.56787411059026,0.8666666666666666
nw_retrain_0179_none_easy_seed20268517,B2,0.7916666666666666,9.861213865520122,0.85
nw_retrain_0181_converging_easy_seed20268582,B2,0.8319672131147541,15.084129660290248,0.8833333333333334
nw_retrain_0182_crossing_moderate_seed20268680,B2,0.7089552238805971,1.9106621294999342,0.8
nw_retrain_0185_none_easy_seed20268974,B2,0.8601694915254238,6.19048773316288,0.8833333333333334
nw_retrain_0187_vertically_overlapping_easy_seed20269170,B2,0.7579365079365079,14.273164405148103,0.85
nw_retrain_0190_none_easy_seed20269464,B2,0.9085820895522388,9.10210940485643,0.85
nw_retrain_0191_approximately_parallel_easy_seed20269562,B2,0.5942307692307692,2.1521543543744057,0.8166666666666667
nw_retrain_0192_crossing_moderate_seed20269660,B2,0.9436813186813187,3.1600616226237968,0.85
nw_retrain_0203_converging_moderate_seed20270869,B2,0.8951149425287356,13.602517137168965,0.9
nw_retrain_0204_converging_hard_seed20270836,B2,0.8951612903225806,12.754532226704182,0.8666666666666666
nw_retrain_0214_vertically_overlapping_easy_seed20271816,B2,0.6152597402597403,2.8012115385629968,0.8666666666666666
nw_retrain_0221_converging_moderate_seed20272633,B2,0.9503424657534246,5.800154952354023,0.9166666666666666
nw_retrain_0224_crossing_easy_seed20273058,B2,0.8571428571428571,4.551882739286572,0.8333333333333334
nw_retrain_0233_converging_hard_seed20273809,B2,0.8928571428571429,31.474989323061028,0.9333333333333333
nw_retrain_0243_converging_hard_seed20274789,B2,0.875,35.17035072972212,0.9
nw_retrain_0248_vertically_overlapping_easy_seed20275410,B2,0.7686567164179104,15.262280986579261,0.8333333333333334
nw_retrain_0250_vertically_overlapping_hard_seed20275475,B2,0.6446629213483146,3.7901240610447986,0.75
nw_retrain_0254_none_easy_seed20275736,B2,0.88,8.672156299698312,0.8833333333333334
nw_retrain_0258_approximately_parallel_easy_seed20276128,B2,0.6063432835820896,5.385631212042995,0.8
nw_retrain_0266_none_easy_seed20276912,B2,0.8683333333333333,72.63144691262733,0.85
nw_retrain_0270_approximately_parallel_easy_seed20277435,B2,0.5616197183098591,3.964957826869141,0.8
nw_retrain_0292_approximately_parallel_easy_seed20279460,B2,0.6980337078651685,1.083001280315583,0.8166666666666667
nw_retrain_0296_converging_moderate_seed20279983,B2,0.7786885245901639,2.8721509735707906,0.8833333333333334
nw_retrain_0309_none_easy_seed20281257,B2,0.8326271186440678,15.331379520684692,0.8333333333333334
nw_retrain_0310_approximately_parallel_moderate_seed20281224,B2,0.8630952380952381,29.9944631361032,0.85
nw_retrain_0314_vertically_overlapping_moderate_seed20281747,B2,0.875,20.418069966929743,0.8833333333333332
nw_retrain_0321_crossing_easy_seed20282302,B2,0.8941176470588236,13.670584415498613,0.8833333333333334
nw_retrain_0322_converging_moderate_seed20282662,B2,0.925,2.725298689339277,0.9166666666666666
nw_retrain_0323_converging_moderate_seed20282498,B2,0.8253968253968254,40.090389368928506,0.8833333333333334
nw_retrain_0326_converging_hard_seed20282923,B2,0.6346153846153846,3.1567529161348835,0.8333333333333334
nw_retrain_0332_crossing_moderate_seed20283380,B2,0.7799295774647887,3.9501771778323294,0.85
nw_retrain_0341_converging_moderate_seed20284393,B2,0.7069672131147541,27.784792218352457,0.75
nw_retrain_0344_converging_easy_seed20284556,B2,0.7690677966101694,10.285597233419807,0.9
nw_retrain_0346_vertically_overlapping_moderate_seed20285014,B2,0.8029661016949152,3.378374862502649,0.85
nw_retrain_0359_vertically_overlapping_moderate_seed20286026,B2,0.8389830508474576,11.244249518678014,0.8333333333333333
nw_retrain_0363_vertically_overlapping_hard_seed20286418,B2,0.897887323943662,8.824511292471843,0.9166666666666666
nw_retrain_0365_none_easy_seed20286614,B2,0.8333333333333334,5.607332365495205,0.8833333333333334
nw_retrain_0369_crossing_easy_seed20287006,B2,0.8846153846153846,3.573949655386946,0.9166666666666666
nw_retrain_0380_none_easy_seed20288346,B2,0.8676470588235294,22.215068673718857,0.9333333333333333
nw_retrain_0384_approximately_parallel_moderate_seed20288738,B2,0.8630952380952381,62.01441334515935,0.85
nw_retrain_0385_crossing_hard_seed20288574,B2,0.9282786885245902,30.031463226640255,0.9
nw_retrain_0386_none_easy_seed20288803,B2,0.8035714285714286,8.846066737651308,0.8333333333333334
nw_retrain_0389_vertically_overlapping_easy_seed20289228,B2,0.8768115942028986,15.373364015019694,0.8333333333333333
nw_retrain_0392_approximately_parallel_moderate_seed20289260,B2,0.864406779661017,6.898060891361652,0.8
nw_retrain_0404_none_easy_seed20290436,B2,0.8731884057971014,1.9105221861950308,0.85
nw_retrain_0405_vertically_overlapping_hard_seed20290534,B2,0.8508064516129032,2.899741426518003,0.9
nw_retrain_0408_crossing_easy_seed20291090,B2,0.8026315789473685,22.884356863214094,0.8166666666666667
nw_retrain_0409_vertically_overlapping_easy_seed20291319,B2,0.7464788732394366,7.364414314486586,0.8
nw_retrain_0413_vertically_overlapping_easy_seed20291842,B2,0.9193037974683544,12.05166844156475,0.9166666666666666
nw_retrain_0415_approximately_parallel_easy_seed20291645,B2,0.8346153846153846,1.1727441187493644,0.8666666666666666
nw_retrain_0416_approximately_parallel_easy_seed20291743,B2,0.8453389830508474,20.173958597332227,0.8666666666666666
nw_retrain_0420_converging_moderate_seed20292004,B2,0.6659090909090909,13.466386199101345,0.8166666666666667
nw_retrain_0426_vertically_overlapping_hard_seed20292592,B2,0.7717391304347826,6.443380354599222,0.85
nw_retrain_0431_none_easy_seed20293082,B2,0.8596491228070176,24.724673052943665,0.8833333333333334
nw_retrain_0432_converging_moderate_seed20293311,B2,0.8892405063291139,4.751077559394748,0.8666666666666666
nw_retrain_0436_none_easy_seed20293834,B2,0.8288461538461539,3.823669582757173,0.8833333333333334
nw_retrain_0437_none_easy_seed20293670,B2,0.8262987012987013,19.102752483832504,0.8833333333333334
nw_retrain_0445_none_easy_seed20294454,B2,0.7590579710144928,6.129558903591354,0.8666666666666666
nw_retrain_0446_none_easy_seed20294552,B2,0.7943037974683544,1.408201336286675,0.8333333333333334
nw_retrain_0453_converging_hard_seed20295238,B2,0.6991525423728814,18.80081214915423,0.8333333333333334
nw_retrain_0455_converging_easy_seed20295434,B2,0.7242063492063492,22.45509734929326,0.85
nw_retrain_0459_vertically_overlapping_moderate_seed20296088,B2,0.8167808219178082,13.233349270934685,0.8166666666666667
nw_retrain_0465_vertically_overlapping_hard_seed20296545,B2,0.7163978494623656,49.6563889231123,0.8666666666666666
nw_retrain_0468_converging_moderate_seed20296839,B2,0.8165584415584416,1.3701499812926798,0.8166666666666667
nw_retrain_0471_none_easy_seed20297002,B2,0.8333333333333334,3.253910415772624,0.85
nw_retrain_0472_vertically_overlapping_moderate_seed20297231,B2,0.8241525423728814,5.919640069901937,0.8666666666666666
nw_retrain_0473_converging_moderate_seed20297198,B2,0.8075396825396826,2.92912938709198,0.8833333333333334
nw_retrain_0479_converging_easy_seed20297786,B2,0.8688524590163934,15.592764319886125,0.8666666666666666
nw_retrain_0486_none_easy_seed20298603,B2,0.9382022471910112,35.13770068706069,0.8666666666666666
nw_retrain_0487_converging_easy_seed20298701,B2,0.8441176470588235,2.4936949322910125,0.9
nw_retrain_0493_approximately_parallel_easy_seed20299158,B2,0.8269230769230769,13.393051359956573,0.8666666666666666
nw_retrain_0495_vertically_overlapping_moderate_seed20299354,B2,0.9156626506024096,1.354611286945104,0.9166666666666666
nw_retrain_0500_crossing_easy_seed20299975,B2,0.8022388059701493,15.69478242067745,0.7833333333333333
nw_retrain_0505_crossing_easy_seed22078110,B2,0.897887323943662,1.0293058222424585,0.8833333333333334
nw_retrain_0516_none_easy_seed22079712,B2,0.948943661971831,8.444163885101089,0.8666666666666666
nw_retrain_0523_converging_easy_seed22079874,B2,0.8466666666666667,1.973711013092938,0.8833333333333334
nw_retrain_0541_crossing_hard_seed22081769,B2,0.7147058823529412,4.132608840746267,0.8333333333333334
nw_retrain_0546_none_easy_seed22082128,B2,0.8246268656716418,2.5754969039707056,0.8666666666666666
nw_retrain_0547_approximately_parallel_moderate_seed22082619,B2,0.7145522388059702,1.2117738356614125,0.8166666666666667
nw_retrain_0553_none_easy_seed22082814,B2,0.9242957746478874,8.999504379786556,0.8333333333333334
nw_retrain_0562_crossing_moderate_seed22083696,B2,0.7928082191780822,2.950782331523727,0.9333333333333333
nw_retrain_0566_vertically_overlapping_moderate_seed22084088,B2,0.7172131147540983,2.151815335934588,0.8333333333333334
nw_retrain_0570_crossing_easy_seed22084742,B2,0.8928571428571429,14.579328798127355,0.8833333333333332
nw_retrain_0581_converging_hard_seed22085689,B2,0.6231884057971014,2.068521046645592,0.7833333333333333
nw_retrain_0596_approximately_parallel_hard_seed22087028,B2,0.759090909090909,14.310630029806783,0.8166666666666667
nw_retrain_0600_converging_easy_seed22087551,B2,0.6742957746478874,1.565147014520887,0.8666666666666666
nw_dual_val_001,B3,0.8170289855072463,1.6625026178941826,0.8166666666666667
nw_dual_val_002,B3,0.8003731343283582,0.7254387515423476,0.8833333333333334
nw_dual_val_003,B3,0.7940552016985138,0.7826549554834635,0.8666666666666666
nw_dual_val_004,B3,0.7677631578947368,0.3427497649678648,0.8833333333333332
nw_dual_val_005,B3,0.8616666666666667,0.7237978997359826,0.9
nw_dual_val_006,B3,0.7139830508474576,0.3542822647419087,0.8666666666666666
nw_dual_val_007,B3,0.8538461538461538,1.5744769941246928,0.8666666666666666
nw_dual_val_008,B3,0.8292682926829268,0.4256994656905059,0.85
nw_dual_val_009,B3,0.8135964912280702,2.13213414712812,0.8833333333333334
nw_dual_val_010,B3,0.8508771929824561,1.0733102064070281,0.9166666666666666
nw_dual_val_011,B3,0.8145454545454546,0.8452838053396213,0.8333333333333334
nw_dual_val_012,B3,0.8387681159420289,1.1568423716022853,0.85
nw_dual_val_013,B3,0.8507462686567164,0.3653377302545039,0.85
nw_dual_val_014,B3,0.8551587301587301,1.012217502909603,0.8333333333333334
nw_dual_val_015,B3,0.8192307692307692,0.5636464555905036,0.8666666666666666
nw_dual_val_016,B3,0.7857142857142857,1.01012123792018,0.7833333333333333
nw_dual_val_017,B3,0.8302238805970149,0.7610571148424082,0.8
nw_dual_val_018,B3,0.8412698412698413,3.922653215059026,0.8333333333333333
nw_dual_val_019,B3,0.7933168316831684,0.6400385188630728,0.8
nw_dual_val_020,B3,0.7850877192982456,1.1125801961567032,0.8166666666666667
nw_dual_val_021,B3,0.7817164179104478,2.026348696148636,0.8166666666666667
nw_dual_val_022,B3,0.7412280701754386,0.7892774319691087,0.8333333333333334
nw_dual_val_023,B3,0.8683333333333333,0.39417207587723313,0.85
nw_dual_val_024,B3,0.6661971830985915,0.5478676010822567,0.8
nw_dual_val_025,B3,0.711864406779661,1.3222101314942687,0.8333333333333334
nw_dual_val_026,B3,0.9094202898550725,1.8469899487012502,0.9333333333333333
nw_dual_val_027,B3,0.8565573770491803,0.7832347804712677,0.8666666666666666
nw_dual_val_028,B3,0.8432539682539683,0.5808209709074056,0.8333333333333334
nw_dual_val_029,B3,0.8026315789473685,0.6098362698617581,0.85
nw_dual_val_030,B3,0.7028688524590164,0.8911143708624687,0.85
nw_dual_val_031,B3,0.753968253968254,1.4503044948742683,0.8833333333333334
nw_dual_val_032,B3,0.865506329113924,2.3096644794667394,0.8833333333333334
nw_dual_val_033,B3,0.855072463768116,4.334701482387154,0.8833333333333334
nw_dual_val_034,B3,0.8227272727272728,0.8579241950123289,0.8833333333333334
nw_dual_val_035,B3,0.793859649122807,0.6391603794683175,0.85
nw_dual_val_036,B3,0.8429752066115702,0.4423905580427977,0.85
nw_dual_val_037,B3,0.7990506329113924,0.37788736371345294,0.8666666666666666
nw_dual_val_038,B3,0.6343283582089553,1.056583862292856,0.85
nw_dual_val_039,B3,0.8507462686567164,1.252455448188962,0.8666666666666666
nw_dual_val_040,B3,0.810064935064935,2.0185473723416303,0.95
nw_dual_val_041,B3,0.7816265060240963,0.835058523081756,0.7666666666666666
nw_dual_val_042,B3,0.8117469879518072,1.4189589932568096,0.8666666666666666
nw_dual_val_043,B3,0.7838983050847458,1.490718368891879,0.8833333333333334
nw_dual_val_044,B3,0.7852112676056338,2.7239304747004462,0.8333333333333334
nw_dual_val_045,B3,0.7910447761194029,0.811794646540856,0.8833333333333334
nw_dual_val_046,B3,0.8544303797468354,0.6306644919619788,0.8666666666666666
nw_dual_val_047,B3,0.828060522696011,0.5955934075289295,0.85
nw_dual_val_048,B3,0.827922077922078,0.43545387676525066,0.8833333333333334
nw_dual_val_049,B3,0.8607594936708861,0.815973339587359,0.8833333333333334
nw_dual_val_050,B3,0.8181818181818182,0.2922913708436073,0.9
nw_dual_val_051,B3,0.8588469184890656,0.9210498282659749,0.8833333333333334
nw_dual_val_052,B3,0.6916666666666667,0.5694588114409246,0.8333333333333334
nw_dual_val_053,B3,0.8003246753246753,0.46759798248994466,0.8166666666666667
nw_dual_val_054,B3,0.8630952380952381,0.6855759289649396,0.9166666666666666
nw_dual_val_055,B3,0.8313492063492064,0.7596865021805809,0.9
nw_dual_val_056,B3,0.8908450704225352,3.3819341964134724,0.9
nw_dual_val_057,B3,0.8373287671232876,0.6246191490673842,0.8166666666666667
nw_dual_val_058,B3,0.868421052631579,0.40653841213865494,0.9
nw_dual_val_059,B3,0.7183333333333334,0.5644662701834526,0.8333333333333334
nw_dual_val_060,B3,0.8269230769230769,1.2958759496385737,0.8833333333333334
nw_retrain_0006_none_easy_seed20251432,B3,0.851123595505618,4.751772649202856,0.8666666666666666
nw_retrain_0010_crossing_moderate_seed20251824,B3,0.9365671641791045,6.580089419706232,0.9166666666666666
nw_retrain_0014_vertically_overlapping_hard_seed20252216,B3,0.8294117647058824,6.981741255062903,0.8333333333333334
nw_retrain_0016_vertically_overlapping_easy_seed20252543,B3,0.8458904109589042,8.509832375743539,0.8166666666666667
nw_retrain_0017_approximately_parallel_moderate_seed20252641,B3,0.9347014925373134,12.737905418104011,0.95
nw_retrain_0023_crossing_easy_seed20253098,B3,0.8559322033898306,6.364745223206239,0.8666666666666666
nw_retrain_0024_converging_hard_seed20253196,B3,0.9078947368421053,1.9269960155496164,0.9
nw_retrain_0061_vertically_overlapping_moderate_seed20257346,B3,0.7840909090909091,4.598589394370575,0.9
nw_retrain_0068_crossing_easy_seed20257639,B3,0.85,8.571050113257158,0.85
nw_retrain_0077_none_easy_seed20258521,B3,0.8638059701492538,5.505819765425246,0.8666666666666666
nw_retrain_0078_converging_easy_seed20258488,B3,0.9084507042253521,62.92463969211796,0.9
nw_retrain_0086_vertically_overlapping_hard_seed20259272,B3,0.6983333333333334,9.613579288173446,0.9
nw_retrain_0089_none_easy_seed20259828,B3,0.8346774193548387,4.627792793451628,0.9166666666666666
nw_retrain_0091_approximately_parallel_moderate_seed20259762,B3,0.8544303797468354,14.502281747937847,0.8833333333333334
nw_retrain_0095_crossing_easy_seed20260285,B3,0.8591269841269841,7.835444603191493,0.85
nw_retrain_0099_vertically_overlapping_easy_seed20260677,B3,0.8090909090909091,8.140586683162866,0.85
nw_retrain_0103_approximately_parallel_easy_seed20260938,B3,0.6029411764705882,1.232065030022448,0.7833333333333333
nw_retrain_0109_vertically_overlapping_easy_seed20261526,B3,0.8728813559322034,2.7500595175073466,0.8666666666666666
nw_retrain_0110_none_easy_seed20261624,B3,0.6791044776119403,3.786502791435629,0.8
nw_retrain_0119_converging_moderate_seed20262637,B3,0.9029850746268657,49.0471743302308,0.8833333333333334
nw_retrain_0121_vertically_overlapping_moderate_seed20262702,B3,0.8038461538461539,2.444481385578553,0.8666666666666666
nw_retrain_0122_vertically_overlapping_easy_seed20262800,B3,0.8771186440677966,5.267537658811114,0.8666666666666666
nw_retrain_0133_vertically_overlapping_moderate_seed20264009,B3,0.8955223880597015,15.296584371766675,0.85
nw_retrain_0134_crossing_moderate_seed20264107,B3,0.8566666666666667,5.418422870274562,0.85
nw_retrain_0141_crossing_easy_seed20264924,B3,0.8412698412698413,20.44367819190036,0.8833333333333334
nw_retrain_0143_none_easy_seed20264858,B3,0.7950819672131147,4.504489458924736,0.8333333333333334
nw_retrain_0150_crossing_easy_seed20265675,B3,0.8358433734939759,5.033756580626193,0.85
nw_retrain_0151_approximately_parallel_moderate_seed20265773,B3,0.8647540983606558,4.112257985346906,0.9333333333333333
nw_retrain_0156_crossing_easy_seed20266132,B3,0.8496376811594203,24.346890722371604,0.85
nw_retrain_0158_vertically_overlapping_easy_seed20266328,B3,0.74,27.77929907827565,0.8666666666666666
nw_retrain_0161_none_easy_seed20266753,B3,0.8788659793814433,17.62136536054923,0.8833333333333334
nw_retrain_0167_approximately_parallel_easy_seed20267472,B3,0.8305084745762712,30.5329747374244,0.85
nw_retrain_0171_crossing_easy_seed20267864,B3,0.8116197183098591,25.423270137917285,0.8666666666666666
nw_retrain_0175_vertically_overlapping_easy_seed20267994,B3,0.7484177215189873,23.124119037185352,0.9166666666666666
nw_retrain_0179_none_easy_seed20268517,B3,0.7916666666666666,13.169234346374632,0.85
nw_retrain_0181_converging_easy_seed20268582,B3,0.8401639344262295,13.369865657280807,0.8666666666666666
nw_retrain_0182_crossing_moderate_seed20268680,B3,0.7164179104477612,1.648288291793688,0.85
nw_retrain_0185_none_easy_seed20268974,B3,0.8601694915254238,13.79776090038609,0.8666666666666666
nw_retrain_0187_vertically_overlapping_easy_seed20269170,B3,0.7876984126984127,14.430367500348273,0.85
nw_retrain_0190_none_easy_seed20269464,B3,0.9085820895522388,51.6971170619895,0.8833333333333334
nw_retrain_0191_approximately_parallel_easy_seed20269562,B3,0.7192307692307692,0.6617606546099707,0.8833333333333334
nw_retrain_0192_crossing_moderate_seed20269660,B3,0.9478021978021978,3.5347506571646554,0.85
nw_retrain_0203_converging_moderate_seed20270869,B3,0.882183908045977,13.81621568994809,0.8833333333333334
nw_retrain_0204_converging_hard_seed20270836,B3,0.8951612903225806,13.670690581608813,0.8666666666666666
nw_retrain_0214_vertically_overlapping_easy_seed20271816,B3,0.6444805194805194,2.8714141677086706,0.85
nw_retrain_0221_converging_moderate_seed20272633,B3,0.9486301369863014,5.712367938940874,0.9166666666666666
nw_retrain_0224_crossing_easy_seed20273058,B3,0.8948412698412699,3.9369212322981313,0.85
nw_retrain_0233_converging_hard_seed20273809,B3,0.9047619047619048,8.416855327299903,0.9166666666666666
nw_retrain_0243_converging_hard_seed20274789,B3,0.8685064935064936,39.92610260652094,0.9166666666666666
nw_retrain_0248_vertically_overlapping_easy_seed20275410,B3,0.769589552238806,16.408749859091017,0.8166666666666667
nw_retrain_0250_vertically_overlapping_hard_seed20275475,B3,0.7134831460674157,1.5322158197094806,0.7833333333333333
nw_retrain_0254_none_easy_seed20275736,B3,0.8416666666666667,9.79140844428239,0.8833333333333334
nw_retrain_0258_approximately_parallel_easy_seed20276128,B3,0.648320895522388,4.4777551471337524,0.7166666666666666
nw_retrain_0266_none_easy_seed20276912,B3,0.8733333333333333,63.1695931521916,0.8333333333333334
nw_retrain_0270_approximately_parallel_easy_seed20277435,B3,0.6619718309859155,3.2580965866993155,0.8333333333333334
nw_retrain_0292_approximately_parallel_easy_seed20279460,B3,0.648876404494382,1.608313319300659,0.8
nw_retrain_0296_converging_moderate_seed20279983,B3,0.8032786885245902,3.149629401245247,0.8666666666666666
nw_retrain_0309_none_easy_seed20281257,B3,0.8601694915254238,10.564827032206434,0.8666666666666666
nw_retrain_0310_approximately_parallel_moderate_seed20281224,B3,0.8888888888888888,14.44307359736535,0.85
nw_retrain_0314_vertically_overlapping_moderate_seed20281747,B3,0.8574561403508771,23.141380132239814,0.8833333333333332
nw_retrain_0321_crossing_easy_seed20282302,B3,0.8955882352941177,22.677302293549015,0.8833333333333334
nw_retrain_0322_converging_moderate_seed20282662,B3,0.91,2.979034027222645,0.8833333333333334
nw_retrain_0323_converging_moderate_seed20282498,B3,0.7837301587301587,44.44374809550866,0.8666666666666666
nw_retrain_0326_converging_hard_seed20282923,B3,0.6384615384615384,2.4988887821499928,0.8833333333333334
nw_retrain_0332_crossing_moderate_seed20283380,B3,0.778169014084507,9.438275237974729,0.8833333333333334
nw_retrain_0341_converging_moderate_seed20284393,B3,0.7397540983606558,16.973412664004,0.8333333333333333
nw_retrain_0344_converging_easy_seed20284556,B3,0.8029661016949152,7.59532147410922,0.8833333333333334
nw_retrain_0346_vertically_overlapping_moderate_seed20285014,B3,0.8114406779661016,3.8491249794086366,0.8333333333333334
nw_retrain_0359_vertically_overlapping_moderate_seed20286026,B3,0.8665254237288136,9.31940263788787,0.85
nw_retrain_0363_vertically_overlapping_hard_seed20286418,B3,0.897887323943662,9.16132279484447,0.9
nw_retrain_0365_none_easy_seed20286614,B3,0.8234126984126984,14.082309410610023,0.8666666666666666
nw_retrain_0369_crossing_easy_seed20287006,B3,0.9096153846153846,2.401632430832258,0.9166666666666666
nw_retrain_0380_none_easy_seed20288346,B3,0.8911764705882353,17.94105638747549,0.95
nw_retrain_0384_approximately_parallel_moderate_seed20288738,B3,0.8968253968253969,38.22370350507335,0.85
nw_retrain_0385_crossing_hard_seed20288574,B3,0.9364754098360656,29.144333108898827,0.8833333333333332
nw_retrain_0386_none_easy_seed20288803,B3,0.8333333333333334,14.56744602591794,0.85
nw_retrain_0389_vertically_overlapping_easy_seed20289228,B3,0.8768115942028986,21.566972331588573,0.8166666666666667
nw_retrain_0392_approximately_parallel_moderate_seed20289260,B3,0.8559322033898306,14.943019246720965,0.8166666666666667
nw_retrain_0404_none_easy_seed20290436,B3,0.8804347826086957,1.6931677318176686,0.8833333333333334
nw_retrain_0405_vertically_overlapping_hard_seed20290534,B3,0.8413978494623656,3.5656671047657773,0.8666666666666666
nw_retrain_0408_crossing_easy_seed20291090,B3,0.7807017543859649,23.36590850121123,0.8333333333333334
nw_retrain_0409_vertically_overlapping_easy_seed20291319,B3,0.7235915492957746,7.592018358387141,0.8166666666666667
nw_retrain_0413_vertically_overlapping_easy_seed20291842,B3,0.9414556962025317,13.064623187822008,0.95
nw_retrain_0415_approximately_parallel_easy_seed20291645,B3,0.7903846153846154,1.7876778707919816,0.8666666666666666
nw_retrain_0416_approximately_parallel_easy_seed20291743,B3,0.885593220338983,19.33543598501813,0.9333333333333333
nw_retrain_0420_converging_moderate_seed20292004,B3,0.7227272727272728,10.073491627978743,0.8333333333333334
nw_retrain_0426_vertically_overlapping_hard_seed20292592,B3,0.8043478260869565,5.182546450378138,0.8333333333333334
nw_retrain_0431_none_easy_seed20293082,B3,0.8903508771929824,12.509322096936293,0.9
nw_retrain_0432_converging_moderate_seed20293311,B3,0.8860759493670886,5.662357958825703,0.9166666666666666
nw_retrain_0436_none_easy_seed20293834,B3,0.8115384615384615,5.10799204628251,0.8666666666666666
nw_retrain_0437_none_easy_seed20293670,B3,0.8474025974025974,11.418608980192671,0.8333333333333334
nw_retrain_0445_none_easy_seed20294454,B3,0.8043478260869565,6.149521773771438,0.8833333333333334
nw_retrain_0446_none_easy_seed20294552,B3,0.7974683544303798,6.9483268000214675,0.8333333333333334
nw_retrain_0453_converging_hard_seed20295238,B3,0.711864406779661,11.48270082106232,0.8333333333333334
nw_retrain_0455_converging_easy_seed20295434,B3,0.6984126984126984,16.947045879695004,0.85
nw_retrain_0459_vertically_overlapping_moderate_seed20296088,B3,0.839041095890411,33.229215133796785,0.8833333333333334
nw_retrain_0465_vertically_overlapping_hard_seed20296545,B3,0.7123655913978495,32.6822854620439,0.8666666666666666
nw_retrain_0468_converging_moderate_seed20296839,B3,0.8181818181818182,1.0455860922685971,0.8666666666666666
nw_retrain_0471_none_easy_seed20297002,B3,0.8214285714285714,2.6794963484283354,0.8833333333333334
nw_retrain_0472_vertically_overlapping_moderate_seed20297231,B3,0.8453389830508474,14.328356277718896,0.8
nw_retrain_0473_converging_moderate_seed20297198,B3,0.8015873015873016,3.6681892381145014,0.8833333333333334
nw_retrain_0479_converging_easy_seed20297786,B3,0.8627049180327869,3.517515805387897,0.8833333333333332
nw_retrain_0486_none_easy_seed20298603,B3,0.9452247191011236,30.3839159285814,0.85
nw_retrain_0487_converging_easy_seed20298701,B3,0.825,3.0109491996282927,0.9166666666666666
nw_retrain_0493_approximately_parallel_easy_seed20299158,B3,0.8480769230769231,13.731155774793654,0.85
nw_retrain_0495_vertically_overlapping_moderate_seed20299354,B3,0.9081325301204819,1.340552282640468,0.9
nw_retrain_0500_crossing_easy_seed20299975,B3,0.8227611940298507,15.697688961576143,0.8333333333333334
nw_retrain_0505_crossing_easy_seed22078110,B3,0.9172535211267606,0.9140606066864002,0.9166666666666666
nw_retrain_0516_none_easy_seed22079712,B3,0.954225352112676,9.832320925820156,0.9333333333333333
nw_retrain_0523_converging_easy_seed22079874,B3,0.8666666666666667,0.9812256218269386,0.9
nw_retrain_0541_crossing_hard_seed22081769,B3,0.6764705882352942,5.165829863592835,0.8666666666666666
nw_retrain_0546_none_easy_seed22082128,B3,0.8227611940298507,6.41163112112646,0.8833333333333334
nw_retrain_0547_approximately_parallel_moderate_seed22082619,B3,0.7014925373134329,1.4901611169069375,0.8166666666666667
nw_retrain_0553_none_easy_seed22082814,B3,0.926056338028169,11.891640406492654,0.8333333333333334
nw_retrain_0562_crossing_moderate_seed22083696,B3,0.821917808219178,5.774289948832983,0.9
nw_retrain_0566_vertically_overlapping_moderate_seed22084088,B3,0.7315573770491803,1.8969279345133656,0.85
nw_retrain_0570_crossing_easy_seed22084742,B3,0.8961038961038961,13.342581569962942,0.85
nw_retrain_0581_converging_hard_seed22085689,B3,0.6123188405797102,6.504296989169168,0.7333333333333333
nw_retrain_0596_approximately_parallel_hard_seed22087028,B3,0.7909090909090909,10.246944647747696,0.8333333333333334
nw_retrain_0600_converging_easy_seed22087551,B3,0.7183098591549296,2.8171886856572885,0.8666666666666666
