K,arm,metric,point,ci_lo,ci_hi
1,M0,survival,0.16666666666666663,0.11851851851851852,0.2148148148148148
1,M0,retained_regret,7.256203027296296,4.1024244051296295,11.054638448725
1,M0,retained_regret_norm,0.5856267785389435,0.457033882393744,0.7083239911931948
1,M1,survival,0.17407407407407408,0.13333333333333333,0.21851851851851847
1,M1,retained_regret,4.246914032555555,2.542065925489814,6.646777083510183
1,M1,retained_regret_norm,0.45711792780562105,0.3385601080278358,0.5760897495421097
1,random,survival,0.08322222222222223,0.08025925925925928,0.08603796296296297
1,random,retained_regret,140.38105951601037,63.84713515252114,238.3889063947032
1,random,retained_regret_norm,0.9184753811558221,0.8386528818619636,0.9902385927039276
1,M1_minus_M0,survival,0.0074074074074074086,-0.044444444444444446,0.059259259259259255
1,M1_minus_M0,retained_regret,-3.009288994740741,-6.028747830557408,-0.3085253657583336
1,M1_minus_M0,retained_regret_norm,-0.1285088507333224,-0.24215865943563672,-0.008519674089015123
2,M0,survival,0.33703703703703697,0.28888888888888886,0.3851851851851852
2,M0,retained_regret,2.601769230851852,1.6991670342425922,3.7288473615166664
2,M0,retained_regret_norm,0.23990981750145388,0.1775104498410844,0.304932274143897
2,M1,survival,0.3148148148148148,0.2518518518518518,0.38518518518518513
2,M1,retained_regret,2.24948934074074,1.2552862805953706,3.5510646930768517
2,M1,retained_regret_norm,0.2438578240464483,0.1678389471489087,0.3208456701929585
2,random,survival,0.16840740740740745,0.1633305555555556,0.17322222222222225
2,random,retained_regret,31.21656752964593,10.714888138219788,62.07083871724991
2,random,retained_regret_norm,0.41498591420285813,0.3562001564848022,0.47581029355388504
2,M1_minus_M0,survival,-0.022222222222222223,-0.08898148148148151,0.044444444444444446
2,M1_minus_M0,retained_regret,-0.35227989011111116,-1.028326893272222,0.49556774856388863
2,M1_minus_M0,retained_regret_norm,0.003948006544994383,-0.06631857033781333,0.08161217527199018
3,M0,survival,0.48148148148148157,0.42212962962962963,0.5518518518518518
3,M0,retained_regret,1.4324432547037036,0.8658444838898148,2.016883064037037
3,M0,retained_regret_norm,0.14691086933072814,0.09993127003342643,0.19720394761702043
3,M1,survival,0.4407407407407407,0.362962962962963,0.5222222222222223
3,M1,retained_regret,1.0177832086296297,0.5809697387444445,1.5495629997916667
3,M1,retained_regret_norm,0.15912677097439795,0.0993975765960186,0.22388309898515532
3,random,survival,0.24970370370370373,0.24533333333333338,0.25396574074074074
3,random,retained_regret,10.717206532761113,3.7057290910578704,21.889744375090903
3,random,retained_regret_norm,0.2673133038054233,0.22238449902064805,0.3171523524240838
3,M1_minus_M0,survival,-0.04074074074074075,-0.10740740740740742,0.022314814814814732
3,M1_minus_M0,retained_regret,-0.41466004607407403,-0.9023647516981481,0.006085474804629502
3,M1_minus_M0,retained_regret_norm,0.01221590164366986,-0.041528610288358456,0.08433293838619284
4,M0,survival,0.5555555555555556,0.4962962962962963,0.6111111111111112
4,M0,retained_regret,1.0518653221481482,0.5763063047342593,1.6512062457388883
4,M0,retained_regret_norm,0.10805251371440514,0.07389669165024206,0.14374399094033943
4,M1,survival,0.5259259259259259,0.44814814814814813,0.6000000000000001
4,M1,retained_regret,0.7711846002592592,0.43940846842777775,1.1849938557787039
4,M1,retained_regret_norm,0.11775030570825622,0.07035062981575387,0.17676191573366443
4,random,survival,0.3291851851851852,0.32481481481481483,0.33351851851851844
4,random,retained_regret,5.193541987762592,2.137864310385463,9.710240116144488
4,random,retained_regret_norm,0.18886421993042996,0.14972522580958586,0.22878736113729317
4,M1_minus_M0,survival,-0.029629629629629627,-0.10370370370370369,0.03703703703703704
4,M1_minus_M0,retained_regret,-0.2806807218888889,-0.7760092222157406,0.11303947848888864
4,M1_minus_M0,retained_regret_norm,0.009697791993851058,-0.03991674605675303,0.06075442189596388
6,M0,survival,0.6291666666666667,0.5666666666666667,0.7
6,M0,retained_regret,0.594923695,0.27344281948437504,0.9530414111031249
6,M0,retained_regret_norm,0.07267442821094372,0.03920058442101451,0.10673010829401573
6,M1,survival,0.6208333333333333,0.5333333333333333,0.7083333333333334
6,M1,retained_regret,0.4064345920416666,0.20563981533333334,0.6744593221052083
6,M1,retained_regret_norm,0.10281517823201615,0.05572526231570174,0.155616572469355
6,random,survival,0.37283333333333335,0.36633229166666664,0.3785854166666667
6,random,retained_regret,2.6477064949129168,1.1696364824518022,4.3494827405044685
6,random,retained_regret_norm,0.128421013528193,0.10060016728052361,0.15749152918163342
6,M1_minus_M0,survival,-0.008333333333333333,-0.08343749999999998,0.06666666666666667
6,M1_minus_M0,retained_regret,-0.1884891029583333,-0.51022351220625,0.12605181213645827
6,M1_minus_M0,retained_regret_norm,0.030140750021072436,-0.010386140617808045,0.07994413336893018
8,M0,survival,0.7291666666666666,0.6708333333333333,0.7916666666666666
8,M0,retained_regret,0.48651988012499986,0.21864317608854167,0.8296292628760417
8,M0,retained_regret_norm,0.0461248711685656,0.02543703306323027,0.06755872589211062
8,M1,survival,0.7541666666666667,0.6916666666666667,0.8166666666666667
8,M1,retained_regret,0.24722362570833337,0.09824348944479167,0.423220587321875
8,M1,retained_regret_norm,0.06159484322802248,0.031756003742466836,0.09706185633235748
8,random,survival,0.5024583333333333,0.4959572916666667,0.5090416666666666
8,random,retained_regret,1.4733504970870832,0.7675704121805834,2.3426469077349887
8,random,retained_regret_norm,0.08314821311918713,0.06240922487590138,0.10491528949757838
8,M1_minus_M0,survival,0.025,-0.041666666666666664,0.09166666666666666
8,M1_minus_M0,retained_regret,-0.2392962544166667,-0.6038396944427085,0.07650663087604163
8,M1_minus_M0,retained_regret_norm,0.01546997205945688,-0.015237880186718391,0.04901519607778599
