scenario_uid,step,params_sha256,direct_200_wall_s,direct_400_wall_s,direct_200_evals,direct_400_evals,direct_production_expected_s,surrogate_m1_total_s,surrogate_m0_total_s,feature_time_s,speedup_m1
nw_dual_val_001,1,8bfd45f8ef20b307,12.85425,24.98095,220,410,15.771862835577487,0.01520117500012925,0.01555652499973795,0.00394402500023715,1037.5423502093347
nw_dual_val_001,2,13acbb4d7b32e138,13.0656,24.4981,220,410,15.92681908923643,0.0186609500005943,0.0193590500002756,0.0066687500002444,853.4838306050444
nw_dual_val_001,2,ced9055a0f757f14,13.1172,26.2293,220,410,16.18061201388308,0.0189448499995705,0.0188476000002992,0.0076748499996028,854.090268027982
nw_dual_val_001,3,0392d7e49f1408fe,11.1559,21.001,220,410,13.608680505143433,0.0187380500001381,0.0170754500004477,0.006086200000027,726.2591627753761
nw_dual_val_001,3,b1f88569e01359a2,12.316,23.7491,220,410,15.089740750188174,0.0185336000004099,0.018700450000324,0.0066698500004349,814.1829299140179
nw_dual_val_001,4,95fb2f0e564696c7,13.4254,26.7059,220,410,16.54447580078615,0.0222885999983191,0.0215996999995695,0.0101272999991124,742.2842081617443
nw_dual_val_001,4,a075455894d5adb6,15.002,28.4372,220,410,18.32328040478381,0.0261038000007829,0.0259307500009526,0.0134323500005848,701.9391967542756
nw_dual_val_001,5,1807887cd476bf9f,14.1536,26.1894,220,410,17.21235195283098,0.0241070000001855,0.0240857999997388,0.0129434499995113,713.9980898783976
nw_dual_val_001,5,6dbb797ce5f5e4b5,14.7834,27.8104,220,410,18.03147423266706,0.0258606500001405,0.0255747500013967,0.0143173000005845,697.2552597312555
nw_dual_val_001,6,5abd0686ec4481f3,12.0157,22.4898,219,409,14.642362682947228,0.0235412000001815,0.0238904500001808,0.0126718500005154,621.9887976328453
nw_dual_val_001,6,a5fc036e2fdf63cd,13.0406,25.1343,220,410,15.976123120347912,0.0272228499998163,0.0259756499990544,0.0148360499988484,586.8644583669866
nw_dual_val_001,7,422615a0de867a62,11.7133,26.5251,220,409,14.811259534164087,0.0248613999992812,0.0249248500003886,0.0136496999994051,595.7532373314582
nw_dual_val_001,7,708c7226380c8cb9,10.742,20.603,206,346,13.148296688132476,0.0242624500006058,0.0244162500002858,0.0133022500003789,541.9195789297528
nw_dual_val_001,8,2bbdc9132fcd7aba,13.8783,25.8526,200,340,16.897715898636783,0.0348018999993655,0.0327046500005963,0.0211719999997512,485.5400394502846
nw_dual_val_001,8,2d68e3c01343442b,13.6142,25.7243,200,340,16.618631291293802,0.0322280000000319,0.0319243999992977,0.020827499999541,515.6581634379221
nw_dual_val_007,1,b2c96c5b68ae9646,12.196850000000001,23.3756,220,410,14.926968374174125,0.0145850249991781,0.01463052499912005,0.00295159999950555,1023.4448261155051
nw_dual_val_007,2,91eb1677fd70eed5,11.9227,22.721,220,410,14.57636534247721,0.0164310999998633,0.0162914499996986,0.0047511499997199,887.12048144059
nw_dual_val_007,2,cafadab1e4c39ee8,12.6179,24.7759,220,410,15.511564326336039,0.0177452499992796,0.0179508499986695,0.0064245999992635,874.1248687375921
nw_dual_val_007,3,825d048f6ee4f6ee,13.8702,26.3426,220,410,16.946844718574894,0.0195694499998353,0.0197315999994316,0.0084648499996546,865.9847220395832
nw_dual_val_007,3,982204c2541d34e9,11.2279,21.5436,220,410,13.744052663711633,0.0174046500005715,0.0174411000007239,0.0063754500006325,789.6770497114469
nw_dual_val_007,4,1b120a60234a5602,12.4377,23.6551,220,410,15.200462160240862,0.0198038499993344,0.0197297499998967,0.0085183499995764,767.5508631277123
nw_dual_val_007,4,d1f3419ae61669c1,13.9489,26.666,220,410,17.063315739734048,0.022183249999216,0.0227679999989049,0.0111536499989597,769.198189640251
nw_dual_val_007,5,89d3994cd619dee9,15.4028,28.8189,219,381,18.768660487580497,0.0262949500001923,0.0262943500001711,0.0152724500003387,713.774336419854
nw_dual_val_007,5,b212d138a23c8e12,14.17,27.4041,220,410,17.370621029522454,0.0247590499993748,0.0251228999995873,0.0133044999993217,701.586734142105
nw_dual_val_007,6,6a527adc6affec75,13.1449,24.9707,212,352,16.06131570209919,0.0257907000004706,0.0263392500010013,0.0144579999996494,622.7560981984251
nw_dual_val_007,6,ec771efb8e140e8c,11.9104,22.5319,220,410,14.5419796897215,0.02366019999954,0.0233898500009672,0.0121377499999653,614.6177838735186
nw_dual_val_007,7,872389dba48c1800,15.9379,20.7319,220,390,18.3592513715815,0.025025750000168,0.0267589000004591,0.0133237999998527,733.6144319933769
nw_dual_val_007,7,ad5ef4fb1a708e05,11.9535,22.9285,220,410,14.631399995818349,0.0256368499995005,0.0255646999994496,0.0143101999992723,570.7175411996178
nw_dual_val_007,8,0431ae0d06883a5a,23.5346,44.0266,200,340,28.676621150790332,0.0269399499993596,0.0284364499993898,0.0154440499991324,1064.4645276428507
nw_dual_val_007,8,3e34e65dfc284b6b,10.5047,22.514,219,372,13.134189085891109,0.0259768999985681,0.0261556499990547,0.014956949999032,505.6103340512183
nw_dual_val_011,1,10d6e2c6550f525d,13.906,21.8059,220,410,16.452787601405035,0.012218149999171101,0.0122985499988317,0.0010672749995137,1346.585825392651
nw_dual_val_011,2,5f66431b1bce0d41,12.7717,24.4032,220,410,15.621835385130048,0.0178219499994156,0.0173449000003529,0.0064687000003686,876.5502869013943
nw_dual_val_011,2,73fdfb763d00ea91,13.2359,25.4027,220,410,16.20277049845279,0.0196536500006914,0.0183632500002204,0.0074002499995913,824.4153375013185
nw_dual_val_011,3,3dcf41df119b2710,18.7851,46.5954,220,410,24.22714031947813,0.0201131000003442,0.0194936500001858,0.0084490500003084,1204.5453122126141
nw_dual_val_011,3,50d14496c60b8518,25.8875,49.1346,220,410,31.626102400267627,0.01949544999934,0.020203949999086,0.0080057499999384,1622.2299255127887
nw_dual_val_011,4,95efe494d70622d5,23.0974,31.0345,220,410,26.722028188508823,0.0203317999994396,0.0202726500001517,0.0084364000003915,1314.2972186056006
nw_dual_val_011,4,d1ca10af32118375,24.7017,47.3208,220,410,30.228462331688547,0.0197220499994728,0.0191726500006552,0.0074801999999181,1532.7241505064937
nw_dual_val_011,5,964ba9566a3bf838,18.9221,37.1456,220,410,23.260465007945136,0.0219455500000549,0.0229270500012717,0.0107440000001588,1059.9171589632954
nw_dual_val_011,5,97d6634de373808d,18.0199,34.4026,220,410,22.03790040980179,0.0222919500010903,0.021751100000074,0.0102246999995259,988.6035276736183
nw_dual_val_011,6,8d46ce2b894dd76f,21.4497,40.7447,220,409,26.20841653006607,0.0322545500002888,0.031742099999974,0.0188590500001737,812.5494396862275
nw_dual_val_011,6,cf351e6e2cb740ee,24.9264,45.5566,220,394,30.247115221209334,0.0312781499997072,0.031162949998361,0.0195601499990516,967.0365805360127
nw_dual_val_011,7,3a6fd6c954445725,23.3461,43.6317,220,409,28.441999393660616,0.0301171000000977,0.0317050499988909,0.0185823499996331,944.3804148994541
nw_dual_val_011,7,4553d6a4cda035b3,18.1473,41.526,220,410,22.99726729948984,0.0291831999993519,0.0284486500004277,0.0170941500000481,788.0310349790484
nw_dual_val_011,8,41b486747cf6a45e,22.0526,37.5643,200,340,26.439866450614705,0.0325128000004042,0.0335194500012221,0.0199494500002401,813.2140710823431
nw_dual_val_011,8,fd398f94672fb519,23.8398,42.3468,200,340,28.785631412561678,0.0340922999985195,0.0343891499978781,0.0225502499988579,844.3440722336635
nw_dual_val_017,1,b07e90db8a908479,21.0363,40.5252,220,409,25.769380354603996,0.01652317500020215,0.016838249999182098,0.0046986499996819,1559.5901123294238
nw_dual_val_017,2,96b7e626e946b5e6,22.5812,42.8481,220,410,27.58557999916367,0.0197838500007492,0.0190221500015468,0.0076233500003581,1394.3484204600734
nw_dual_val_017,2,e9e6f6eb18a4be12,21.1098,42.8301,220,410,26.11207771598227,0.0193239500003983,0.019558149999284,0.0077375999999276,1351.2805464433543
nw_dual_val_017,3,1fe551a02ed48817,13.637,26.2676,220,410,16.70488520531906,0.020237900000211,0.021333149999009,0.008878249999725,825.4258201268359
nw_dual_val_017,3,2fad9a4290502cd4,11.0184,21.022,220,410,13.473633168855063,0.0180991500001255,0.0169455499999457,0.0050864000004366,744.4345822185923
nw_dual_val_017,4,63ab9a22a5c6e4e4,18.6357,52.5059,220,410,24.76804836079284,0.0245372499994118,0.0249203000003035,0.013171150000744,1009.4060402606882
nw_dual_val_017,4,b57b9a7c08fa2f29,20.6063,43.7759,220,410,25.719041017813833,0.0241212500004621,0.0222168000000237,0.0110741000007692,1066.239975843753
nw_dual_val_017,5,01b219d96426fc94,30.7802,31.7484,220,410,34.48820707535335,0.0260664499992344,0.0256586000004972,0.0142093499998736,1323.0879953490526
nw_dual_val_017,5,af6422566d74a487,12.2336,23.086,220,410,14.929894973655598,0.0217568999987634,0.0218616499987547,0.0099617499990927,686.2142572932803
nw_dual_val_017,6,328b1ebe285ceca5,13.9745,26.2056,220,410,17.03514400769424,0.0269891500001904,0.0276864499983275,0.0158341999995172,631.184902361655
nw_dual_val_017,6,cebc29a703631d34,14.166,27.0674,219,409,17.327296654679266,0.0298287499999787,0.0287624499997036,0.0162735499998234,580.89248308064
nw_dual_val_017,7,417f9250c896b067,14.0918,26.687,220,410,17.208668403445678,0.0294940499998119,0.029811850000442,0.0177054999994652,583.4623730398309
nw_dual_val_017,7,c59efa7351bd0c4f,14.4589,27.421,219,408,17.66149483984277,0.0310443999997005,0.0297747999993589,0.018140150000363,568.9108129006571
nw_dual_val_017,8,0bbcd2aa2a8d90d3,12.5732,23.7827,219,374,15.350865012126787,0.0303135499998461,0.0296636499997475,0.0177148499997201,506.40274768889566
nw_dual_val_017,8,7259a7c6a1cfdba1,12.2055,22.7295,200,340,14.860158087312872,0.0287918000003628,0.0298180000008869,0.0174455000005764,516.1246635196695
nw_dual_val_021,1,13c09516f41f3fd1,13.50765,25.6241,220,410,16.50037858158401,0.01725297500024675,0.018188149999332298,0.0057738499995138495,956.3787451931056
nw_dual_val_021,2,85cda8080ce0586b,14.4356,27.0131,219,408,17.590554767082047,0.0201848000006066,0.0208787500014295,0.0080929500009006,871.4753064956507
nw_dual_val_021,2,d8780f45e8de669f,13.3399,25.0949,219,376,16.27082145605085,0.0182407999991482,0.019867999998496,0.0068067499996686,892.0015271704452
nw_dual_val_021,3,6e57114a0e551722,10.5598,19.773,220,410,12.869158074767917,0.0169318500002191,0.017662699999164,0.0051687999994101,760.056229803677
nw_dual_val_021,3,77de242668462fe3,12.8388,24.5265,220,410,15.70333602492264,0.0196857999990243,0.0201533999988896,0.0077410999992935,797.6986470298872
nw_dual_val_021,4,995cc5b24a0e6e6f,12.5257,24.2228,220,410,15.35476583591202,0.020770750000338,0.0204796999996688,0.0092671000002155,739.2494655061638
nw_dual_val_021,4,cf3e8b848e0ba7b7,11.7248,22.2731,220,410,14.326153529313373,0.0194818500003748,0.0202422000002115,0.0080236499998136,735.3589894716241
nw_dual_val_021,5,3351aaebbf06eedf,12.7759,24.3573,220,410,15.620674563017479,0.0229238000010809,0.0237315000003945,0.0115440000008675,681.4173288146352
nw_dual_val_021,5,5bdfc7af9f6dac58,13.9964,26.4997,218,358,17.091392979008113,0.0257203499995739,0.0250737499991373,0.0134659999994255,664.5085692570769
nw_dual_val_021,6,75802c9f6ec510b4,12.0034,22.7761,212,352,14.663500664882495,0.0245844499995655,0.024042649999501,0.0125906499997654,596.454289810903
nw_dual_val_021,6,c257cd95f7f3eb1a,10.7244,20.957,220,401,13.172041590700008,0.0230984499994519,0.022432599998865,0.0105861499996535,570.256514658454
nw_dual_val_021,7,2ba12f6784b90beb,11.9681,22.4889,220,410,14.594657568788158,0.0256327000006422,0.0257988499997736,0.0142005000006975,569.3765217250818
nw_dual_val_021,7,941cd06746702737,10.1842,19.0566,219,359,12.409887204148198,0.0234042499987481,0.0236046499994699,0.0120998499996858,530.2407556239575
nw_dual_val_021,8,321efd65c76dcd30,9.9653,19.2347,219,372,12.21178812829305,0.0280869499993059,0.025463850000051,0.0139964999998483,434.7851272065794
nw_dual_val_021,8,3f5a44324b81ca32,12.5915,23.6158,200,340,15.349672175294806,0.0303169500002695,0.0304090999989057,0.0177176999995936,506.3066098389962
nw_dual_val_030,1,e5073899a44f5fd8,16.295099999999998,30.72835,220,410,19.88397185539851,0.016426499999397402,0.016128849999859002,0.0044688250000035,1210.4813475863966
nw_dual_val_030,2,0e5ab715574d1396,14.6783,27.8209,220,410,17.927600564522873,0.0186281500000404,0.0179470499997478,0.0062151000001904,962.3929678730303
nw_dual_val_030,2,82e67e488e257bfe,16.8083,30.9752,220,410,20.42600233336121,0.0187910999984524,0.0194617499992091,0.0073163999986718,1087.004078262766
nw_dual_val_030,3,6933f6d99e10a424,14.9663,28.5412,220,410,18.2997269298319,0.0195143000000825,0.0186395000009724,0.0075185000005149,937.7598443067153
nw_dual_val_030,3,d3e16112caaf3b1b,16.8797,32.0959,220,410,20.628292820105376,0.023010200000499,0.0234880500001963,0.0111190000006899,896.4847250201227
nw_dual_val_030,4,1a2bffae2dfc442f,18.1666,30.9777,220,410,21.784594317136403,0.0291125000003376,0.0296201499986636,0.0180656499996985,748.2900581153724
nw_dual_val_030,4,e1d1373da84481f8,12.8889,24.9134,220,410,15.79862343397173,0.0239137000007758,0.0255969500012724,0.0112806000006457,660.6515693288449
nw_dual_val_030,5,56417c00bfd1b0b3,13.5455,25.5059,220,410,16.524423588692816,0.0279451499991409,0.0275427499991565,0.0157425999996121,591.3163317856879
nw_dual_val_030,5,87146c6df6cce7a4,13.1231,24.8298,220,410,16.023059496529232,0.0266635000007227,0.0262663000012253,0.0145062000001416,600.9360922645164
nw_dual_val_030,6,6c81b620e284a5db,16.2541,31.0386,220,410,19.879207041900145,0.0371773500000927,0.0372428000000581,0.0250028500004191,534.7128572060832
nw_dual_val_030,6,8aec1be75fff08d1,14.8014,28.0619,220,410,18.07884780045162,0.0374275000003763,0.0340532999998686,0.021889149999879,483.0364785323587
nw_dual_val_030,7,0f97b8beb16e99c3,14.8046,27.9944,220,383,18.07416423852137,0.0368706499994004,0.0376030500001434,0.0250067999995735,490.20465434743613
nw_dual_val_030,7,c382abb9e65f8aca,18.2302,34.3799,220,409,22.245549197123026,0.043724650000513,0.0435640499999863,0.0320748499998444,508.7644886091033
nw_dual_val_030,8,07286bfb02c39041,13.588,25.4856,219,372,16.564552680438236,0.0373497999999017,0.0368193999984214,0.0254947999992509,443.49776117895766
nw_dual_val_030,8,8dcae5d8e355b778,13.6016,25.6145,200,340,16.593207363887263,0.0383032000008825,0.0379440999995495,0.0260757000005469,433.2068172764928
nw_dual_val_034,1,0eeabf7debfff756,15.21415,28.80955,220,410,18.57891846826127,0.0194203000000925,0.01967747500020775,0.00764972500019205,956.6751527099365
nw_dual_val_034,2,afe4a72d4715e258,14.0129,26.7805,220,410,17.140688596637954,0.0186745499995595,0.0186417499990056,0.0071369999996022,917.8635413995129
nw_dual_val_034,2,b73e68392ae0e8b3,14.2327,27.0476,220,410,17.391684143179727,0.0201742499984902,0.0211861499992664,0.008626899999399,862.0733927893868
nw_dual_val_034,3,6862b9ea3f562efa,14.5974,27.9399,220,410,17.86059899222213,0.0222653000000718,0.0227295000013327,0.0109872500006531,802.171944333314
nw_dual_val_034,3,bc69cae685518c83,15.0023,28.9783,220,410,18.386777373086893,0.0230218500000773,0.023357300000498,0.0117063500001677,798.6663701233896
nw_dual_val_034,4,8f48a6bc6644b921,14.4098,27.3548,220,410,17.60466310947562,0.0252197999998315,0.0252147000001059,0.0140497499996854,698.0492751565532
nw_dual_val_034,4,ed93e28e494a38de,13.0803,24.9967,220,410,15.99975233336121,0.0232805000014195,0.0232262000008631,0.0111970000007204,687.259823989418
nw_dual_val_034,5,e118e02c533eafc2,15.4073,29.4711,220,410,18.849333214853225,0.0299755500000173,0.0308390000000144,0.0187616499997602,628.8235983941028
nw_dual_val_034,5,faecf1ac8d2864b9,14.4153,27.1107,220,410,17.581653813665636,0.0281330999996498,0.0279734999994616,0.0168013499996959,624.9454846385394
nw_dual_val_034,6,738b2706638968a1,14.427,27.0593,220,410,17.587350627247638,0.0312342500010345,0.031231600000865,0.0199735000005603,563.0790118752693
nw_dual_val_034,6,f9d843d505607328,14.1615,26.7944,220,410,17.290912026428035,0.0309169499987547,0.0309664999986125,0.0196111999985078,559.2696571661983
nw_dual_val_034,7,18d160dae468b721,14.8187,28.1994,220,410,18.112206908087312,0.0359942000004593,0.0356760499989832,0.0244485000002896,503.1979293290639
nw_dual_val_034,7,74f8b4ced3190a8b,16.3774,30.3102,216,356,19.91743464915949,0.0391547999988688,0.0392453499998737,0.0268540999995821,508.68436691631456
nw_dual_val_034,8,71a0b0845b2ad8a7,15.7283,29.6779,200,340,19.19448611273731,0.0425951000006534,0.0415904000010414,0.0301109500005622,450.62662401174947
nw_dual_val_034,8,b8e7237918aec573,17.2757,32.0891,219,372,21.02349862423685,0.0444089499997062,0.0448767999987467,0.0323624999991807,473.4067935489566
nw_dual_val_037,1,8fe4375cd2be7b93,14.48635,28.218600000000002,220,410,17.782099343480805,0.01849502499999285,0.01866817500058455,0.006823100000019551,961.4531120389228
nw_dual_val_037,2,ddfaf34a5f9d57e7,15.1452,29.3992,220,410,18.578835761478633,0.0216514499988988,0.0223456000003352,0.0097765999998955,858.0873688562917
nw_dual_val_037,2,fca0d6eb7f622e23,15.2369,28.7383,220,410,18.59334693066823,0.0205796999989615,0.020732199998747,0.0091911499994239,903.4799793780518
nw_dual_val_037,3,6d4dde82c8aa13c4,15.2817,29.4907,220,410,18.72602236765075,0.0238951999999699,0.0241610500006572,0.0126723499997751,783.6729706248258
nw_dual_val_037,3,a487b352465e7613,13.7151,26.7895,220,410,16.843939738228652,0.0205243499995049,0.0204245000004448,0.0091868499994234,820.6807883628456
nw_dual_val_037,4,68e80729739b00be,16.6738,31.7797,220,410,20.385462712218782,0.0300623000002815,0.0297570000002451,0.0185508000004119,678.1072210718373
nw_dual_val_037,4,6c06a74213fcf3ae,15.4723,28.9903,220,410,18.85817889520783,0.025948999999855,0.0259496499993474,0.0147197500000402,726.7401015574089
nw_dual_val_037,5,9705fd453b68aa6b,17.4509,33.9192,220,410,21.412442427030193,0.0350433500016151,0.0347398500007329,0.0237340000012409,611.0272683988068
nw_dual_val_037,5,f3050a81580f7604,17.0367,32.6889,220,410,20.8545513715815,0.0337849499992444,0.0337725000008504,0.0227171500000622,617.2734123344245
nw_dual_val_037,6,6e1f402129fa40ba,14.4681,28.1573,220,410,17.756689901313038,0.0322957499993208,0.0323680999990756,0.0207615999997869,549.815065502008
nw_dual_val_037,6,702b0ccbd9c626ad,17.1261,31.9416,219,379,20.85667158150038,0.0369724500005759,0.037095550000231,0.0258567500004573,564.1138626511229
nw_dual_val_037,7,266c8fdb27d901a2,37.0566,68.3525,220,381,45.039728397591375,0.0350054500004262,0.0350781000006463,0.023683450000135,1286.6490331374973
nw_dual_val_037,7,a6f1a2f7581e167d,12.2965,54.6911,220,410,18.684065539014803,0.0310097500005213,0.0312863500003004,0.0195703500003219,602.5222885931266
nw_dual_val_037,8,09260150ba1b8f7c,20.3898,24.7906,200,340,23.285181190934182,0.0364845999993121,0.0366519000008338,0.0251796000002286,638.2194457763883
nw_dual_val_037,8,0c0f4f029e308f16,29.7235,56.3825,200,340,36.30861008196036,0.0325128000004042,0.0324932499997885,0.0209856000001309,1116.7481755342194
nw_dual_val_040,1,1983435d8cfe5621,15.4539,29.39365,220,410,18.8868875574977,0.0194638749999285,0.0192674500003704,0.0079803500002526,970.3559829462058
nw_dual_val_040,2,a402d72c824f2cbd,15.0678,28.5278,220,410,18.399661896796857,0.0205587999998897,0.0204252999992604,0.0091766499999721,894.9774255742345
nw_dual_val_040,2,a7711cc2fbc66ce3,14.6044,27.6998,220,410,17.839556870452455,0.0188576999989891,0.0189832500000193,0.0074844499995379,946.0091565465978
nw_dual_val_040,3,80273cdc61ef54f8,13.7318,25.827,220,410,16.74822598477879,0.0209173499997632,0.0202404499996191,0.0086751999997432,800.6858414172156
nw_dual_val_040,3,fb7519fa68f63f21,14.4131,27.3156,220,410,17.603384803880573,0.0223986999999397,0.0217653999998219,0.0105226000005131,785.9110039389769
nw_dual_val_040,4,36fe2af3454b2839,13.6948,25.3315,220,410,16.65335480053525,0.0231077499993261,0.0228581000001213,0.0115531499995995,720.6826627871999
nw_dual_val_040,4,d72e4d7a9dde72c7,15.7514,30.3526,220,410,19.296386693986786,0.0285082000000329,0.0280139500000586,0.016953100000137,676.8714508093992
nw_dual_val_040,5,62159899b5525a90,12.5939,24.0734,220,410,15.405516885506398,0.0253917500003808,0.0248343000012027,0.0135424000009152,606.7134752537876
nw_dual_val_040,5,696215cbe4f24370,13.8425,26.3791,220,410,16.92340768169273,0.0279924500000561,0.0285616000001027,0.0165149499998733,604.5704353016193
nw_dual_val_040,6,93ac0920131b65ed,15.0469,28.7363,220,410,18.403113343648073,0.033052449999559,0.0334556500001781,0.022016750000148,556.7851503865406
nw_dual_val_040,6,d908210c2e9a42ed,16.0576,30.5733,220,410,19.628363021660952,0.0357199000009131,0.0358977500000037,0.0241936499996882,549.5077819691319
nw_dual_val_040,7,3232a4fac2b3055a,17.1089,37.4441,219,401,21.48212787070335,0.0444083500005945,0.0408207999998921,0.0294760500000847,483.74073502878997
nw_dual_val_040,7,77dce38cd46659c2,13.0347,25.9585,220,410,16.06648433135402,0.0321643999996013,0.0323023499995542,0.0203028999994785,499.5113955663147
nw_dual_val_040,8,581c4808c0ae0e28,16.2251,30.5516,200,340,19.793328602492267,0.0439299499994376,0.0436396500008413,0.0321695000002364,450.5656984072521
nw_dual_val_040,8,66504d87acbddc30,13.6881,25.9199,219,389,16.715376101865015,0.0375972999991063,0.0369196999999985,0.025742750000063,444.58980039157984
nw_retrain_0024_converging_hard_seed20253196,1,f068509d028acf56,23.93535,46.435900000000004,220,410,29.358761754620723,0.021008075000736398,0.0206773500008239,0.0091098750003766,1397.4989023788046
nw_retrain_0024_converging_hard_seed20253196,2,a62b12d3a9cd7800,20.4286,38.9887,220,410,24.98222712636949,0.0193485499985399,0.020426649998626,0.0081080999989353,1291.1679236043385
nw_retrain_0024_converging_hard_seed20253196,2,e3d2d1ccc7ae0470,21.2379,40.6478,220,410,25.985299238939533,0.0198836999998093,0.0200826499994946,0.0087599999997109,1306.8643783193647
nw_retrain_0024_converging_hard_seed20253196,3,ca30744b53ca536f,20.8425,39.7985,220,410,25.490706510830478,0.0239766999993662,0.0239860999990924,0.0124372499994933,1063.1449078273615
nw_retrain_0024_converging_hard_seed20253196,3,e59189066c430b84,19.632,37.8289,220,410,24.050170013381283,0.0215879500001392,0.0222445499994137,0.0105568999997558,1114.05529534885
nw_retrain_0024_converging_hard_seed20253196,4,5d8e77ed0093812e,20.9962,40.0328,220,410,25.671771230241703,0.028714150000269,0.0293770000007498,0.0171358000006875,894.0460097199883
nw_retrain_0024_converging_hard_seed20253196,4,e363238914b7de19,23.8014,45.1896,220,410,29.07925200301079,0.0347480499995072,0.0351068999989365,0.023512099999607,836.8599677801543
nw_retrain_0024_converging_hard_seed20253196,5,3f37f33ad7838062,27.7534,56.6261,219,409,34.3669609810153,0.0484521499993206,0.0484573999983695,0.0372766499995123,709.2969245223834
nw_retrain_0024_converging_hard_seed20253196,5,79a82efbe842f84e,20.1476,39.2363,220,410,24.73014519946475,0.0315474999997604,0.0318632999997134,0.0203074999999444,783.901900298045
nw_retrain_0024_converging_hard_seed20253196,6,20b2a37a204b8596,57.8472,87.3545,220,409,68.04963867608932,0.0449570000009771,0.0442231500001071,0.0329724000002897,1513.660579545128
nw_retrain_0024_converging_hard_seed20253196,6,adac450ed18bded3,49.9332,117.2569,220,410,63.628044931839085,0.0459873999998308,0.0456226500000411,0.034329749999415,1383.5973534505797
nw_retrain_0024_converging_hard_seed20253196,7,8d2c5c302f15fefa,55.3539,66.9919,220,387,63.17811914777955,0.0466497999996136,0.0464001999989704,0.0353881499995623,1354.306323892125
nw_retrain_0024_converging_hard_seed20253196,7,d7c6101665975693,25.149,72.8869,220,410,33.66171688968805,0.0539858000001913,0.0547186499989038,0.0426309499998751,623.5290926423017
nw_retrain_0024_converging_hard_seed20253196,8,36271775eb17977c,18.3474,34.155,209,349,22.33648233670653,0.0434008499996707,0.043638250001095,0.0323516500002369,514.6554119764015
nw_retrain_0024_converging_hard_seed20253196,8,8377da2cb120efb3,20.71,39.475,220,410,25.320423810320314,0.0485371500008113,0.0492241999991165,0.0373073499995371,521.6710047849346
nw_retrain_0077_none_easy_seed20258521,1,ce074dbca56841c9,10.973500000000001,20.9191,220,410,13.416715116668062,0.01269942500130125,0.0122710000005099,0.00117587500017175,1056.4820938974258
nw_retrain_0077_none_easy_seed20258521,2,631349bf61d23133,13.4595,25.651,220,410,16.455370327005102,0.0183117500009757,0.01877715000046,0.0069105000011404,898.6235791843114
nw_retrain_0077_none_easy_seed20258521,2,d2146c4a9716de6a,11.3103,21.6232,220,410,13.835749427113825,0.0176008999997066,0.0183475499998166,0.0054857499999343,786.0819291822841
nw_retrain_0077_none_easy_seed20258521,3,39866d32bcde962d,10.9519,29.8118,220,410,14.433724763736723,0.0182255999998233,0.0184230999993815,0.0066067500001736,791.9478515865959
nw_retrain_0077_none_easy_seed20258521,3,560904d53fb4b86a,12.334,23.8974,220,410,15.125061227732708,0.0193339999996169,0.019119149999824,0.0078965500006233,782.3037771817734
nw_retrain_0077_none_easy_seed20258521,4,7d84638ed265e949,10.3004,20.693,220,409,12.717208104039475,0.0185698000013871,0.0185818000018116,0.0071558000008735,684.8327985810048
nw_retrain_0077_none_easy_seed20258521,4,a18e0485925bb78c,20.1786,33.3439,220,410,24.072951120682443,0.0206405999988419,0.0206670999996276,0.0088570499992783,1166.291247445962
nw_retrain_0077_none_easy_seed20258521,5,29c95812d41bf12d,13.5986,25.4684,220,410,16.573143832064897,0.0231169500002579,0.022814849999122,0.0116206499997133,716.9260578008779
nw_retrain_0077_none_easy_seed20258521,5,94f0abdddddb2dd4,14.8833,26.9286,220,399,18.02838571548047,0.0244612999995297,0.0245112000011431,0.0128807500004768,737.016663702546
nw_retrain_0077_none_easy_seed20258521,6,16d7bc925acc2d58,14.3841,30.756,220,409,17.97620119595216,0.0271887499993681,0.0265479500012588,0.0154063500003758,661.1632089143469
nw_retrain_0077_none_easy_seed20258521,6,eddc5c2ceb7269cc,13.9204,29.3728,219,407,17.35095241281258,0.0210064999992027,0.0208472499989511,0.0097898999993049,825.9801686845086
nw_retrain_0077_none_easy_seed20258521,7,27cee85467d19085,10.293,18.294,219,409,12.429620473362883,0.0224795499998435,0.022777149999456,0.0112190500003634,552.9301286480119
nw_retrain_0077_none_easy_seed20258521,7,896ca09b55a29f42,10.3121,19.7637,220,409,12.620371895124194,0.0236777999998594,0.0237668999998277,0.0123092499998165,533.004413214029
nw_retrain_0077_none_easy_seed20258521,8,6de5270cc751ff2b,8.6478,16.0169,216,356,10.518469971564773,0.0228845000010551,0.0227979000010236,0.0116860000007363,459.63293806199897
nw_retrain_0077_none_easy_seed20258521,8,82889ceae8574ace,10.2659,19.5713,189,329,12.55170082378523,0.0245615499989071,0.0241569499994511,0.012788449999789,511.03048563074134
nw_retrain_0086_vertically_overlapping_hard_seed20259272,1,f386e5305eb8d6b0,16.27785,31.5434,220,410,19.961914405787404,0.015064424999763999,0.0147022499995728,0.0033362750000378,1325.1029764561295
nw_retrain_0086_vertically_overlapping_hard_seed20259272,2,cb601d6f5a58a204,18.837,33.5753,220,410,22.758377138914444,0.0194560000009005,0.0193408999994062,0.008281899999929,1169.735667036446
nw_retrain_0086_vertically_overlapping_hard_seed20259272,2,ea2ac48404d70d41,20.9492,34.9601,220,410,25.03231279167015,0.0195484999994732,0.0191860999984783,0.0083037499998681,1280.523456651136
nw_retrain_0086_vertically_overlapping_hard_seed20259272,3,4bc973d1f5a70ee8,15.9615,31.9152,220,410,19.688988232834323,0.0197597500009578,0.0198051000015766,0.008500850000928,996.4188935528007
nw_retrain_0086_vertically_overlapping_hard_seed20259272,3,f4fef43e57075a7a,17.3259,36.0508,220,410,21.536399473111985,0.0216338999998697,0.021946899998511,0.0105540999993536,995.4931599592167
nw_retrain_0086_vertically_overlapping_hard_seed20259272,4,1cb80079c4b60194,19.5987,42.0833,220,410,24.513756322656185,0.0248688000001493,0.0247768999997788,0.0135657000000719,985.7233289305884
nw_retrain_0086_vertically_overlapping_hard_seed20259272,4,f94b8ea4d4b07aa0,19.9117,40.107,220,410,24.59593730868947,0.0228867000005266,0.0237013500000102,0.0109091500007707,1074.6825583471425
nw_retrain_0086_vertically_overlapping_hard_seed20259272,5,5b031503d2a96924,23.1725,35.406,220,410,27.30769101781383,0.0259824999993725,0.024345899999389,0.0126242500000444,1051.0032144125214
nw_retrain_0086_vertically_overlapping_hard_seed20259272,5,ad56cdfa711095cf,21.7336,45.3545,220,410,27.030711252822613,0.0354949499987924,0.029580899999928,0.0176691999995455,761.5368173146389
nw_retrain_0086_vertically_overlapping_hard_seed20259272,6,180c8aef2436636d,16.763,35.3665,220,410,20.893577674165762,0.0257081000008838,0.026058200000989,0.0142565000005561,812.7235257933288
nw_retrain_0086_vertically_overlapping_hard_seed20259272,6,1d985df714be4f23,26.3278,34.8436,220,410,30.39730634774609,0.0289799499996661,0.0283004500006427,0.0169828999996752,1048.9081709283942
nw_retrain_0086_vertically_overlapping_hard_seed20259272,7,344da4b30be574bd,16.8901,36.0153,220,409,21.096453303504223,0.0298682500006179,0.0299443499989138,0.0184046499998657,706.3170190107485
nw_retrain_0086_vertically_overlapping_hard_seed20259272,7,8934f3367c1e8c17,20.8569,36.2198,220,409,25.08713757631513,0.0322497999986808,0.0315168499992069,0.0201721999992514,777.9005630218276
nw_retrain_0086_vertically_overlapping_hard_seed20259272,8,39726a0cbec2920b,19.522,33.7403,214,354,23.462648068077275,0.0315423500005636,0.0320937500000582,0.0203093500003888,743.8459108994111
nw_retrain_0086_vertically_overlapping_hard_seed20259272,8,e4d4917d9829d922,13.7656,31.7939,220,409,17.47892118006189,0.0288267500000074,0.0293118499994307,0.0177731499998117,606.3438015058028
nw_retrain_0143_none_easy_seed20264858,1,801b2be5d9f6a2c3,10.29945,30.084650000000003,220,410,13.813141872961445,0.012988425000457899,0.0129330000004301,0.00166862500009295,1063.496295545801
nw_retrain_0143_none_easy_seed20264858,2,18a0f64b1955bdd8,8.451,19.6193,220,410,10.742406912268965,0.0148075500001141,0.0149243500009106,0.0036683500011349,725.468218049994
nw_retrain_0143_none_easy_seed20264858,2,eb522d1e5668509e,14.0486,19.506,220,410,16.326774207577152,0.0142030500001055,0.0142883500002426,0.0028376000000207,1149.525926294414
nw_retrain_0143_none_easy_seed20264858,3,8a9bb344f3509e81,10.1259,23.506,220,410,12.871248247888266,0.0199558499998602,0.0200390999998489,0.0086952500005281,644.9862194784204
nw_retrain_0143_none_easy_seed20264858,3,d5f1e9cba1fef09c,9.6408,22.8614,220,410,12.31086315129213,0.0191106999991461,0.0193954999995185,0.0077381999990393,644.1869294082478
nw_retrain_0143_none_easy_seed20264858,4,869bd46b4b290a3d,7.8406,15.7279,220,410,9.677516647152295,0.0178258000005371,0.0175565499994263,0.0064186999998128,542.8938194561089
nw_retrain_0143_none_easy_seed20264858,4,df226ba05dba1809,9.4191,22.0986,220,410,12.000073061804802,0.0183508999998593,0.0188381499992829,0.0073605999996289,653.9228627422528
nw_retrain_0143_none_easy_seed20264858,5,1219845a11f1a101,11.793,15.8481,220,386,13.643955227063644,0.0185686000004352,0.0185990000009041,0.0072308500002691,734.7864258341428
nw_retrain_0143_none_easy_seed20264858,5,b178b4b9930a2f9c,13.5936,25.0909,220,386,16.52405428201054,0.0183668500012572,0.0185819000007541,0.0066879000005428,899.6672962908434
nw_retrain_0143_none_easy_seed20264858,6,148bba12d8fae7a5,16.1751,45.3421,220,409,21.47076301329765,0.0183028499995998,0.0181635999988429,0.006862799999908,1173.0830451960826
nw_retrain_0143_none_easy_seed20264858,6,38a91f8f6b67644b,23.7157,39.8107,220,410,28.365331391653424,0.0190254999997705,0.0187972499998068,0.0076902499995412,1490.9112187325215
nw_retrain_0143_none_easy_seed20264858,7,127a2bf762745e92,8.8735,20.9007,220,410,11.314566116082629,0.020836199999394,0.0211177000001043,0.0096880999999484,543.0244534229706
nw_retrain_0143_none_easy_seed20264858,7,6bd6092ea1dea471,7.6499,18.9546,219,377,9.863674266120263,0.0194513500000539,0.0192494499988242,0.0079273499995906,507.0945855219782
nw_retrain_0143_none_easy_seed20264858,8,6a95489cb8c0a039,7.5984,14.1902,219,365,9.255723266705695,0.0203356500005611,0.0204877500000293,0.0089792000007946,455.14764792127676
nw_retrain_0143_none_easy_seed20264858,8,ec7822662cb7264b,9.1371,15.2725,201,341,10.920828882662876,0.0215429999998377,0.0215083500006585,0.0101465500001722,506.93166609781144
nw_retrain_0156_crossing_easy_seed20266132,1,f22e1d59d45b365e,41.0634,82.74145,220,410,50.72706437442503,0.0137096000003111,0.013428924999971,0.00237470000001845,3700.112649039645
nw_retrain_0156_crossing_easy_seed20266132,2,551c25aa0213e2a6,30.6361,50.8436,220,410,36.57430250899055,0.0213434499992217,0.0210025000005771,0.0096514000006209,1713.6078052200676
nw_retrain_0156_crossing_easy_seed20266132,2,6aaa2269eff9e444,28.3554,135.3078,220,410,44.15847290290206,0.0267031499997756,0.0258464999988063,0.0141787000002295,1653.6802925225356
nw_retrain_0156_crossing_easy_seed20266132,3,8bb2606ca3765f5c,60.7013,64.6982,220,410,68.25762987371415,0.0340136500008156,0.0339873000002626,0.0224346000004516,2006.7716893681636
nw_retrain_0156_crossing_easy_seed20266132,3,a6a68a6fe32e985d,35.263,65.2365,220,410,42.88219982018901,0.0356601999983468,0.0351307499977338,0.0240537499985293,1202.5226953908566
nw_retrain_0156_crossing_easy_seed20266132,4,47790abca2906028,28.6529,56.4481,220,410,35.24567173622146,0.0315929000007599,0.0316668000004938,0.0203011499997955,1115.6200201745867
nw_retrain_0156_crossing_easy_seed20266132,4,c813719562a28a6d,30.7903,52.3191,220,410,36.90083133311031,0.0304182999998374,0.0305664999987129,0.0189787499994054,1213.112873937977
nw_retrain_0156_crossing_easy_seed20266132,5,3ed6b2f252a26e52,24.1665,45.3967,220,410,29.468539938947895,0.0322287499993763,0.0318809000009423,0.0209700499999598,914.3556588300254
nw_retrain_0156_crossing_easy_seed20266132,5,d4dbbda5f072a2c7,56.6395,162.2403,220,410,75.58811411307184,0.0349734499995975,0.0348490999995192,0.0237062999995032,2161.2999036109322
nw_retrain_0156_crossing_easy_seed20266132,6,0e7db41a383f80cf,28.6056,54.2825,220,410,34.94544371079702,0.0406986500001949,0.0402190000004338,0.0290193000000726,858.638891231765
nw_retrain_0156_crossing_easy_seed20266132,6,e26729de364a2d01,68.6864,54.2947,220,401,75.02766859161997,0.0372315499980686,0.0374023499989562,0.0259032499989189,2015.163714524699
nw_retrain_0156_crossing_easy_seed20266132,7,4b998f429efe854f,21.3026,38.6936,220,410,25.82176136154554,0.0361459999994622,0.0360296500002732,0.0245836499998404,714.3739656374075
nw_retrain_0156_crossing_easy_seed20266132,7,55c83ee8082ad8a0,30.356,60.2335,220,410,37.390881889269885,0.0500222499995288,0.0503324999990582,0.038649749999422,747.4850069643429
nw_retrain_0156_crossing_easy_seed20266132,8,3abae7da19213a41,16.5585,33.3223,220,410,20.450328380864764,0.0352062499996463,0.0354952500001672,0.0239290500003335,580.8721002966865
nw_retrain_0156_crossing_easy_seed20266132,8,69a83cda715d566d,17.5873,31.2933,220,398,21.24215434891695,0.0359628500018516,0.035802850001346,0.0245516500008307,590.6693809812979
nw_retrain_0310_approximately_parallel_moderate_seed20281224,1,1f36db302e2e2901,23.99185,48.294349999999994,220,410,29.63231665342477,0.01348752500007315,0.0131823750002695,0.00211190000027265,2197.016624863647
nw_retrain_0310_approximately_parallel_moderate_seed20281224,2,5a86169bc70d22fc,24.9169,50.0214,220,410,30.759074885004598,0.0192339499999434,0.0191317000007984,0.0080714000005173,1599.2073851234466
nw_retrain_0310_approximately_parallel_moderate_seed20281224,2,bfb8dac462df3049,22.8365,44.9556,220,410,28.08702232165259,0.0155395500005397,0.0151852000008148,0.0038651000004392,1807.4540331397698
nw_retrain_0310_approximately_parallel_moderate_seed20281224,3,8de0544bca5a258d,26.2026,51.0759,220,410,32.167933641381616,0.025837949999186,0.0254840999996304,0.0144049499995162,1244.9878431684804
nw_retrain_0310_approximately_parallel_moderate_seed20281224,3,8f6d6e6b1a252494,28.3463,55.6847,220,410,34.84991157062808,0.0276117499988686,0.027674649999426,0.0164348499993138,1262.1406311463802
nw_retrain_0310_approximately_parallel_moderate_seed20281224,4,05708eb699978ac2,28.2655,52.4129,220,410,34.38698656435561,0.0347865500007174,0.0344703499995375,0.0234083499999542,988.5138527288982
nw_retrain_0310_approximately_parallel_moderate_seed20281224,4,db95252783bc525b,28.3677,50.8447,220,410,34.306030981851634,0.0325251499998557,0.0321606500001507,0.0210742999997819,1054.7539667612243
nw_retrain_0310_approximately_parallel_moderate_seed20281224,5,27fa1863ebb220d2,32.6354,62.1973,220,410,39.89964098436062,0.0439855000004172,0.0438537000009091,0.0320851000005859,907.1089559964574
nw_retrain_0310_approximately_parallel_moderate_seed20281224,5,b66446b9d95e9e22,25.8269,50.1892,220,410,31.68867283599565,0.0335426000001461,0.0334950500000559,0.0220219000002543,944.7291753131132
nw_retrain_0310_approximately_parallel_moderate_seed20281224,6,db4fe7830a424d05,28.5017,53.5548,220,410,34.75655307351342,0.042480300000534,0.0430794500007323,0.0313432000002649,818.1804995039233
nw_retrain_0310_approximately_parallel_moderate_seed20281224,6,e5234590d7df90d7,28.4874,57.0637,220,410,35.15206982102534,0.0479394000012689,0.0481786500004091,0.0364896000010048,733.2605293369318
nw_retrain_0310_approximately_parallel_moderate_seed20281224,7,014c2ec1f3a8bc6b,27.375,49.6926,220,405,33.17877317889103,0.0455247500012774,0.0456162000009499,0.0340646500008006,728.8073669368871
nw_retrain_0310_approximately_parallel_moderate_seed20281224,7,be00558afb968233,28.1462,53.2865,220,410,34.36971737475955,0.0466581000000587,0.0459922499994718,0.0349248499996974,736.6291678125838
nw_retrain_0310_approximately_parallel_moderate_seed20281224,8,d4df3b4ec0cfc594,19.2503,37.6722,219,387,23.650168470352092,0.0478965499996775,0.046251449999545,0.0344189499992353,493.7760333575453
nw_retrain_0310_approximately_parallel_moderate_seed20281224,8,f3ef937539c39b9f,21.4848,38.4272,219,371,25.972847570460818,0.0451425999999628,0.0445373499997003,0.0334444500003883,575.3511665363143
nw_retrain_0314_vertically_overlapping_moderate_seed20281747,1,146db52d49bfa8b0,17.31175,32.3822,220,410,21.093780802040644,0.013338924999061402,0.01305172499951365,0.00180042499960105,1581.3703730641648
nw_retrain_0314_vertically_overlapping_moderate_seed20281747,2,29cfc7dd60cc1772,19.8917,38.2286,220,410,24.35655237935937,0.0228059499995652,0.0232062499981111,0.0115298499995333,1067.9911330079972
nw_retrain_0314_vertically_overlapping_moderate_seed20281747,2,d5c1d95e5e535c85,18.7782,35.2754,220,410,22.898137785397672,0.0206936499998846,0.0207199499991475,0.009382899999764,1106.5296738625311
nw_retrain_0314_vertically_overlapping_moderate_seed20281747,3,cebd74f03d684477,23.6859,44.6789,220,410,28.904105557414066,0.0256174000005557,0.025861299999633,0.0142538999998578,1128.2997320878414
nw_retrain_0314_vertically_overlapping_moderate_seed20281747,3,fb9b882737e81288,22.9859,35.7395,220,410,27.160041653424774,0.0202898499992443,0.0195393999993029,0.0084155999993527,1338.6023876192457
nw_retrain_0314_vertically_overlapping_moderate_seed20281747,4,4162cb79689d217c,18.7126,34.6964,220,410,22.76491434306264,0.0236147499999788,0.0230111500004568,0.0113620500005708,964.0125067207181
nw_retrain_0314_vertically_overlapping_moderate_seed20281747,4,7a5e4ec8c9b909cd,18.3918,40.695,220,410,23.144711892615206,0.0232976499992219,0.023426050001035,0.0120403499995518,993.4354706757205
nw_retrain_0314_vertically_overlapping_moderate_seed20281747,5,54dc652413a368dc,18.0348,37.5309,220,410,22.418165547378106,0.0231351999991602,0.0233211499999015,0.0119536499996684,969.0067753117274
nw_retrain_0314_vertically_overlapping_moderate_seed20281747,5,8bc407ee85c02d0a,17.7158,34.2148,220,410,21.711866588609183,0.0228904999994483,0.0242918499989173,0.0116254499998831,948.5099315931271
nw_retrain_0314_vertically_overlapping_moderate_seed20281747,6,d234530eb0f44050,20.2789,41.9292,220,410,25.1759584427532,0.0310299499997199,0.0310453000001871,0.0196071499995014,811.3438288808218
nw_retrain_0314_vertically_overlapping_moderate_seed20281747,6,df7fe2bc9592477b,21.8989,43.403,220,410,26.96808871790583,0.0334464999996271,0.0338558000003104,0.0223501000000396,806.3052552047748
nw_retrain_0314_vertically_overlapping_moderate_seed20281747,7,03a5cc6ef0984b10,19.7284,38.7164,220,410,24.25022425357531,0.0378450500002145,0.0381782000013117,0.0263493500006006,640.7766472349189
nw_retrain_0314_vertically_overlapping_moderate_seed20281747,7,4710892f7754db29,20.7785,38.9317,219,406,25.325469896295058,0.0363067999996928,0.0359940000007554,0.0245034500003384,697.5406782340867
nw_retrain_0314_vertically_overlapping_moderate_seed20281747,8,1cbc3fa20973f0bc,21.7943,43.4553,219,365,26.869597018482896,0.0403747999998813,0.0396364499993069,0.0283278999995673,665.5041515638936
nw_retrain_0314_vertically_overlapping_moderate_seed20281747,8,f9934f991cbda0ba,17.4773,33.385,193,333,21.37645133394664,0.037536849999924,0.0366772499992293,0.0252941999997347,569.4790941165793
nw_retrain_0359_vertically_overlapping_moderate_seed20286026,1,e591846f01a90a88,22.0309,42.24655,220,410,26.96502286317638,0.01552544999958625,0.01633984999989475,0.00327762500000965,1736.827136340331
nw_retrain_0359_vertically_overlapping_moderate_seed20286026,2,3c2edb7f20924340,24.3428,38.3818,220,410,28.825545145103288,0.0198176500007321,0.0209557500011214,0.008164900000338,1454.5390166865607
nw_retrain_0359_vertically_overlapping_moderate_seed20286026,2,ac7e847c64d238dd,23.1029,44.6101,220,410,28.313070163920717,0.0192086000006384,0.0196767500001442,0.0078322500003196,1473.9788512947187
nw_retrain_0359_vertically_overlapping_moderate_seed20286026,3,6df3c6dd1a94e96b,24.5145,53.1854,220,410,30.726209550890694,0.02332215000024,0.0232171500001641,0.0120232999997824,1317.468996236389
nw_retrain_0359_vertically_overlapping_moderate_seed20286026,3,88a4a3b490ff73f7,22.4615,49.656,220,410,28.26099853642218,0.0224227500002598,0.0230830000000423,0.0112944000002244,1260.3716553988575
nw_retrain_0359_vertically_overlapping_moderate_seed20286026,4,874d017f5de9caf9,27.9125,54.2709,220,410,34.250988906080124,0.024968450000415,0.0246954499998537,0.0133962999998402,1371.7707308828076
nw_retrain_0359_vertically_overlapping_moderate_seed20286026,4,bc9b6af4f8c079dd,30.6112,44.5904,220,410,35.819069331772184,0.0248120500000368,0.0249494999998205,0.0134738500000821,1443.6158774353212
nw_retrain_0359_vertically_overlapping_moderate_seed20286026,5,841ec43293cc2fbe,21.8298,37.7875,220,410,26.243134762064063,0.0287787000006574,0.0294189000014739,0.0171433500008788,911.8943788796779
nw_retrain_0359_vertically_overlapping_moderate_seed20286026,5,ac1a9119d8c8a72d,19.7135,43.2224,220,410,24.76159580998578,0.0297087000008104,0.0295065000009344,0.0183625500003472,833.4796140292348
nw_retrain_0359_vertically_overlapping_moderate_seed20286026,6,2b983a4e312fce37,25.5788,45.8693,220,409,30.936036551810655,0.0390590500010148,0.0388058500011538,0.0274931000012657,792.0324880151182
nw_retrain_0359_vertically_overlapping_moderate_seed20286026,6,e34500abbe61b364,18.4688,36.1844,220,410,22.69490308605838,0.0287320999996154,0.0287401999994472,0.0174053999999159,789.8797194205146
nw_retrain_0359_vertically_overlapping_moderate_seed20286026,7,160a359b9ba40ec9,18.583,34.982,209,349,22.668670569540854,0.0312214499990659,0.0321697000008498,0.0201196500001969,726.0607873823626
nw_retrain_0359_vertically_overlapping_moderate_seed20286026,7,95e666676cc8cd37,26.7142,54.9844,220,409,33.13602107552062,0.0448803500003123,0.0449922000007063,0.0337993500006632,738.3191324330145
nw_retrain_0359_vertically_overlapping_moderate_seed20286026,8,ae28d56d4fc9b891,31.2184,53.3057,219,398,37.444159810153046,0.0482400500004587,0.0475878499992177,0.0364485500003866,776.2048300073694
nw_retrain_0359_vertically_overlapping_moderate_seed20286026,8,f3343bb57c6cb769,24.7672,48.7428,219,378,30.460042703019152,0.0455253499994796,0.0450991000006979,0.0339670499997737,669.0787155588554
nw_retrain_0385_crossing_hard_seed20288574,1,060fe03506f9729c,20.938650000000003,39.28025,220,410,25.526328274232668,0.016418700000031053,0.016389074999551598,0.00510459999986775,1554.710681977525
nw_retrain_0385_crossing_hard_seed20288574,2,0a9f862be38bd6ea,21.5039,44.0301,220,410,26.646329928075605,0.0204139000006762,0.0201362500001778,0.0087017000005289,1305.3032456900914
nw_retrain_0385_crossing_hard_seed20288574,2,9e4706fd268fe5cd,21.8206,48.2173,220,410,27.452067713473276,0.0255945499993686,0.0239288500006296,0.01240665000023,1072.5747361899507
nw_retrain_0385_crossing_hard_seed20288574,3,3e7bea7e7c29f8b7,24.1437,44.5886,220,410,29.351359103454044,0.0242779999998674,0.0255749500001911,0.012643900000512,1208.9694004289627
nw_retrain_0385_crossing_hard_seed20288574,3,ccabe8de34de06f2,22.1136,43.0179,220,410,27.137811537174876,0.0218613499991988,0.0218726500006596,0.0104835500005719,1241.3602791304954
nw_retrain_0385_crossing_hard_seed20288574,4,12d68164d632775b,25.2862,42.43,220,410,30.24174863260015,0.0276623500003552,0.027749350000704,0.0160131499997078,1093.245824458581
nw_retrain_0385_crossing_hard_seed20288574,4,fb20bfcf78d7c898,18.7177,31.3661,220,410,22.381056916450614,0.0245742499992047,0.0244102999995448,0.0130001999996238,910.752389886769
nw_retrain_0385_crossing_hard_seed20288574,5,7ceaf3cf0ea1aa23,16.484,31.0841,220,410,20.114421146608684,0.0272911499996553,0.0268231000000014,0.015798449999238,737.0309110045835
nw_retrain_0385_crossing_hard_seed20288574,5,c2c03248927fb1a1,18.195,37.4252,220,410,22.566020473362883,0.0309546000025875,0.0306457000006048,0.0196578000013687,729.0037820381006
nw_retrain_0385_crossing_hard_seed20288574,6,305cc4f491cfe7da,17.4533,39.2307,220,410,22.035191155808313,0.0310316499999316,0.0296742999998969,0.018659999999727,710.0876413550966
nw_retrain_0385_crossing_hard_seed20288574,6,82bbbf696efd536b,21.4315,41.7401,220,410,26.306472789997493,0.0336770000003525,0.0354287000000113,0.0222204000001511,781.140623859671
nw_retrain_0385_crossing_hard_seed20288574,7,5d36cd600fcce415,20.6876,44.4365,219,371,25.877494810571214,0.0346982500004742,0.034496800000852,0.0233870000001843,745.786741700736
nw_retrain_0385_crossing_hard_seed20288574,7,973ede66cb98dbe3,22.0618,39.05,213,353,26.62258656853726,0.0361618000015369,0.036037199999555,0.024788850000732,736.2074500551903
nw_retrain_0385_crossing_hard_seed20288574,8,4bf6f8c0ad43269a,24.6204,62.4698,220,407,31.91646721585682,0.0400997500000812,0.0396444500001962,0.0284515499997723,795.9268378429339
nw_retrain_0385_crossing_hard_seed20288574,8,ad7ce4655d660a35,20.1524,33.8011,197,337,24.100149113490005,0.0328954499991596,0.0325949500002025,0.0212928499995541,732.6286496796884
