scenario_uid,step,cand_idx,params_sha256,feature_time_s,infer_m0_s,infer_m1_s,surrogate_m0_total_s,surrogate_m1_total_s
nw_dual_val_001,1,2,8bfd45f8ef20b307,0.00392915000065841,0.011595549999583454,0.011160349999954633,0.015524700000241864,0.015089500000613043
nw_dual_val_001,1,2,8bfd45f8ef20b307,0.0039588999998159125,0.011629449999418284,0.011353949999829638,0.015588349999234197,0.01531284999964555
nw_dual_val_001,2,1,ced9055a0f757f14,0.007674849999602884,0.011172750000696396,0.011269999999967695,0.01884760000029928,0.01894484999957058
nw_dual_val_001,2,0,13acbb4d7b32e138,0.006668750000244472,0.01269030000003113,0.01199220000034984,0.0193590500002756,0.018660950000594312
nw_dual_val_001,3,7,0392d7e49f1408fe,0.00608620000002702,0.010989250000420725,0.012651850000111153,0.017075450000447745,0.018738050000138173
nw_dual_val_001,3,3,b1f88569e01359a2,0.006669850000434963,0.012030599999889091,0.01186374999997497,0.018700450000324054,0.018533600000409933
nw_dual_val_001,4,3,a075455894d5adb6,0.013432350000584847,0.012498400000367837,0.012671450000198092,0.025930750000952685,0.02610380000078294
nw_dual_val_001,4,14,95fb2f0e564696c7,0.010127299999112438,0.011472400000457128,0.012161299999206676,0.021599699999569566,0.022288599998319114
nw_dual_val_001,5,13,1807887cd476bf9f,0.012943449999511358,0.011142350000227452,0.01116355000067415,0.02408579999973881,0.024107000000185508
nw_dual_val_001,5,3,6dbb797ce5f5e4b5,0.01431730000058451,0.011257450000812241,0.011543349999556085,0.02557475000139675,0.025860650000140595
nw_dual_val_001,6,10,a5fc036e2fdf63cd,0.014836049998848466,0.011139600000205974,0.012386800000967924,0.02597564999905444,0.02722284999981639
nw_dual_val_001,6,6,5abd0686ec4481f3,0.012671850000515406,0.011218599999665457,0.010869349999666156,0.023890450000180863,0.02354120000018156
nw_dual_val_001,7,4,422615a0de867a62,0.01364969999940513,0.011275150000983558,0.011211699999876146,0.024924850000388687,0.024861399999281275
nw_dual_val_001,7,11,708c7226380c8cb9,0.01330225000037899,0.01111399999990681,0.010960200000226905,0.0244162500002858,0.024262450000605895
nw_dual_val_001,8,1,2bbdc9132fcd7aba,0.02117199999975128,0.011532650000845024,0.013629899999614281,0.0327046500005963,0.03480189999936556
nw_dual_val_001,8,4,2d68e3c01343442b,0.020827499999541033,0.011096899999756715,0.011400500000490865,0.03192439999929775,0.0322280000000319
nw_dual_val_007,1,0,b2c96c5b68ae9646,0.002952799999548006,0.012205499999254243,0.01134254999942641,0.01515829999880225,0.014295349998974416
nw_dual_val_007,1,0,b2c96c5b68ae9646,0.002950399999463116,0.011152349999974831,0.01192429999991873,0.014102749999437947,0.014874699999381846
nw_dual_val_007,2,5,cafadab1e4c39ee8,0.006424599999263592,0.01152624999940599,0.01132065000001603,0.017950849998669582,0.017745249999279622
nw_dual_val_007,2,12,91eb1677fd70eed5,0.004751149999719928,0.011540299999978743,0.011679950000143435,0.01629144999969867,0.016431099999863363
nw_dual_val_007,3,4,825d048f6ee4f6ee,0.008464849999654689,0.011266749999776948,0.011104600000180653,0.019731599999431637,0.019569449999835342
nw_dual_val_007,3,8,982204c2541d34e9,0.006375450000632554,0.01106565000009141,0.01102919999993901,0.017441100000723964,0.017404650000571564
nw_dual_val_007,4,2,1b120a60234a5602,0.008518349999576458,0.011211400000320282,0.01128549999975803,0.01972974999989674,0.01980384999933449
nw_dual_val_007,4,15,d1f3419ae61669c1,0.011153649998959736,0.011614349999945262,0.011029600000256323,0.022767999998904997,0.02218324999921606
nw_dual_val_007,5,4,b212d138a23c8e12,0.013304499999321706,0.011818400000265683,0.011454550000053132,0.02512289999958739,0.024759049999374838
nw_dual_val_007,5,7,89d3994cd619dee9,0.015272450000338722,0.011021899999832385,0.011022499999853608,0.026294350000171107,0.02629495000019233
nw_dual_val_007,6,10,ec771efb8e140e8c,0.012137749999965308,0.011252100001001963,0.011522449999574746,0.02338985000096727,0.023660199999540055
nw_dual_val_007,6,12,6a527adc6affec75,0.014457999999649473,0.011881250001351873,0.011332700000821205,0.026339250001001346,0.02579070000047068
nw_dual_val_007,7,6,ad5ef4fb1a708e05,0.0143101999992723,0.011254500000177359,0.011326650000228256,0.025564699999449658,0.025636849999500555
nw_dual_val_007,7,8,872389dba48c1800,0.013323799999852781,0.013435100000606326,0.011701950000315264,0.026758900000459107,0.025025750000168046
nw_dual_val_007,8,15,3e34e65dfc284b6b,0.014956949999032076,0.011198700000022654,0.011019949999536038,0.02615564999905473,0.025976899998568115
nw_dual_val_007,8,13,0431ae0d06883a5a,0.015444049999132403,0.012992400000257476,0.011495900000227266,0.02843644999938988,0.02693994999935967
nw_dual_val_011,1,1,10d6e2c6550f525d,0.0013322999993761186,0.011272449999523815,0.01086715000019467,0.012604749998899933,0.012199449999570788
nw_dual_val_011,1,1,10d6e2c6550f525d,0.0008022499996513943,0.011190099999112135,0.01143459999912011,0.01199234999876353,0.012236849998771504
nw_dual_val_011,2,4,5f66431b1bce0d41,0.006468700000368699,0.010876199999984237,0.011353249999046966,0.017344900000352936,0.017821949999415665
nw_dual_val_011,2,6,73fdfb763d00ea91,0.007400249999591324,0.010963000000629108,0.01225340000110009,0.018363250000220432,0.019653650000691414
nw_dual_val_011,3,12,3dcf41df119b2710,0.008449050000308489,0.011044599999877391,0.011664050000035786,0.01949365000018588,0.020113100000344275
nw_dual_val_011,3,15,50d14496c60b8518,0.008005749999938416,0.012198199999147619,0.011489699999401637,0.020203949999086035,0.019495449999340053
nw_dual_val_011,4,6,d1ca10af32118375,0.0074801999999181135,0.011692450000737153,0.012241849999554688,0.019172650000655267,0.0197220499994728
nw_dual_val_011,4,9,95efe494d70622d5,0.008436400000391586,0.011836249999760184,0.011895399999048095,0.02027265000015177,0.02033179999943968
nw_dual_val_011,5,5,97d6634de373808d,0.01022469999952591,0.011526400000548165,0.012067250001564389,0.021751100000074075,0.0222919500010903
nw_dual_val_011,5,7,964ba9566a3bf838,0.010744000000158849,0.01218305000111286,0.011201549999896088,0.02292705000127171,0.021945550000054936
nw_dual_val_011,6,15,8d46ce2b894dd76f,0.018859050000173738,0.012883049999800278,0.013395500000115135,0.031742099999974016,0.03225455000028887
nw_dual_val_011,6,6,cf351e6e2cb740ee,0.019560149999051646,0.011602799999309354,0.011718000000655593,0.031162949998361,0.03127814999970724
nw_dual_val_011,7,11,4553d6a4cda035b3,0.017094150000048103,0.01135450000037963,0.012089049999303825,0.028448650000427733,0.029183199999351928
nw_dual_val_011,7,9,3a6fd6c954445725,0.018582349999633152,0.013122699999257748,0.011534750000464555,0.0317050499988909,0.030117100000097707
nw_dual_val_011,8,5,fd398f94672fb519,0.022550249998857907,0.011838899999020214,0.011542049999661685,0.03438914999787812,0.03409229999851959
nw_dual_val_011,8,10,41b486747cf6a45e,0.019949450000240176,0.013570000000981963,0.012563350000164064,0.03351945000122214,0.03251280000040424
nw_dual_val_017,1,2,b07e90db8a908479,0.004768249999870022,0.011217299999771058,0.011852250000629283,0.01598554999964108,0.016620500000499305
nw_dual_val_017,1,2,b07e90db8a908479,0.004629049999493873,0.013061899999229354,0.011796800000411167,0.017690949998723227,0.01642584999990504
nw_dual_val_017,2,15,e9e6f6eb18a4be12,0.007737599999927625,0.011820549999356444,0.011586350000470702,0.01955814999928407,0.019323950000398327
nw_dual_val_017,2,13,96b7e626e946b5e6,0.007623350000358187,0.011398800001188647,0.012160500000391039,0.019022150001546834,0.019783850000749226
nw_dual_val_017,3,1,2fad9a4290502cd4,0.005086400000436697,0.0118591499995091,0.013012749999688822,0.016945549999945797,0.01809915000012552
nw_dual_val_017,3,15,1fe551a02ed48817,0.008878249999725085,0.012454899999283953,0.011359650000485999,0.021333149999009038,0.020237900000211084
nw_dual_val_017,4,0,b57b9a7c08fa2f29,0.01107410000076925,0.011142699999254546,0.01304714999969292,0.022216800000023795,0.02412125000046217
nw_dual_val_017,4,1,63ab9a22a5c6e4e4,0.013171150000744092,0.01174914999955945,0.011366099998667778,0.02492030000030354,0.02453724999941187
nw_dual_val_017,5,4,01b219d96426fc94,0.014209349999873666,0.011449250000623579,0.011857099999360798,0.025658600000497245,0.026066449999234464
nw_dual_val_017,5,15,af6422566d74a487,0.009961749999092717,0.011899899999662011,0.011795149999670684,0.02186164999875473,0.0217568999987634
nw_dual_val_017,6,0,328b1ebe285ceca5,0.015834199999517296,0.011852249998810294,0.011154950000673125,0.02768644999832759,0.02698915000019042
nw_dual_val_017,6,1,cebc29a703631d34,0.016273549999823445,0.012488899999880232,0.01355520000015531,0.028762449999703676,0.029828749999978754
nw_dual_val_017,7,9,c59efa7351bd0c4f,0.018140150000363064,0.011634649998995883,0.01290424999933748,0.029774799999358947,0.031044399999700545
nw_dual_val_017,7,15,417f9250c896b067,0.017705499999465246,0.012106350000976818,0.011788550000346731,0.029811850000442064,0.029494049999811978
nw_dual_val_017,8,7,0bbcd2aa2a8d90d3,0.017714849999720172,0.011948800000027404,0.012598700000125973,0.029663649999747577,0.030313549999846146
nw_dual_val_017,8,2,7259a7c6a1cfdba1,0.01744550000057643,0.012372500000310538,0.011346299999786424,0.02981800000088697,0.028791800000362855
nw_dual_val_021,1,2,13c09516f41f3fd1,0.005773799999587936,0.01280395000048884,0.011113500000647036,0.018577750000076776,0.016887300000234973
nw_dual_val_021,1,2,13c09516f41f3fd1,0.005773899999439891,0.012024649999148096,0.011844750000818749,0.017798549998587987,0.01761865000025864
nw_dual_val_021,2,9,85cda8080ce0586b,0.0080929500009006,0.01278580000052898,0.012091849999706028,0.02087875000142958,0.02018480000060663
nw_dual_val_021,2,12,d8780f45e8de669f,0.006806749999668682,0.013061249998827407,0.011434049999479612,0.01986799999849609,0.018240799999148294
nw_dual_val_021,3,10,77de242668462fe3,0.00774109999929351,0.012412299999596144,0.011944699999730801,0.020153399998889654,0.01968579999902431
nw_dual_val_021,3,15,6e57114a0e551722,0.005168799999410112,0.012493899999753921,0.011763050000809017,0.017662699999164033,0.01693185000021913
nw_dual_val_021,4,12,995cc5b24a0e6e6f,0.009267100000215578,0.011212599999453232,0.011503650000122434,0.02047969999966881,0.020770750000338012
nw_dual_val_021,4,6,cf3e8b848e0ba7b7,0.008023649999813642,0.012218550000397954,0.011458200000561192,0.020242200000211596,0.019481850000374834
nw_dual_val_021,5,0,3351aaebbf06eedf,0.011544000000867527,0.012187499999527063,0.011379800000213436,0.02373150000039459,0.022923800001080963
nw_dual_val_021,5,3,5bdfc7af9f6dac58,0.013465999999425549,0.011607749999711814,0.012254350000148406,0.025073749999137362,0.025720349999573955
nw_dual_val_021,6,7,c257cd95f7f3eb1a,0.010586149999653571,0.011846449999211472,0.012512299999798415,0.022432599998865044,0.023098449999451987
nw_dual_val_021,6,3,75802c9f6ec510b4,0.012590649999765446,0.011451999999735563,0.011993799999800103,0.02404264999950101,0.02458444999956555
nw_dual_val_021,7,13,941cd06746702737,0.01209984999968583,0.011504799999784154,0.011304399999062298,0.023604649999469984,0.023404249998748128
nw_dual_val_021,7,11,2ba12f6784b90beb,0.014200500000697502,0.011598349999076163,0.011432199999944714,0.025798849999773665,0.025632700000642217
nw_dual_val_021,8,3,321efd65c76dcd30,0.01399649999984831,0.011467350000202714,0.014090449999457633,0.025463850000051025,0.028086949999305943
nw_dual_val_021,8,4,3f5a44324b81ca32,0.017717699999593606,0.012691399999312125,0.012599250000675966,0.03040909999890573,0.03031695000026957
nw_dual_val_030,1,2,e5073899a44f5fd8,0.0043875999999727355,0.012165899999672547,0.01251609999962966,0.016553499999645283,0.016903699999602395
nw_dual_val_030,1,2,e5073899a44f5fd8,0.004550050000034389,0.011154150000038499,0.0113992499991582,0.015704200000072888,0.01594929999919259
nw_dual_val_030,2,15,82e67e488e257bfe,0.007316399998671841,0.012145350000537292,0.011474699999780569,0.019461749999209133,0.01879109999845241
nw_dual_val_030,2,10,0e5ab715574d1396,0.006215100000190432,0.0117319499995574,0.012413049999850045,0.017947049999747833,0.018628150000040478
nw_dual_val_030,3,4,6933f6d99e10a424,0.007518500000514905,0.01112100000045757,0.01199579999956768,0.018639500000972475,0.019514300000082585
nw_dual_val_030,3,0,d3e16112caaf3b1b,0.011119000000689994,0.012369049999506387,0.011891199999809032,0.02348805000019638,0.023010200000499026
nw_dual_val_030,4,1,1a2bffae2dfc442f,0.018065649999698508,0.011554499998965184,0.011046850000639097,0.029620149998663692,0.029112500000337604
nw_dual_val_030,4,15,e1d1373da84481f8,0.01128060000064579,0.014316350000626699,0.01263310000013007,0.02559695000127249,0.02391370000077586
nw_dual_val_030,5,10,56417c00bfd1b0b3,0.01574259999961214,0.011800149999544374,0.012202549999528856,0.027542749999156513,0.027945149999140995
nw_dual_val_030,5,6,87146c6df6cce7a4,0.014506200000141689,0.011760100001083629,0.012157300000581017,0.026266300001225318,0.026663500000722706
nw_dual_val_030,6,4,6c81b620e284a5db,0.02500285000041913,0.012239949999639066,0.012174499999673571,0.037242800000058196,0.0371773500000927
nw_dual_val_030,6,3,8aec1be75fff08d1,0.02188914999987901,0.012164149999989604,0.015538350000497303,0.034053299999868614,0.03742750000037631
nw_dual_val_030,7,10,c382abb9e65f8aca,0.032074849999844446,0.011489200000141864,0.01164980000066862,0.04356404999998631,0.043724650000513066
nw_dual_val_030,7,7,0f97b8beb16e99c3,0.02500679999957356,0.012596250000569853,0.011863849999826925,0.03760305000014341,0.036870649999400484
nw_dual_val_030,8,7,8dcae5d8e355b778,0.02607570000054693,0.011868399999002577,0.012227500000335567,0.03794409999954951,0.0383032000008825
nw_dual_val_030,8,9,07286bfb02c39041,0.025494799999250972,0.01132459999917046,0.011855000000650762,0.03681939999842143,0.037349799999901734
nw_dual_val_034,1,3,0eeabf7debfff756,0.007694500000070548,0.011590250000153901,0.01178284999969037,0.01928475000022445,0.019477349999760918
nw_dual_val_034,1,3,0eeabf7debfff756,0.007604950000313693,0.012465249999877415,0.011758300000110466,0.020070200000191107,0.01936325000042416
nw_dual_val_034,2,11,b73e68392ae0e8b3,0.00862689999939903,0.012559249999867461,0.011547349999091239,0.02118614999926649,0.020174249998490268
nw_dual_val_034,2,14,afe4a72d4715e258,0.007136999999602267,0.01150474999940343,0.011537549999957264,0.018641749999005697,0.01867454999955953
nw_dual_val_034,3,4,6862b9ea3f562efa,0.010987250000653148,0.011742250000679633,0.011278049999418727,0.02272950000133278,0.022265300000071875
nw_dual_val_034,3,7,bc69cae685518c83,0.011706350000167731,0.01165095000033034,0.011315499999909662,0.02335730000049807,0.023021850000077393
nw_dual_val_034,4,11,ed93e28e494a38de,0.011197000000720436,0.012029200000142737,0.012083500000699132,0.023226200000863173,0.02328050000141957
nw_dual_val_034,4,6,8f48a6bc6644b921,0.014049749999685446,0.011164950000420504,0.011170050000146148,0.02521470000010595,0.025219799999831594
nw_dual_val_034,5,1,faecf1ac8d2864b9,0.016801349999695958,0.01117214999976568,0.0113317499999539,0.027973499999461637,0.028133099999649858
nw_dual_val_034,5,2,e118e02c533eafc2,0.018761649999760266,0.012077350000254228,0.011213900000257127,0.030839000000014494,0.029975550000017392
nw_dual_val_034,6,8,f9d843d505607328,0.0196111999985078,0.011355300000104762,0.011305750000246917,0.030966499998612562,0.030916949998754717
nw_dual_val_034,6,7,738b2706638968a1,0.019973500000560307,0.011258100000304694,0.011260750000474218,0.031231600000865,0.031234250001034525
nw_dual_val_034,7,13,74f8b4ced3190a8b,0.026854099999582104,0.01239125000029162,0.012300699999286735,0.039245349999873724,0.03915479999886884
nw_dual_val_034,7,15,18d160dae468b721,0.02444850000028964,0.011227549998693576,0.011545700000169745,0.03567604999898322,0.035994200000459387
nw_dual_val_034,8,14,71a0b0845b2ad8a7,0.030110950000562298,0.011479450000479119,0.012484150000091176,0.04159040000104142,0.042595100000653474
nw_dual_val_034,8,7,b8e7237918aec573,0.03236249999918073,0.012514299999565992,0.01204645000052551,0.04487679999874672,0.04440894999970624
nw_dual_val_037,1,1,8fe4375cd2be7b93,0.006858249999822874,0.011889500000506814,0.011531299999660405,0.018747750000329688,0.01838954999948328
nw_dual_val_037,1,1,8fe4375cd2be7b93,0.0067879500002163695,0.011800650000623136,0.011812550000286137,0.018588600000839506,0.018600500000502507
nw_dual_val_037,2,11,fca0d6eb7f622e23,0.009191149999423942,0.01154104999932315,0.011388549999537645,0.020732199998747092,0.020579699998961587
nw_dual_val_037,2,12,ddfaf34a5f9d57e7,0.009776599999895552,0.0125690000004397,0.011874849999003345,0.022345600000335253,0.021651449998898897
nw_dual_val_037,3,7,a487b352465e7613,0.00918684999942343,0.011237650001021393,0.01133750000008149,0.020424500000444823,0.02052434999950492
nw_dual_val_037,3,2,6d4dde82c8aa13c4,0.012672349999775179,0.01148870000088209,0.01122285000019474,0.02416105000065727,0.02389519999996992
nw_dual_val_037,4,5,68e80729739b00be,0.018550800000411982,0.011206199999833188,0.011511499999869557,0.02975700000024517,0.03006230000028154
nw_dual_val_037,4,9,6c06a74213fcf3ae,0.014719750000040221,0.011229899999307236,0.011229249999814783,0.025949649999347457,0.025948999999855005
nw_dual_val_037,5,7,f3050a81580f7604,0.022717150000062247,0.011055350000788167,0.01106779999918217,0.033772500000850414,0.03378494999924442
nw_dual_val_037,5,5,9705fd453b68aa6b,0.02373400000124093,0.011005849999492057,0.011309350000374252,0.034739850000732986,0.03504335000161518
nw_dual_val_037,6,12,702b0ccbd9c626ad,0.025856750000457396,0.011238799999773619,0.011115700000118522,0.037095550000231015,0.03697245000057592
nw_dual_val_037,6,9,6e1f402129fa40ba,0.020761599999786995,0.011606499999288644,0.011534149999533838,0.03236809999907564,0.03229574999932083
nw_dual_val_037,7,4,a6f1a2f7581e167d,0.019570350000321923,0.011715999999978521,0.011439400000199385,0.031286350000300445,0.031009750000521308
nw_dual_val_037,7,14,266c8fdb27d901a2,0.023683450000135053,0.01139465000051132,0.011322000000291155,0.03507810000064637,0.03500545000042621
nw_dual_val_037,8,8,0c0f4f029e308f16,0.020985600000130944,0.011507649999657588,0.011527200000273297,0.03249324999978853,0.03251280000040424
nw_dual_val_037,8,4,09260150ba1b8f7c,0.025179600000228675,0.011472300000605173,0.01130499999908352,0.03665190000083385,0.036484599999312195
nw_dual_val_040,1,1,1983435d8cfe5621,0.00850810000065394,0.011369700000614102,0.0116086499992889,0.019877800001268042,0.02011674999994284
nw_dual_val_040,1,1,1983435d8cfe5621,0.0074525999998513726,0.011204499999621476,0.01135840000006283,0.018657099999472848,0.018810999999914202
nw_dual_val_040,2,8,a7711cc2fbc66ce3,0.007484449999537901,0.011498800000481424,0.011373249999451218,0.018983250000019325,0.01885769999898912
nw_dual_val_040,2,14,a402d72c824f2cbd,0.009176649999972142,0.011248649999288318,0.011382149999917601,0.02042529999926046,0.020558799999889743
nw_dual_val_040,3,10,fb7519fa68f63f21,0.010522600000513194,0.011242799999308772,0.011876099999426515,0.021765399999821966,0.02239869999993971
nw_dual_val_040,3,6,80273cdc61ef54f8,0.0086751999997432,0.01156524999987596,0.012242150000020047,0.02024044999961916,0.020917349999763246
nw_dual_val_040,4,15,36fe2af3454b2839,0.011553149999599555,0.011304950000521785,0.011554599999726634,0.02285810000012134,0.023107749999326188
nw_dual_val_040,4,3,d72e4d7a9dde72c7,0.016953100000137056,0.01106084999992163,0.011555099999895901,0.028013950000058685,0.028508200000032957
nw_dual_val_040,5,1,696215cbe4f24370,0.016514949999873352,0.01204665000022942,0.011477500000182772,0.02856160000010277,0.027992450000056124
nw_dual_val_040,5,4,62159899b5525a90,0.013542400000915222,0.011291900000287569,0.01184934999946563,0.02483430000120279,0.025391750000380853
nw_dual_val_040,6,1,93ac0920131b65ed,0.022016750000148022,0.011438900000030117,0.011035699999411008,0.03345565000017814,0.03305244999955903
nw_dual_val_040,6,10,d908210c2e9a42ed,0.024193649999688205,0.01170410000031552,0.01152625000122498,0.035897750000003725,0.035719900000913185
nw_dual_val_040,7,11,77dce38cd46659c2,0.02030289999947854,0.01199945000007574,0.01186150000012276,0.03230234999955428,0.0321643999996013
nw_dual_val_040,7,6,3232a4fac2b3055a,0.029476050000084797,0.01134474999980739,0.014932300000509713,0.04082079999989219,0.04440835000059451
nw_dual_val_040,8,3,581c4808c0ae0e28,0.03216950000023644,0.011470150000604917,0.011760449999201228,0.04363965000084136,0.04392994999943767
nw_dual_val_040,8,8,66504d87acbddc30,0.025742750000063097,0.01117694999993546,0.011854549999043229,0.036919699999998556,0.037597299999106326
nw_retrain_0024_converging_hard_seed20253196,1,2,f068509d028acf56,0.00917205000132526,0.011887250000654603,0.011632050001026073,0.021059300001979864,0.020804100002351333
nw_retrain_0024_converging_hard_seed20253196,1,2,f068509d028acf56,0.009047699999428005,0.011247700000240002,0.012164349999693513,0.020295399999668007,0.02121204999912152
nw_retrain_0024_converging_hard_seed20253196,2,9,a62b12d3a9cd7800,0.008108099998935359,0.012318549999690731,0.011240449999604607,0.02042664999862609,0.019348549998539966
nw_retrain_0024_converging_hard_seed20253196,2,8,e3d2d1ccc7ae0470,0.008759999999710999,0.011322649999783607,0.011123700000098324,0.020082649999494606,0.019883699999809323
nw_retrain_0024_converging_hard_seed20253196,3,6,e59189066c430b84,0.010556899999755842,0.011687649999657879,0.011031050000383402,0.02224454999941372,0.021587950000139244
nw_retrain_0024_converging_hard_seed20253196,3,0,ca30744b53ca536f,0.01243724999949336,0.011548849999599042,0.011539449999872886,0.023986099999092403,0.023976699999366247
nw_retrain_0024_converging_hard_seed20253196,4,13,e363238914b7de19,0.023512099999607017,0.011594799999329553,0.011235949999900186,0.03510689999893657,0.0347480499995072
nw_retrain_0024_converging_hard_seed20253196,4,10,5d8e77ed0093812e,0.017135800000687595,0.012241200000062236,0.011578349999581405,0.02937700000074983,0.028714150000269
nw_retrain_0024_converging_hard_seed20253196,5,1,79a82efbe842f84e,0.02030749999994441,0.011555799999769079,0.011239999999816064,0.03186329999971349,0.031547499999760475
nw_retrain_0024_converging_hard_seed20253196,5,5,3f37f33ad7838062,0.0372766499995123,0.011180749998857209,0.01117549999980838,0.04845739999836951,0.04845214999932068
nw_retrain_0024_converging_hard_seed20253196,6,1,adac450ed18bded3,0.03432974999941507,0.011292900000626105,0.011657650000415742,0.045622650000041176,0.045987399999830814
nw_retrain_0024_converging_hard_seed20253196,6,9,20b2a37a204b8596,0.03297240000028978,0.011250749999817344,0.011984600000687351,0.044223150000107125,0.04495700000097713
nw_retrain_0024_converging_hard_seed20253196,7,2,d7c6101665975693,0.042630949999875156,0.0120876999990287,0.011354850000316219,0.05471864999890386,0.053985800000191375
nw_retrain_0024_converging_hard_seed20253196,7,11,8d2c5c302f15fefa,0.0353881499995623,0.011012049999408191,0.011261650000051304,0.04640019999897049,0.046649799999613606
nw_retrain_0024_converging_hard_seed20253196,8,2,8377da2cb120efb3,0.03730734999953711,0.011916849999579426,0.01122980000127427,0.049224199999116536,0.04853715000081138
nw_retrain_0024_converging_hard_seed20253196,8,11,36271775eb17977c,0.03235165000023699,0.011286600000858016,0.011049199999433768,0.043638250001095,0.043400849999670754
nw_retrain_0077_none_easy_seed20258521,1,2,ce074dbca56841c9,0.0009339999996882398,0.011194550000254821,0.011310200001389603,0.012128549999943061,0.012244200001077843
nw_retrain_0077_none_easy_seed20258521,1,2,ce074dbca56841c9,0.00141775000065536,0.010995700000421493,0.011736900000869355,0.012413450001076853,0.013154650001524715
nw_retrain_0077_none_easy_seed20258521,2,10,d2146c4a9716de6a,0.005485749999934342,0.01286179999988235,0.012115149999772257,0.018347549999816692,0.0176008999997066
nw_retrain_0077_none_easy_seed20258521,2,13,631349bf61d23133,0.006910500001140463,0.011866649999319634,0.011401249999835272,0.018777150000460097,0.018311750000975735
nw_retrain_0077_none_easy_seed20258521,3,7,560904d53fb4b86a,0.007896550000623392,0.011222599999200611,0.011437449998993543,0.019119149999824003,0.019333999999616935
nw_retrain_0077_none_easy_seed20258521,3,9,39866d32bcde962d,0.0066067500001736335,0.011816349999207887,0.011618849999649683,0.01842309999938152,0.018225599999823316
nw_retrain_0077_none_easy_seed20258521,4,7,a18e0485925bb78c,0.008857049999278388,0.011810050000349293,0.011783549999563547,0.02066709999962768,0.020640599998841935
nw_retrain_0077_none_easy_seed20258521,4,15,7d84638ed265e949,0.007155800000873569,0.011426000000938075,0.011414000000513624,0.018581800001811644,0.018569800001387193
nw_retrain_0077_none_easy_seed20258521,5,11,29c95812d41bf12d,0.01162064999971335,0.011194199999408738,0.01149630000054458,0.02281484999912209,0.02311695000025793
nw_retrain_0077_none_easy_seed20258521,5,10,94f0abdddddb2dd4,0.012880750000476837,0.011630450000666315,0.011580549999052892,0.024511200001143152,0.02446129999952973
nw_retrain_0077_none_easy_seed20258521,6,5,eddc5c2ceb7269cc,0.009789899999304907,0.011057349999646249,0.01121659999989788,0.020847249998951156,0.021006499999202788
nw_retrain_0077_none_easy_seed20258521,6,11,16d7bc925acc2d58,0.015406350000375824,0.011141600000883045,0.011782399998992332,0.02654795000125887,0.027188749999368156
nw_retrain_0077_none_easy_seed20258521,7,10,27cee85467d19085,0.011219050000363495,0.01155809999909252,0.01126049999948009,0.022777149999456014,0.022479549999843584
nw_retrain_0077_none_easy_seed20258521,7,9,896ca09b55a29f42,0.01230924999981653,0.0114576500000112,0.011368550000042887,0.02376689999982773,0.023677799999859417
nw_retrain_0077_none_easy_seed20258521,8,6,82889ceae8574ace,0.012788449999789009,0.011368499999662163,0.01177309999911813,0.02415694999945117,0.02456154999890714
nw_retrain_0077_none_easy_seed20258521,8,10,6de5270cc751ff2b,0.011686000000736385,0.011111900000287278,0.011198500000318745,0.022797900001023663,0.02288450000105513
nw_retrain_0086_vertically_overlapping_hard_seed20259272,1,3,f386e5305eb8d6b0,0.0034295499999643653,0.011043399999834946,0.011026700000002165,0.014472949999799312,0.01445624999996653
nw_retrain_0086_vertically_overlapping_hard_seed20259272,1,3,f386e5305eb8d6b0,0.0032430000001113513,0.011688549999234965,0.012429599999450147,0.014931549999346316,0.0156725999995615
nw_retrain_0086_vertically_overlapping_hard_seed20259272,2,7,cb601d6f5a58a204,0.00828189999992901,0.011058999999477237,0.01117410000097152,0.019340899999406247,0.01945600000090053
nw_retrain_0086_vertically_overlapping_hard_seed20259272,2,14,ea2ac48404d70d41,0.00830374999986816,0.010882349998610152,0.01124474999960512,0.019186099998478312,0.01954849999947328
nw_retrain_0086_vertically_overlapping_hard_seed20259272,3,3,f4fef43e57075a7a,0.010554099999353639,0.011392799999157432,0.011079800000516116,0.02194689999851107,0.021633899999869755
nw_retrain_0086_vertically_overlapping_hard_seed20259272,3,8,4bc973d1f5a70ee8,0.00850085000092804,0.011304250000648608,0.011258900000029826,0.019805100001576648,0.019759750000957865
nw_retrain_0086_vertically_overlapping_hard_seed20259272,4,9,1cb80079c4b60194,0.013565700000071956,0.011211199999706878,0.011303100000077393,0.024776899999778834,0.02486880000014935
nw_retrain_0086_vertically_overlapping_hard_seed20259272,4,4,f94b8ea4d4b07aa0,0.010909150000770751,0.012792199999239529,0.011977549999755865,0.02370135000001028,0.022886700000526616
nw_retrain_0086_vertically_overlapping_hard_seed20259272,5,15,5b031503d2a96924,0.012624250000044412,0.011721649999344663,0.013358249999328109,0.024345899999389076,0.02598249999937252
nw_retrain_0086_vertically_overlapping_hard_seed20259272,5,3,ad56cdfa711095cf,0.017669199999545526,0.011911700000382552,0.01782574999924691,0.02958089999992808,0.035494949998792436
nw_retrain_0086_vertically_overlapping_hard_seed20259272,6,13,1d985df714be4f23,0.016982899999675283,0.011317550000967458,0.01199704999999085,0.02830045000064274,0.028979949999666132
nw_retrain_0086_vertically_overlapping_hard_seed20259272,6,7,180c8aef2436636d,0.014256500000556116,0.011801700000432902,0.011451600000327744,0.026058200000989018,0.02570810000088386
nw_retrain_0086_vertically_overlapping_hard_seed20259272,7,12,344da4b30be574bd,0.018404649999865796,0.011539699999048025,0.011463600000752194,0.029944349998913822,0.02986825000061799
nw_retrain_0086_vertically_overlapping_hard_seed20259272,7,13,8934f3367c1e8c17,0.02017219999925146,0.011344649999955436,0.012077599999429367,0.0315168499992069,0.03224979999868083
nw_retrain_0086_vertically_overlapping_hard_seed20259272,8,10,39726a0cbec2920b,0.020309350000388804,0.011784399999669404,0.011233000000174798,0.03209375000005821,0.0315423500005636
nw_retrain_0086_vertically_overlapping_hard_seed20259272,8,5,e4d4917d9829d922,0.01777314999981172,0.011538699999618984,0.011053600000195729,0.029311849999430706,0.02882675000000745
nw_retrain_0143_none_easy_seed20264858,1,1,801b2be5d9f6a2c3,0.001673300000220479,0.011220000000321306,0.011367200000677258,0.012893300000541785,0.013040500000897737
nw_retrain_0143_none_easy_seed20264858,1,1,801b2be5d9f6a2c3,0.0016639499999655527,0.01130875000035303,0.011272400000052585,0.012972700000318582,0.012936350000018138
nw_retrain_0143_none_easy_seed20264858,2,6,eb522d1e5668509e,0.002837600000020757,0.011450750000221888,0.01136545000008482,0.014288350000242644,0.014203050000105577
nw_retrain_0143_none_easy_seed20264858,2,12,18a0f64b1955bdd8,0.003668350001134968,0.011255999999775668,0.011139199998979166,0.014924350000910636,0.014807550000114134
nw_retrain_0143_none_easy_seed20264858,3,3,8a9bb344f3509e81,0.008695250000528176,0.01134384999932081,0.011260599999332044,0.020039099999848986,0.01995584999986022
nw_retrain_0143_none_easy_seed20264858,3,2,d5f1e9cba1fef09c,0.007738199999039352,0.011657300000479154,0.011372500000106811,0.019395499999518506,0.019110699999146163
nw_retrain_0143_none_easy_seed20264858,4,11,df226ba05dba1809,0.007360599999628903,0.011477549999654002,0.01099030000023049,0.018838149999282905,0.018350899999859394
nw_retrain_0143_none_easy_seed20264858,4,15,869bd46b4b290a3d,0.006418699999812816,0.011137849999613536,0.011407100000724313,0.017556549999426352,0.01782580000053713
nw_retrain_0143_none_easy_seed20264858,5,13,1219845a11f1a101,0.007230850000269129,0.011368150000635069,0.011337750000166125,0.018599000000904198,0.018568600000435254
nw_retrain_0143_none_easy_seed20264858,5,7,b178b4b9930a2f9c,0.006687900000542868,0.011894000000211236,0.011678950000714394,0.018581900000754104,0.018366850001257262
nw_retrain_0143_none_easy_seed20264858,6,15,38a91f8f6b67644b,0.007690249999541265,0.011107000000265543,0.01133525000022928,0.01879724999980681,0.019025499999770545
nw_retrain_0143_none_easy_seed20264858,6,12,148bba12d8fae7a5,0.00686279999990802,0.011300799998934963,0.011440049999691837,0.018163599998842983,0.018302849999599857
nw_retrain_0143_none_easy_seed20264858,7,14,127a2bf762745e92,0.009688099999948463,0.011429600000155915,0.011148099999445549,0.021117700000104378,0.02083619999939401
nw_retrain_0143_none_easy_seed20264858,7,8,6bd6092ea1dea471,0.00792734999959066,0.011322099999233615,0.011524000000463275,0.019249449998824275,0.019451350000053935
nw_retrain_0143_none_easy_seed20264858,8,0,6a95489cb8c0a039,0.008979200000794663,0.011508549999234674,0.011356449999766483,0.020487750000029337,0.020335650000561145
nw_retrain_0143_none_easy_seed20264858,8,1,ec7822662cb7264b,0.010146550000172283,0.011361800000486255,0.011396449999665492,0.021508350000658538,0.021542999999837775
nw_retrain_0156_crossing_easy_seed20266132,1,0,f22e1d59d45b365e,0.002391800000623334,0.011168549999638344,0.011382400000002235,0.013560350000261678,0.01377420000062557
nw_retrain_0156_crossing_easy_seed20266132,1,0,f22e1d59d45b365e,0.002357599999413651,0.010939900000266789,0.011287400000583148,0.01329749999968044,0.013644999999996799
nw_retrain_0156_crossing_easy_seed20266132,2,9,551c25aa0213e2a6,0.009651400000620924,0.011351099999956205,0.01169204999860085,0.02100250000057713,0.021343449999221775
nw_retrain_0156_crossing_easy_seed20266132,2,2,6aaa2269eff9e444,0.014178700000229583,0.011667799998576811,0.01252444999954605,0.025846499998806394,0.026703149999775633
nw_retrain_0156_crossing_easy_seed20266132,3,15,8bb2606ca3765f5c,0.02243460000045161,0.011552699999811011,0.011579050000364077,0.03398730000026262,0.03401365000081569
nw_retrain_0156_crossing_easy_seed20266132,3,12,a6a68a6fe32e985d,0.024053749998529383,0.011076999999204418,0.011606449999817414,0.0351307499977338,0.0356601999983468
nw_retrain_0156_crossing_easy_seed20266132,4,13,47790abca2906028,0.020301149999795598,0.011365650000698224,0.011291750000964385,0.03166680000049382,0.03159290000075998
nw_retrain_0156_crossing_easy_seed20266132,4,5,c813719562a28a6d,0.01897874999940541,0.011587749999307562,0.011439550000432064,0.03056649999871297,0.030418299999837473
nw_retrain_0156_crossing_easy_seed20266132,5,15,3ed6b2f252a26e52,0.020970049999959883,0.010910850000982464,0.011258699999416422,0.03188090000094235,0.032228749999376305
nw_retrain_0156_crossing_easy_seed20266132,5,4,d4dbbda5f072a2c7,0.023706299999503244,0.011142800000015995,0.011267150000094261,0.03484909999951924,0.034973449999597506
nw_retrain_0156_crossing_easy_seed20266132,6,12,e26729de364a2d01,0.02590324999891891,0.011499100000037288,0.011328299999149749,0.0374023499989562,0.03723154999806866
nw_retrain_0156_crossing_easy_seed20266132,6,15,0e7db41a383f80cf,0.02901930000007269,0.01119970000036119,0.011679350000122213,0.04021900000043388,0.0406986500001949
nw_retrain_0156_crossing_easy_seed20266132,7,12,55c83ee8082ad8a0,0.038649749999422056,0.011682749999636144,0.011372500000106811,0.0503324999990582,0.05002224999952887
nw_retrain_0156_crossing_easy_seed20266132,7,7,4b998f429efe854f,0.024583649999840418,0.011446000000432832,0.011562349999621802,0.03602965000027325,0.03614599999946222
nw_retrain_0156_crossing_easy_seed20266132,8,15,69a83cda715d566d,0.024551650000830705,0.011251200000515382,0.011411200001020916,0.03580285000134609,0.03596285000185162
nw_retrain_0156_crossing_easy_seed20266132,8,9,3abae7da19213a41,0.023929050000333518,0.01156619999983377,0.01127719999931287,0.03549525000016729,0.03520624999964639
nw_retrain_0310_approximately_parallel_moderate_seed20281224,1,3,1f36db302e2e2901,0.0021075000004202593,0.01110774999960995,0.011256449999564211,0.01321525000003021,0.01336394999998447
nw_retrain_0310_approximately_parallel_moderate_seed20281224,1,3,1f36db302e2e2901,0.002116300000125193,0.011033200000383658,0.011494800000036776,0.013149500000508851,0.013611100000161969
nw_retrain_0310_approximately_parallel_moderate_seed20281224,2,8,5a86169bc70d22fc,0.008071400000517315,0.011060300000281131,0.011162549999426119,0.019131700000798446,0.019233949999943434
nw_retrain_0310_approximately_parallel_moderate_seed20281224,2,11,bfb8dac462df3049,0.00386510000043927,0.011320100000375533,0.011674450000100478,0.015185200000814802,0.015539550000539748
nw_retrain_0310_approximately_parallel_moderate_seed20281224,3,3,8f6d6e6b1a252494,0.016434849999313883,0.011239800000112155,0.011176899999554735,0.027674649999426038,0.027611749998868618
nw_retrain_0310_approximately_parallel_moderate_seed20281224,3,7,8de0544bca5a258d,0.014404949999516248,0.011079150000114169,0.011432999999669846,0.025484099999630416,0.025837949999186094
nw_retrain_0310_approximately_parallel_moderate_seed20281224,4,5,05708eb699978ac2,0.023408349999954225,0.01106199999958335,0.011378200000763172,0.034470349999537575,0.0347865500007174
nw_retrain_0310_approximately_parallel_moderate_seed20281224,4,4,db95252783bc525b,0.021074299999781942,0.011086350000368839,0.011450850000073842,0.03216065000015078,0.032525149999855785
nw_retrain_0310_approximately_parallel_moderate_seed20281224,5,7,27fa1863ebb220d2,0.03208510000058595,0.011768600000323204,0.01190039999983128,0.04385370000090916,0.04398550000041723
nw_retrain_0310_approximately_parallel_moderate_seed20281224,5,13,b66446b9d95e9e22,0.02202190000025439,0.011473149999801535,0.011520699999891804,0.033495050000055926,0.033542600000146194
nw_retrain_0310_approximately_parallel_moderate_seed20281224,6,1,db4fe7830a424d05,0.031343200000264915,0.011736250000467408,0.011137100000269129,0.04307945000073232,0.042480300000534044
nw_retrain_0310_approximately_parallel_moderate_seed20281224,6,3,e5234590d7df90d7,0.036489600001004874,0.011689049999404233,0.011449800000264077,0.04817865000040911,0.04793940000126895
nw_retrain_0310_approximately_parallel_moderate_seed20281224,7,3,be00558afb968233,0.03492484999969747,0.011067399999774352,0.011733250000361295,0.045992249999471824,0.046658100000058766
nw_retrain_0310_approximately_parallel_moderate_seed20281224,7,15,014c2ec1f3a8bc6b,0.03406465000080061,0.011551550000149291,0.011460100000476814,0.0456162000009499,0.045524750001277425
nw_retrain_0310_approximately_parallel_moderate_seed20281224,8,4,d4df3b4ec0cfc594,0.03441894999923534,0.011832500000309665,0.01347760000044218,0.046251449999545,0.04789654999967752
nw_retrain_0310_approximately_parallel_moderate_seed20281224,8,15,f3ef937539c39b9f,0.033444450000388315,0.011092899999312067,0.011698149999574525,0.04453734999970038,0.04514259999996284
nw_retrain_0314_vertically_overlapping_moderate_seed20281747,1,1,146db52d49bfa8b0,0.001803049999580253,0.011370749999514373,0.011520049999489856,0.013173799999094626,0.01332309999907011
nw_retrain_0314_vertically_overlapping_moderate_seed20281747,1,1,146db52d49bfa8b0,0.0017977999996219296,0.011131850000310806,0.011556949999430799,0.012929649999932735,0.013354749999052729
nw_retrain_0314_vertically_overlapping_moderate_seed20281747,2,13,d5c1d95e5e535c85,0.00938289999976405,0.011337049999383453,0.011310750000120606,0.020719949999147502,0.020693649999884656
nw_retrain_0314_vertically_overlapping_moderate_seed20281747,2,9,29cfc7dd60cc1772,0.011529849999533326,0.011676399998577836,0.011276100000031875,0.02320624999811116,0.0228059499995652
nw_retrain_0314_vertically_overlapping_moderate_seed20281747,3,8,cebd74f03d684477,0.014253899999857822,0.011607399999775225,0.011363500000697968,0.025861299999633047,0.02561740000055579
nw_retrain_0314_vertically_overlapping_moderate_seed20281747,3,4,fb9b882737e81288,0.008415599999352708,0.011123799999950279,0.011874249999891617,0.019539399999302987,0.020289849999244325
nw_retrain_0314_vertically_overlapping_moderate_seed20281747,4,14,4162cb79689d217c,0.011362050000570889,0.011649099999885948,0.012252699999407923,0.023011150000456837,0.023614749999978812
nw_retrain_0314_vertically_overlapping_moderate_seed20281747,4,15,7a5e4ec8c9b909cd,0.012040349999551836,0.011385700001483201,0.011257299999670067,0.023426050001035037,0.023297649999221903
nw_retrain_0314_vertically_overlapping_moderate_seed20281747,5,8,8bc407ee85c02d0a,0.01162544999988313,0.012666399999034184,0.011265049999565235,0.024291849998917314,0.022890499999448366
nw_retrain_0314_vertically_overlapping_moderate_seed20281747,5,10,54dc652413a368dc,0.011953649999668414,0.011367500000233122,0.011181549999491835,0.023321149999901536,0.02313519999916025
nw_retrain_0314_vertically_overlapping_moderate_seed20281747,6,11,d234530eb0f44050,0.019607149999501416,0.01143815000068571,0.011422800000218558,0.031045300000187126,0.031029949999719975
nw_retrain_0314_vertically_overlapping_moderate_seed20281747,6,13,df7fe2bc9592477b,0.022350100000039674,0.011505700000270735,0.011096399999587447,0.03385580000031041,0.03344649999962712
nw_retrain_0314_vertically_overlapping_moderate_seed20281747,7,11,4710892f7754db29,0.02450345000033849,0.011490550000416988,0.011803349999354396,0.03599400000075548,0.036306799999692885
nw_retrain_0314_vertically_overlapping_moderate_seed20281747,7,0,03a5cc6ef0984b10,0.02634935000060068,0.0118288500007111,0.011495699999613862,0.03817820000131178,0.03784505000021454
nw_retrain_0314_vertically_overlapping_moderate_seed20281747,8,15,1cbc3fa20973f0bc,0.028327899999567308,0.011308549999739625,0.012046900000314054,0.03963644999930693,0.04037479999988136
nw_retrain_0314_vertically_overlapping_moderate_seed20281747,8,12,f9934f991cbda0ba,0.0252941999997347,0.011383049999494688,0.012242650000189315,0.03667724999922939,0.037536849999924016
nw_retrain_0359_vertically_overlapping_moderate_seed20286026,1,1,e591846f01a90a88,0.0032860000001164735,0.01444175000051473,0.011714899999788031,0.017727750000631204,0.015000899999904505
nw_retrain_0359_vertically_overlapping_moderate_seed20286026,1,1,e591846f01a90a88,0.003269249999902968,0.01168269999925542,0.01278074999936507,0.014951949999158387,0.01604999999926804
nw_retrain_0359_vertically_overlapping_moderate_seed20286026,2,4,ac7e847c64d238dd,0.007832250000319618,0.01184449999982462,0.01137635000031878,0.01967675000014424,0.0192086000006384
nw_retrain_0359_vertically_overlapping_moderate_seed20286026,2,14,3c2edb7f20924340,0.008164900000338093,0.012790850000783394,0.011652750000394008,0.020955750001121487,0.0198176500007321
nw_retrain_0359_vertically_overlapping_moderate_seed20286026,3,7,88a4a3b490ff73f7,0.011294400000224414,0.011788599999817961,0.011128350000035425,0.023083000000042375,0.02242275000025984
nw_retrain_0359_vertically_overlapping_moderate_seed20286026,3,6,6df3c6dd1a94e96b,0.012023299999782466,0.011193850000381644,0.011298850000457605,0.02321715000016411,0.02332215000024007
nw_retrain_0359_vertically_overlapping_moderate_seed20286026,4,7,874d017f5de9caf9,0.013396299999840267,0.01129915000001347,0.011572150000574766,0.024695449999853736,0.024968450000415032
nw_retrain_0359_vertically_overlapping_moderate_seed20286026,4,0,bc9b6af4f8c079dd,0.013473850000082166,0.01147564999973838,0.011338199999954668,0.024949499999820546,0.024812050000036834
nw_retrain_0359_vertically_overlapping_moderate_seed20286026,5,13,841ec43293cc2fbe,0.017143350000878854,0.012275550000595103,0.011635349999778555,0.029418900001473958,0.02877870000065741
nw_retrain_0359_vertically_overlapping_moderate_seed20286026,5,12,ac1a9119d8c8a72d,0.018362550000347255,0.01114395000058721,0.01134615000046324,0.029506500000934466,0.029708700000810495
nw_retrain_0359_vertically_overlapping_moderate_seed20286026,6,2,2b983a4e312fce37,0.027493100001265702,0.011312749999888183,0.011565949999749137,0.038805850001153885,0.03905905000101484
nw_retrain_0359_vertically_overlapping_moderate_seed20286026,6,14,e34500abbe61b364,0.01740539999991597,0.011334799999531242,0.011326699999699485,0.028740199999447213,0.028732099999615457
nw_retrain_0359_vertically_overlapping_moderate_seed20286026,7,11,95e666676cc8cd37,0.03379935000066325,0.011192850000043109,0.011080999999649066,0.04499220000070636,0.04488035000031232
nw_retrain_0359_vertically_overlapping_moderate_seed20286026,7,13,160a359b9ba40ec9,0.020119650000196998,0.012050050000652845,0.011101799998868955,0.032169700000849843,0.031221449999065953
nw_retrain_0359_vertically_overlapping_moderate_seed20286026,8,7,f3343bb57c6cb769,0.033967049999773735,0.01113205000092421,0.011558299999705923,0.045099100000697945,0.04552534999947966
nw_retrain_0359_vertically_overlapping_moderate_seed20286026,8,4,ae28d56d4fc9b891,0.036448550000386604,0.01113929999883112,0.01179150000007212,0.047587849999217724,0.04824005000045872
nw_retrain_0385_crossing_hard_seed20288574,1,1,060fe03506f9729c,0.0049840000001495355,0.011342550000335905,0.011412400000153866,0.01632655000048544,0.0163964000003034
nw_retrain_0385_crossing_hard_seed20288574,1,1,060fe03506f9729c,0.005225199999586039,0.011226399999031855,0.011215800000172749,0.016451599998617894,0.016440999999758787
nw_retrain_0385_crossing_hard_seed20288574,2,1,9e4706fd268fe5cd,0.012406650000230002,0.011522200000399607,0.013187899999138608,0.02392885000062961,0.02559454999936861
nw_retrain_0385_crossing_hard_seed20288574,2,10,0a9f862be38bd6ea,0.008701700000528945,0.01143454999964888,0.011712200000147277,0.020136250000177824,0.02041390000067622
nw_retrain_0385_crossing_hard_seed20288574,3,8,3e7bea7e7c29f8b7,0.012643900000512076,0.01293104999967909,0.011634099999355385,0.025574950000191166,0.02427799999986746
nw_retrain_0385_crossing_hard_seed20288574,3,11,ccabe8de34de06f2,0.010483550000571995,0.011389100000087637,0.01137779999862687,0.021872650000659632,0.021861349999198865
nw_retrain_0385_crossing_hard_seed20288574,4,11,12d68164d632775b,0.01601314999970782,0.011736200000996178,0.011649200000647397,0.027749350000704,0.027662350000355218
nw_retrain_0385_crossing_hard_seed20288574,4,10,fb20bfcf78d7c898,0.013000199999623874,0.01141009999992093,0.011574049999580893,0.024410299999544804,0.024574249999204767
nw_retrain_0385_crossing_hard_seed20288574,5,5,7ceaf3cf0ea1aa23,0.015798449999238073,0.011024650000763359,0.011492700000417244,0.026823100000001432,0.027291149999655318
nw_retrain_0385_crossing_hard_seed20288574,5,3,c2c03248927fb1a1,0.01965780000136874,0.010987899999236106,0.011296800001218799,0.030645700000604847,0.03095460000258754
nw_retrain_0385_crossing_hard_seed20288574,6,11,305cc4f491cfe7da,0.018659999999727006,0.011014300000169897,0.012371650000204681,0.029674299999896903,0.031031649999931687
nw_retrain_0385_crossing_hard_seed20288574,6,0,82bbbf696efd536b,0.02222040000015113,0.013208299999860174,0.011456600000201433,0.035428700000011304,0.033677000000352564
nw_retrain_0385_crossing_hard_seed20288574,7,13,973ede66cb98dbe3,0.024788850000732054,0.01124834999882296,0.011372950000804849,0.036037199999555014,0.0361618000015369
nw_retrain_0385_crossing_hard_seed20288574,7,14,5d36cd600fcce415,0.023387000000184344,0.011109800000667747,0.011311250000289874,0.03449680000085209,0.03469825000047422
nw_retrain_0385_crossing_hard_seed20288574,8,7,4bf6f8c0ad43269a,0.028451549999772396,0.011192900000423833,0.011648200000308861,0.03964445000019623,0.04009975000008126
nw_retrain_0385_crossing_hard_seed20288574,8,0,ad7ce4655d660a35,0.021292849999554164,0.011302100000648352,0.011602599999605445,0.032594950000202516,0.03289544999915961
