scenario_uid,step,cand_idx,params_sha256,hr_J_star_cont,pick,pool_size,label_rank_pos,subset_tier
nw_dual_val_001,1,2,8bfd45f8ef20b307,1.53660462,median,4,2,dual:moderate
nw_dual_val_001,1,2,8bfd45f8ef20b307,1.53660462,q75,4,2,dual:moderate
nw_dual_val_001,2,1,ced9055a0f757f14,1.69923044,median,16,8,dual:moderate
nw_dual_val_001,2,0,13acbb4d7b32e138,2.26005958,q75,16,11,dual:moderate
nw_dual_val_001,3,7,0392d7e49f1408fe,2.07776732,median,16,8,dual:moderate
nw_dual_val_001,3,3,b1f88569e01359a2,3.11056877,q75,16,11,dual:moderate
nw_dual_val_001,4,3,a075455894d5adb6,3.00880019,median,16,8,dual:moderate
nw_dual_val_001,4,14,95fb2f0e564696c7,3.66855456,q75,16,11,dual:moderate
nw_dual_val_001,5,13,1807887cd476bf9f,1.94249772,median,16,8,dual:moderate
nw_dual_val_001,5,3,6dbb797ce5f5e4b5,3.467704,q75,16,11,dual:moderate
nw_dual_val_001,6,10,a5fc036e2fdf63cd,3.77327426,median,16,8,dual:moderate
nw_dual_val_001,6,6,5abd0686ec4481f3,4.39352267,q75,16,11,dual:moderate
nw_dual_val_001,7,4,422615a0de867a62,3.45753764,median,16,8,dual:moderate
nw_dual_val_001,7,11,708c7226380c8cb9,4.37742347,q75,16,11,dual:moderate
nw_dual_val_001,8,1,2bbdc9132fcd7aba,3.47440806,median,16,8,dual:moderate
nw_dual_val_001,8,4,2d68e3c01343442b,3.63867999,q75,16,11,dual:moderate
nw_dual_val_007,1,0,b2c96c5b68ae9646,0.89265144,median,4,2,dual:moderate
nw_dual_val_007,1,0,b2c96c5b68ae9646,0.89265144,q75,4,2,dual:moderate
nw_dual_val_007,2,5,cafadab1e4c39ee8,1.72790328,median,16,8,dual:moderate
nw_dual_val_007,2,12,91eb1677fd70eed5,2.90746871,q75,16,11,dual:moderate
nw_dual_val_007,3,4,825d048f6ee4f6ee,1.48162197,median,16,8,dual:moderate
nw_dual_val_007,3,8,982204c2541d34e9,1.5178315,q75,16,11,dual:moderate
nw_dual_val_007,4,2,1b120a60234a5602,1.5356974,median,16,8,dual:moderate
nw_dual_val_007,4,15,d1f3419ae61669c1,1.72298073,q75,16,11,dual:moderate
nw_dual_val_007,5,4,b212d138a23c8e12,1.74948727,median,16,8,dual:moderate
nw_dual_val_007,5,7,89d3994cd619dee9,1.86672063,q75,16,11,dual:moderate
nw_dual_val_007,6,10,ec771efb8e140e8c,1.94294162,median,16,8,dual:moderate
nw_dual_val_007,6,12,6a527adc6affec75,2.09967986,q75,16,11,dual:moderate
nw_dual_val_007,7,6,ad5ef4fb1a708e05,3.07138256,median,16,8,dual:moderate
nw_dual_val_007,7,8,872389dba48c1800,3.14611732,q75,16,11,dual:moderate
nw_dual_val_007,8,15,3e34e65dfc284b6b,3.15967281,median,16,8,dual:moderate
nw_dual_val_007,8,13,0431ae0d06883a5a,3.22029018,q75,16,11,dual:moderate
nw_dual_val_011,1,1,10d6e2c6550f525d,1.24239389,median,4,2,dual:near-boundary
nw_dual_val_011,1,1,10d6e2c6550f525d,1.24239389,q75,4,2,dual:near-boundary
nw_dual_val_011,2,4,5f66431b1bce0d41,1.33900525,median,16,8,dual:near-boundary
nw_dual_val_011,2,6,73fdfb763d00ea91,1.58553439,q75,16,11,dual:near-boundary
nw_dual_val_011,3,12,3dcf41df119b2710,1.83174811,median,16,8,dual:near-boundary
nw_dual_val_011,3,15,50d14496c60b8518,3.19937796,q75,16,11,dual:near-boundary
nw_dual_val_011,4,6,d1ca10af32118375,1.94937479,median,16,8,dual:near-boundary
nw_dual_val_011,4,9,95efe494d70622d5,4.66640905,q75,16,11,dual:near-boundary
nw_dual_val_011,5,5,97d6634de373808d,1.88307422,median,16,8,dual:near-boundary
nw_dual_val_011,5,7,964ba9566a3bf838,1.99105409,q75,16,11,dual:near-boundary
nw_dual_val_011,6,15,8d46ce2b894dd76f,1.82301694,median,16,8,dual:near-boundary
nw_dual_val_011,6,6,cf351e6e2cb740ee,2.16516083,q75,16,11,dual:near-boundary
nw_dual_val_011,7,11,4553d6a4cda035b3,2.02251447,median,16,8,dual:near-boundary
nw_dual_val_011,7,9,3a6fd6c954445725,2.06479358,q75,16,11,dual:near-boundary
nw_dual_val_011,8,5,fd398f94672fb519,2.10759455,median,16,8,dual:near-boundary
nw_dual_val_011,8,10,41b486747cf6a45e,2.23763442,q75,16,11,dual:near-boundary
nw_dual_val_017,1,2,b07e90db8a908479,1.20676962,median,4,2,dual:near-boundary
nw_dual_val_017,1,2,b07e90db8a908479,1.20676962,q75,4,2,dual:near-boundary
nw_dual_val_017,2,15,e9e6f6eb18a4be12,1.53162585,median,16,8,dual:near-boundary
nw_dual_val_017,2,13,96b7e626e946b5e6,1.73488775,q75,16,11,dual:near-boundary
nw_dual_val_017,3,1,2fad9a4290502cd4,1.38019968,median,16,8,dual:near-boundary
nw_dual_val_017,3,15,1fe551a02ed48817,1.69990022,q75,16,11,dual:near-boundary
nw_dual_val_017,4,0,b57b9a7c08fa2f29,2.78768849,median,16,8,dual:near-boundary
nw_dual_val_017,4,1,63ab9a22a5c6e4e4,8.40456924,q75,16,11,dual:near-boundary
nw_dual_val_017,5,4,01b219d96426fc94,1.66708451,median,16,8,dual:near-boundary
nw_dual_val_017,5,15,af6422566d74a487,1.87233556,q75,16,11,dual:near-boundary
nw_dual_val_017,6,0,328b1ebe285ceca5,1.92526691,median,16,8,dual:near-boundary
nw_dual_val_017,6,1,cebc29a703631d34,2.14429744,q75,16,11,dual:near-boundary
nw_dual_val_017,7,9,c59efa7351bd0c4f,2.78501584,median,16,8,dual:near-boundary
nw_dual_val_017,7,15,417f9250c896b067,3.80743566,q75,16,11,dual:near-boundary
nw_dual_val_017,8,7,0bbcd2aa2a8d90d3,2.67751209,median,16,8,dual:near-boundary
nw_dual_val_017,8,2,7259a7c6a1cfdba1,2.81127405,q75,16,11,dual:near-boundary
nw_dual_val_021,1,2,13c09516f41f3fd1,7.95622621,median,4,2,dual:hard
nw_dual_val_021,1,2,13c09516f41f3fd1,7.95622621,q75,4,2,dual:hard
nw_dual_val_021,2,9,85cda8080ce0586b,7.65996026,median,16,8,dual:hard
nw_dual_val_021,2,12,d8780f45e8de669f,16.61199478,q75,16,11,dual:hard
nw_dual_val_021,3,10,77de242668462fe3,1.82781163,median,16,8,dual:hard
nw_dual_val_021,3,15,6e57114a0e551722,3.14662931,q75,16,11,dual:hard
nw_dual_val_021,4,12,995cc5b24a0e6e6f,2.00951178,median,16,8,dual:hard
nw_dual_val_021,4,6,cf3e8b848e0ba7b7,2.19503798,q75,16,11,dual:hard
nw_dual_val_021,5,0,3351aaebbf06eedf,2.90372663,median,16,8,dual:hard
nw_dual_val_021,5,3,5bdfc7af9f6dac58,3.11313124,q75,16,11,dual:hard
nw_dual_val_021,6,7,c257cd95f7f3eb1a,2.72297588,median,16,8,dual:hard
nw_dual_val_021,6,3,75802c9f6ec510b4,3.04276891,q75,16,11,dual:hard
nw_dual_val_021,7,13,941cd06746702737,2.67232956,median,16,8,dual:hard
nw_dual_val_021,7,11,2ba12f6784b90beb,3.15128349,q75,16,11,dual:hard
nw_dual_val_021,8,3,321efd65c76dcd30,2.88090486,median,16,8,dual:hard
nw_dual_val_021,8,4,3f5a44324b81ca32,3.09612847,q75,16,11,dual:hard
nw_dual_val_030,1,2,e5073899a44f5fd8,1.69580723,median,4,2,dual:near-boundary
nw_dual_val_030,1,2,e5073899a44f5fd8,1.69580723,q75,4,2,dual:near-boundary
nw_dual_val_030,2,15,82e67e488e257bfe,7.24503457,median,16,8,dual:near-boundary
nw_dual_val_030,2,10,0e5ab715574d1396,18.848331,q75,16,11,dual:near-boundary
nw_dual_val_030,3,4,6933f6d99e10a424,2.04027851,median,16,8,dual:near-boundary
nw_dual_val_030,3,0,d3e16112caaf3b1b,2.16062981,q75,16,11,dual:near-boundary
nw_dual_val_030,4,1,1a2bffae2dfc442f,2.26376966,median,16,8,dual:near-boundary
nw_dual_val_030,4,15,e1d1373da84481f8,2.3952574,q75,16,11,dual:near-boundary
nw_dual_val_030,5,10,56417c00bfd1b0b3,1.85392813,median,16,8,dual:near-boundary
nw_dual_val_030,5,6,87146c6df6cce7a4,3.8674032,q75,16,11,dual:near-boundary
nw_dual_val_030,6,4,6c81b620e284a5db,1.96844203,median,16,8,dual:near-boundary
nw_dual_val_030,6,3,8aec1be75fff08d1,2.18128156,q75,16,11,dual:near-boundary
nw_dual_val_030,7,10,c382abb9e65f8aca,2.40861849,median,16,8,dual:near-boundary
nw_dual_val_030,7,7,0f97b8beb16e99c3,2.82896779,q75,16,11,dual:near-boundary
nw_dual_val_030,8,7,8dcae5d8e355b778,2.59234088,median,16,8,dual:near-boundary
nw_dual_val_030,8,9,07286bfb02c39041,2.85379742,q75,16,11,dual:near-boundary
nw_dual_val_034,1,3,0eeabf7debfff756,1.51966207,median,4,2,dual:hard
nw_dual_val_034,1,3,0eeabf7debfff756,1.51966207,q75,4,2,dual:hard
nw_dual_val_034,2,11,b73e68392ae0e8b3,1.75014752,median,16,8,dual:hard
nw_dual_val_034,2,14,afe4a72d4715e258,7.99851442,q75,16,11,dual:hard
nw_dual_val_034,3,4,6862b9ea3f562efa,1.84017907,median,16,8,dual:hard
nw_dual_val_034,3,7,bc69cae685518c83,2.39095842,q75,16,11,dual:hard
nw_dual_val_034,4,11,ed93e28e494a38de,2.05549842,median,16,8,dual:hard
nw_dual_val_034,4,6,8f48a6bc6644b921,2.56044807,q75,16,11,dual:hard
nw_dual_val_034,5,1,faecf1ac8d2864b9,1.86193754,median,16,8,dual:hard
nw_dual_val_034,5,2,e118e02c533eafc2,2.12518811,q75,16,11,dual:hard
nw_dual_val_034,6,8,f9d843d505607328,2.5863015,median,16,8,dual:hard
nw_dual_val_034,6,7,738b2706638968a1,3.16413135,q75,16,11,dual:hard
nw_dual_val_034,7,13,74f8b4ced3190a8b,2.6489703,median,16,8,dual:hard
nw_dual_val_034,7,15,18d160dae468b721,4.22830825,q75,16,11,dual:hard
nw_dual_val_034,8,14,71a0b0845b2ad8a7,2.7894368,median,16,8,dual:hard
nw_dual_val_034,8,7,b8e7237918aec573,2.99343751,q75,16,11,dual:hard
nw_dual_val_037,1,1,8fe4375cd2be7b93,3.15302882,median,4,2,dual:moderate
nw_dual_val_037,1,1,8fe4375cd2be7b93,3.15302882,q75,4,2,dual:moderate
nw_dual_val_037,2,11,fca0d6eb7f622e23,2.04510801,median,16,8,dual:moderate
nw_dual_val_037,2,12,ddfaf34a5f9d57e7,18.0539391,q75,16,11,dual:moderate
nw_dual_val_037,3,7,a487b352465e7613,1.28971069,median,16,8,dual:moderate
nw_dual_val_037,3,2,6d4dde82c8aa13c4,2.24157685,q75,16,11,dual:moderate
nw_dual_val_037,4,5,68e80729739b00be,4.09372098,median,16,8,dual:moderate
nw_dual_val_037,4,9,6c06a74213fcf3ae,7.42819426,q75,16,11,dual:moderate
nw_dual_val_037,5,7,f3050a81580f7604,10.90264945,median,16,8,dual:moderate
nw_dual_val_037,5,5,9705fd453b68aa6b,12.1402093,q75,16,11,dual:moderate
nw_dual_val_037,6,12,702b0ccbd9c626ad,3.92622393,median,16,8,dual:moderate
nw_dual_val_037,6,9,6e1f402129fa40ba,6.21519574,q75,16,11,dual:moderate
nw_dual_val_037,7,4,a6f1a2f7581e167d,4.18215482,median,16,8,dual:moderate
nw_dual_val_037,7,14,266c8fdb27d901a2,7.97563657,q75,16,11,dual:moderate
nw_dual_val_037,8,8,0c0f4f029e308f16,6.13815015,median,16,8,dual:moderate
nw_dual_val_037,8,4,09260150ba1b8f7c,8.77328866,q75,16,11,dual:moderate
nw_dual_val_040,1,1,1983435d8cfe5621,7.60064843,median,4,2,dual:hard
nw_dual_val_040,1,1,1983435d8cfe5621,7.60064843,q75,4,2,dual:hard
nw_dual_val_040,2,8,a7711cc2fbc66ce3,4.39918895,median,16,8,dual:hard
nw_dual_val_040,2,14,a402d72c824f2cbd,58.51824665,q75,16,11,dual:hard
nw_dual_val_040,3,10,fb7519fa68f63f21,1.81330259,median,16,8,dual:hard
nw_dual_val_040,3,6,80273cdc61ef54f8,3.73029998,q75,16,11,dual:hard
nw_dual_val_040,4,15,36fe2af3454b2839,2.55068338,median,16,8,dual:hard
nw_dual_val_040,4,3,d72e4d7a9dde72c7,10.1024233,q75,16,11,dual:hard
nw_dual_val_040,5,1,696215cbe4f24370,2.60552965,median,16,8,dual:hard
nw_dual_val_040,5,4,62159899b5525a90,3.42158472,q75,16,11,dual:hard
nw_dual_val_040,6,1,93ac0920131b65ed,2.23061673,median,16,8,dual:hard
nw_dual_val_040,6,10,d908210c2e9a42ed,2.56456579,q75,16,11,dual:hard
nw_dual_val_040,7,11,77dce38cd46659c2,2.44691535,median,16,8,dual:hard
nw_dual_val_040,7,6,3232a4fac2b3055a,3.7652208,q75,16,11,dual:hard
nw_dual_val_040,8,3,581c4808c0ae0e28,4.33543446,median,16,8,dual:hard
nw_dual_val_040,8,8,66504d87acbddc30,6.14928991,q75,16,11,dual:hard
nw_retrain_0024_converging_hard_seed20253196,1,2,f068509d028acf56,23.50821117,median,4,2,retrain:hard
nw_retrain_0024_converging_hard_seed20253196,1,2,f068509d028acf56,23.50821117,q75,4,2,retrain:hard
nw_retrain_0024_converging_hard_seed20253196,2,9,a62b12d3a9cd7800,49.21485634,median,16,8,retrain:hard
nw_retrain_0024_converging_hard_seed20253196,2,8,e3d2d1ccc7ae0470,90.4957966,q75,16,11,retrain:hard
nw_retrain_0024_converging_hard_seed20253196,3,6,e59189066c430b84,12.27672467,median,16,8,retrain:hard
nw_retrain_0024_converging_hard_seed20253196,3,0,ca30744b53ca536f,24.21817629,q75,16,11,retrain:hard
nw_retrain_0024_converging_hard_seed20253196,4,13,e363238914b7de19,15.48963538,median,16,8,retrain:hard
nw_retrain_0024_converging_hard_seed20253196,4,10,5d8e77ed0093812e,52.52278519,q75,16,11,retrain:hard
nw_retrain_0024_converging_hard_seed20253196,5,1,79a82efbe842f84e,30.39754532,median,16,8,retrain:hard
nw_retrain_0024_converging_hard_seed20253196,5,5,3f37f33ad7838062,59.1060042,q75,16,11,retrain:hard
nw_retrain_0024_converging_hard_seed20253196,6,1,adac450ed18bded3,63.32963231,median,16,8,retrain:hard
nw_retrain_0024_converging_hard_seed20253196,6,9,20b2a37a204b8596,232.60986788,q75,16,11,retrain:hard
nw_retrain_0024_converging_hard_seed20253196,7,2,d7c6101665975693,9.35565379,median,16,8,retrain:hard
nw_retrain_0024_converging_hard_seed20253196,7,11,8d2c5c302f15fefa,29.13792067,q75,16,11,retrain:hard
nw_retrain_0024_converging_hard_seed20253196,8,2,8377da2cb120efb3,15.52743139,median,16,8,retrain:hard
nw_retrain_0024_converging_hard_seed20253196,8,11,36271775eb17977c,39.89853521,q75,16,11,retrain:hard
nw_retrain_0077_none_easy_seed20258521,1,2,ce074dbca56841c9,13.05565752,median,4,2,retrain:easy
nw_retrain_0077_none_easy_seed20258521,1,2,ce074dbca56841c9,13.05565752,q75,4,2,retrain:easy
nw_retrain_0077_none_easy_seed20258521,2,10,d2146c4a9716de6a,26.19927123,median,16,8,retrain:easy
nw_retrain_0077_none_easy_seed20258521,2,13,631349bf61d23133,79.90445755,q75,16,11,retrain:easy
nw_retrain_0077_none_easy_seed20258521,3,7,560904d53fb4b86a,5.90792427,median,16,8,retrain:easy
nw_retrain_0077_none_easy_seed20258521,3,9,39866d32bcde962d,7.30278806,q75,16,11,retrain:easy
nw_retrain_0077_none_easy_seed20258521,4,7,a18e0485925bb78c,7.20669846,median,16,8,retrain:easy
nw_retrain_0077_none_easy_seed20258521,4,15,7d84638ed265e949,9.66818249,q75,16,11,retrain:easy
nw_retrain_0077_none_easy_seed20258521,5,11,29c95812d41bf12d,5.92505334,median,16,8,retrain:easy
nw_retrain_0077_none_easy_seed20258521,5,10,94f0abdddddb2dd4,12.54975908,q75,16,11,retrain:easy
nw_retrain_0077_none_easy_seed20258521,6,5,eddc5c2ceb7269cc,9.72493807,median,16,8,retrain:easy
nw_retrain_0077_none_easy_seed20258521,6,11,16d7bc925acc2d58,25.01019963,q75,16,11,retrain:easy
nw_retrain_0077_none_easy_seed20258521,7,10,27cee85467d19085,17.90214634,median,16,8,retrain:easy
nw_retrain_0077_none_easy_seed20258521,7,9,896ca09b55a29f42,19.14091976,q75,16,11,retrain:easy
nw_retrain_0077_none_easy_seed20258521,8,6,82889ceae8574ace,16.19867457,median,16,8,retrain:easy
nw_retrain_0077_none_easy_seed20258521,8,10,6de5270cc751ff2b,19.61101387,q75,16,11,retrain:easy
nw_retrain_0086_vertically_overlapping_hard_seed20259272,1,3,f386e5305eb8d6b0,14.5870853,median,4,2,retrain:hard
nw_retrain_0086_vertically_overlapping_hard_seed20259272,1,3,f386e5305eb8d6b0,14.5870853,q75,4,2,retrain:hard
nw_retrain_0086_vertically_overlapping_hard_seed20259272,2,7,cb601d6f5a58a204,12.33441858,median,16,8,retrain:hard
nw_retrain_0086_vertically_overlapping_hard_seed20259272,2,14,ea2ac48404d70d41,24.56604584,q75,16,11,retrain:hard
nw_retrain_0086_vertically_overlapping_hard_seed20259272,3,3,f4fef43e57075a7a,10.5404322,median,16,8,retrain:hard
nw_retrain_0086_vertically_overlapping_hard_seed20259272,3,8,4bc973d1f5a70ee8,18.78871607,q75,16,11,retrain:hard
nw_retrain_0086_vertically_overlapping_hard_seed20259272,4,9,1cb80079c4b60194,12.38921396,median,16,8,retrain:hard
nw_retrain_0086_vertically_overlapping_hard_seed20259272,4,4,f94b8ea4d4b07aa0,24.94771269,q75,16,11,retrain:hard
nw_retrain_0086_vertically_overlapping_hard_seed20259272,5,15,5b031503d2a96924,15.92988882,median,16,8,retrain:hard
nw_retrain_0086_vertically_overlapping_hard_seed20259272,5,3,ad56cdfa711095cf,44.3675948,q75,16,11,retrain:hard
nw_retrain_0086_vertically_overlapping_hard_seed20259272,6,13,1d985df714be4f23,21.43509483,median,16,8,retrain:hard
nw_retrain_0086_vertically_overlapping_hard_seed20259272,6,7,180c8aef2436636d,32.29152287,q75,16,11,retrain:hard
nw_retrain_0086_vertically_overlapping_hard_seed20259272,7,12,344da4b30be574bd,19.1573342,median,16,8,retrain:hard
nw_retrain_0086_vertically_overlapping_hard_seed20259272,7,13,8934f3367c1e8c17,20.53979255,q75,16,11,retrain:hard
nw_retrain_0086_vertically_overlapping_hard_seed20259272,8,10,39726a0cbec2920b,19.14479644,median,16,8,retrain:hard
nw_retrain_0086_vertically_overlapping_hard_seed20259272,8,5,e4d4917d9829d922,49.8803887,q75,16,11,retrain:hard
nw_retrain_0143_none_easy_seed20264858,1,1,801b2be5d9f6a2c3,21.12731907,median,4,2,retrain:easy
nw_retrain_0143_none_easy_seed20264858,1,1,801b2be5d9f6a2c3,21.12731907,q75,4,2,retrain:easy
nw_retrain_0143_none_easy_seed20264858,2,6,eb522d1e5668509e,21.98496864,median,16,8,retrain:easy
nw_retrain_0143_none_easy_seed20264858,2,12,18a0f64b1955bdd8,189.68077625,q75,16,11,retrain:easy
nw_retrain_0143_none_easy_seed20264858,3,3,8a9bb344f3509e81,7.65416703,median,16,8,retrain:easy
nw_retrain_0143_none_easy_seed20264858,3,2,d5f1e9cba1fef09c,16.89905858,q75,16,11,retrain:easy
nw_retrain_0143_none_easy_seed20264858,4,11,df226ba05dba1809,12.62721268,median,16,8,retrain:easy
nw_retrain_0143_none_easy_seed20264858,4,15,869bd46b4b290a3d,15.07106976,q75,16,11,retrain:easy
nw_retrain_0143_none_easy_seed20264858,5,13,1219845a11f1a101,53.92936574,median,16,8,retrain:easy
nw_retrain_0143_none_easy_seed20264858,5,7,b178b4b9930a2f9c,70.80525334,q75,16,11,retrain:easy
nw_retrain_0143_none_easy_seed20264858,6,15,38a91f8f6b67644b,28.02144069,median,16,8,retrain:easy
nw_retrain_0143_none_easy_seed20264858,6,12,148bba12d8fae7a5,62.12929853,q75,16,11,retrain:easy
nw_retrain_0143_none_easy_seed20264858,7,14,127a2bf762745e92,56.2465805,median,16,8,retrain:easy
nw_retrain_0143_none_easy_seed20264858,7,8,6bd6092ea1dea471,68.03005176,q75,16,11,retrain:easy
nw_retrain_0143_none_easy_seed20264858,8,0,6a95489cb8c0a039,89.15183807,median,16,8,retrain:easy
nw_retrain_0143_none_easy_seed20264858,8,1,ec7822662cb7264b,102.72353164,q75,16,11,retrain:easy
nw_retrain_0156_crossing_easy_seed20266132,1,0,f22e1d59d45b365e,69.38330874,median,4,2,retrain:easy
nw_retrain_0156_crossing_easy_seed20266132,1,0,f22e1d59d45b365e,69.38330874,q75,4,2,retrain:easy
nw_retrain_0156_crossing_easy_seed20266132,2,9,551c25aa0213e2a6,158.79659235,median,16,8,retrain:easy
nw_retrain_0156_crossing_easy_seed20266132,2,2,6aaa2269eff9e444,3099.17759067,q75,16,11,retrain:easy
nw_retrain_0156_crossing_easy_seed20266132,3,15,8bb2606ca3765f5c,41.41127139,median,16,8,retrain:easy
nw_retrain_0156_crossing_easy_seed20266132,3,12,a6a68a6fe32e985d,57.11960279,q75,16,11,retrain:easy
nw_retrain_0156_crossing_easy_seed20266132,4,13,47790abca2906028,65.35578814,median,16,8,retrain:easy
nw_retrain_0156_crossing_easy_seed20266132,4,5,c813719562a28a6d,178.71899278,q75,16,11,retrain:easy
nw_retrain_0156_crossing_easy_seed20266132,5,15,3ed6b2f252a26e52,37.55224535,median,16,8,retrain:easy
nw_retrain_0156_crossing_easy_seed20266132,5,4,d4dbbda5f072a2c7,64.60360332,q75,16,11,retrain:easy
nw_retrain_0156_crossing_easy_seed20266132,6,12,e26729de364a2d01,78.37766714,median,16,8,retrain:easy
nw_retrain_0156_crossing_easy_seed20266132,6,15,0e7db41a383f80cf,232.51987424,q75,16,11,retrain:easy
nw_retrain_0156_crossing_easy_seed20266132,7,12,55c83ee8082ad8a0,94.56152773,median,16,8,retrain:easy
nw_retrain_0156_crossing_easy_seed20266132,7,7,4b998f429efe854f,234.54313609,q75,16,11,retrain:easy
nw_retrain_0156_crossing_easy_seed20266132,8,15,69a83cda715d566d,162.65813416,median,16,8,retrain:easy
nw_retrain_0156_crossing_easy_seed20266132,8,9,3abae7da19213a41,178.79758255,q75,16,11,retrain:easy
nw_retrain_0310_approximately_parallel_moderate_seed20281224,1,3,1f36db302e2e2901,31.09912698,median,4,2,retrain:moderate
nw_retrain_0310_approximately_parallel_moderate_seed20281224,1,3,1f36db302e2e2901,31.09912698,q75,4,2,retrain:moderate
nw_retrain_0310_approximately_parallel_moderate_seed20281224,2,8,5a86169bc70d22fc,24.36394113,median,16,8,retrain:moderate
nw_retrain_0310_approximately_parallel_moderate_seed20281224,2,11,bfb8dac462df3049,32.65418265,q75,16,11,retrain:moderate
nw_retrain_0310_approximately_parallel_moderate_seed20281224,3,3,8f6d6e6b1a252494,27.43582785,median,16,8,retrain:moderate
nw_retrain_0310_approximately_parallel_moderate_seed20281224,3,7,8de0544bca5a258d,39.1649321,q75,16,11,retrain:moderate
nw_retrain_0310_approximately_parallel_moderate_seed20281224,4,5,05708eb699978ac2,26.66878453,median,16,8,retrain:moderate
nw_retrain_0310_approximately_parallel_moderate_seed20281224,4,4,db95252783bc525b,30.71836111,q75,16,11,retrain:moderate
nw_retrain_0310_approximately_parallel_moderate_seed20281224,5,7,27fa1863ebb220d2,30.58991594,median,16,8,retrain:moderate
nw_retrain_0310_approximately_parallel_moderate_seed20281224,5,13,b66446b9d95e9e22,68.05828013,q75,16,11,retrain:moderate
nw_retrain_0310_approximately_parallel_moderate_seed20281224,6,1,db4fe7830a424d05,93.92919871,median,16,8,retrain:moderate
nw_retrain_0310_approximately_parallel_moderate_seed20281224,6,3,e5234590d7df90d7,114.89869938,q75,16,11,retrain:moderate
nw_retrain_0310_approximately_parallel_moderate_seed20281224,7,3,be00558afb968233,94.10445146,median,16,8,retrain:moderate
nw_retrain_0310_approximately_parallel_moderate_seed20281224,7,15,014c2ec1f3a8bc6b,106.28264344,q75,16,11,retrain:moderate
nw_retrain_0310_approximately_parallel_moderate_seed20281224,8,4,d4df3b4ec0cfc594,70.93253916,median,16,8,retrain:moderate
nw_retrain_0310_approximately_parallel_moderate_seed20281224,8,15,f3ef937539c39b9f,94.1825207,q75,16,11,retrain:moderate
nw_retrain_0314_vertically_overlapping_moderate_seed20281747,1,1,146db52d49bfa8b0,24.50057206,median,4,2,retrain:moderate
nw_retrain_0314_vertically_overlapping_moderate_seed20281747,1,1,146db52d49bfa8b0,24.50057206,q75,4,2,retrain:moderate
nw_retrain_0314_vertically_overlapping_moderate_seed20281747,2,13,d5c1d95e5e535c85,72.72660487,median,16,8,retrain:moderate
nw_retrain_0314_vertically_overlapping_moderate_seed20281747,2,9,29cfc7dd60cc1772,5077.50686775,q75,16,11,retrain:moderate
nw_retrain_0314_vertically_overlapping_moderate_seed20281747,3,8,cebd74f03d684477,21.20597214,median,16,8,retrain:moderate
nw_retrain_0314_vertically_overlapping_moderate_seed20281747,3,4,fb9b882737e81288,26.29655523,q75,16,11,retrain:moderate
nw_retrain_0314_vertically_overlapping_moderate_seed20281747,4,14,4162cb79689d217c,24.3476035,median,16,8,retrain:moderate
nw_retrain_0314_vertically_overlapping_moderate_seed20281747,4,15,7a5e4ec8c9b909cd,30.36972261,q75,16,11,retrain:moderate
nw_retrain_0314_vertically_overlapping_moderate_seed20281747,5,8,8bc407ee85c02d0a,20.06591355,median,16,8,retrain:moderate
nw_retrain_0314_vertically_overlapping_moderate_seed20281747,5,10,54dc652413a368dc,34.72737858,q75,16,11,retrain:moderate
nw_retrain_0314_vertically_overlapping_moderate_seed20281747,6,11,d234530eb0f44050,40.58115237,median,16,8,retrain:moderate
nw_retrain_0314_vertically_overlapping_moderate_seed20281747,6,13,df7fe2bc9592477b,97.54202819,q75,16,11,retrain:moderate
nw_retrain_0314_vertically_overlapping_moderate_seed20281747,7,11,4710892f7754db29,71.9111578,median,16,8,retrain:moderate
nw_retrain_0314_vertically_overlapping_moderate_seed20281747,7,0,03a5cc6ef0984b10,94.0944303,q75,16,11,retrain:moderate
nw_retrain_0314_vertically_overlapping_moderate_seed20281747,8,15,1cbc3fa20973f0bc,122.25374905,median,16,8,retrain:moderate
nw_retrain_0314_vertically_overlapping_moderate_seed20281747,8,12,f9934f991cbda0ba,122.81443005,q75,16,11,retrain:moderate
nw_retrain_0359_vertically_overlapping_moderate_seed20286026,1,1,e591846f01a90a88,33.71952909,median,4,2,retrain:moderate
nw_retrain_0359_vertically_overlapping_moderate_seed20286026,1,1,e591846f01a90a88,33.71952909,q75,4,2,retrain:moderate
nw_retrain_0359_vertically_overlapping_moderate_seed20286026,2,4,ac7e847c64d238dd,38.33296901,median,16,8,retrain:moderate
nw_retrain_0359_vertically_overlapping_moderate_seed20286026,2,14,3c2edb7f20924340,86.27422801,q75,16,11,retrain:moderate
nw_retrain_0359_vertically_overlapping_moderate_seed20286026,3,7,88a4a3b490ff73f7,26.15743201,median,16,8,retrain:moderate
nw_retrain_0359_vertically_overlapping_moderate_seed20286026,3,6,6df3c6dd1a94e96b,29.91082897,q75,16,11,retrain:moderate
nw_retrain_0359_vertically_overlapping_moderate_seed20286026,4,7,874d017f5de9caf9,16.7897626,median,16,8,retrain:moderate
nw_retrain_0359_vertically_overlapping_moderate_seed20286026,4,0,bc9b6af4f8c079dd,23.48295735,q75,16,11,retrain:moderate
nw_retrain_0359_vertically_overlapping_moderate_seed20286026,5,13,841ec43293cc2fbe,29.71302902,median,16,8,retrain:moderate
nw_retrain_0359_vertically_overlapping_moderate_seed20286026,5,12,ac1a9119d8c8a72d,73.98360529,q75,16,11,retrain:moderate
nw_retrain_0359_vertically_overlapping_moderate_seed20286026,6,2,2b983a4e312fce37,44.20525439,median,16,8,retrain:moderate
nw_retrain_0359_vertically_overlapping_moderate_seed20286026,6,14,e34500abbe61b364,338.68795235,q75,16,11,retrain:moderate
nw_retrain_0359_vertically_overlapping_moderate_seed20286026,7,11,95e666676cc8cd37,48.43737957,median,16,8,retrain:moderate
nw_retrain_0359_vertically_overlapping_moderate_seed20286026,7,13,160a359b9ba40ec9,104.22404161,q75,16,11,retrain:moderate
nw_retrain_0359_vertically_overlapping_moderate_seed20286026,8,7,f3343bb57c6cb769,46.74007957,median,16,8,retrain:moderate
nw_retrain_0359_vertically_overlapping_moderate_seed20286026,8,4,ae28d56d4fc9b891,48.744057,q75,16,11,retrain:moderate
nw_retrain_0385_crossing_hard_seed20288574,1,1,060fe03506f9729c,91.98394072,median,4,2,retrain:hard
nw_retrain_0385_crossing_hard_seed20288574,1,1,060fe03506f9729c,91.98394072,q75,4,2,retrain:hard
nw_retrain_0385_crossing_hard_seed20288574,2,1,9e4706fd268fe5cd,6302.16713807,median,16,8,retrain:hard
nw_retrain_0385_crossing_hard_seed20288574,2,10,0a9f862be38bd6ea,11322.83204271,q75,16,11,retrain:hard
nw_retrain_0385_crossing_hard_seed20288574,3,8,3e7bea7e7c29f8b7,29.14436918,median,16,8,retrain:hard
nw_retrain_0385_crossing_hard_seed20288574,3,11,ccabe8de34de06f2,49.31415086,q75,16,11,retrain:hard
nw_retrain_0385_crossing_hard_seed20288574,4,11,12d68164d632775b,49.31027957,median,16,8,retrain:hard
nw_retrain_0385_crossing_hard_seed20288574,4,10,fb20bfcf78d7c898,1066.08467072,q75,16,11,retrain:hard
nw_retrain_0385_crossing_hard_seed20288574,5,5,7ceaf3cf0ea1aa23,25.88277606,median,16,8,retrain:hard
nw_retrain_0385_crossing_hard_seed20288574,5,3,c2c03248927fb1a1,50.07034302,q75,16,11,retrain:hard
nw_retrain_0385_crossing_hard_seed20288574,6,11,305cc4f491cfe7da,29.60615098,median,16,8,retrain:hard
nw_retrain_0385_crossing_hard_seed20288574,6,0,82bbbf696efd536b,134.16920627,q75,16,11,retrain:hard
nw_retrain_0385_crossing_hard_seed20288574,7,13,973ede66cb98dbe3,79.7263987,median,16,8,retrain:hard
nw_retrain_0385_crossing_hard_seed20288574,7,14,5d36cd600fcce415,124.95582405,q75,16,11,retrain:hard
nw_retrain_0385_crossing_hard_seed20288574,8,7,4bf6f8c0ad43269a,99.64876708,median,16,8,retrain:hard
nw_retrain_0385_crossing_hard_seed20288574,8,0,ad7ce4655d660a35,124.88075571,q75,16,11,retrain:hard
